concept_name,table_name,field_name,concept_with_context
Waves3+4,patient,cohort,patient_cohort_Waves3+4
Waves1+2,patient,cohort,patient_cohort_Waves1+2
Both,patient,cohort,patient_cohort_Both
Male,patient,gender,patient_gender_Male
Female,patient,gender,patient_gender_Female
White,patient,self_reported_race,patient_self_reported_race_White
Unknown,patient,self_reported_race,patient_self_reported_race_Unknown
Asian,patient,self_reported_race,patient_self_reported_race_Asian
Black,patient,self_reported_race,patient_self_reported_race_Black
PacificIslander,patient,self_reported_race,patient_self_reported_race_PacificIslander
Multiracial,patient,self_reported_race,patient_self_reported_race_Multiracial
AmericanIndian,patient,self_reported_race,patient_self_reported_race_AmericanIndian
Declined,patient,self_reported_race,patient_self_reported_race_Declined
NON-HISPANIC,patient,self_reported_ethnicity,patient_self_reported_ethnicity_NON-HISPANIC
UNKNOWN,patient,self_reported_ethnicity,patient_self_reported_ethnicity_UNKNOWN
HISPANIC,patient,self_reported_ethnicity,patient_self_reported_ethnicity_HISPANIC
DECLINED,patient,self_reported_ethnicity,patient_self_reported_ethnicity_DECLINED
Prostate Cancer,patient,prior_malignancy,patient_prior_malignancy_Prostate Cancer
Endometrial cancer|Lobular carcinoma in situ,patient,prior_malignancy,patient_prior_malignancy_Endometrial cancer|Lobular carcinoma in situ
Breast Cancer,patient,prior_malignancy,patient_prior_malignancy_Breast Cancer
Squamous cell carcinoma,patient,prior_malignancy,patient_prior_malignancy_Squamous cell carcinoma
Hodgkin Lymphoma,patient,prior_malignancy,patient_prior_malignancy_Hodgkin Lymphoma
Ovarian cancer,patient,prior_malignancy,patient_prior_malignancy_Ovarian cancer
Esophageal Cancer,patient,prior_malignancy,patient_prior_malignancy_Esophageal Cancer
Basal Cell Carcinoma,patient,prior_malignancy,patient_prior_malignancy_Basal Cell Carcinoma
Uterine Sarcoma,patient,prior_malignancy,patient_prior_malignancy_Uterine Sarcoma
Non-Hodgkins Lymphoma,patient,prior_malignancy,patient_prior_malignancy_Non-Hodgkins Lymphoma
Melanoma,patient,prior_malignancy,patient_prior_malignancy_Melanoma
Lung Cancer,patient,prior_malignancy,patient_prior_malignancy_Lung Cancer
Skin cancer,patient,prior_malignancy,patient_prior_malignancy_Skin cancer
Squamous cell carcinoma|Renal cell carcinoma,patient,prior_malignancy,patient_prior_malignancy_Squamous cell carcinoma|Renal cell carcinoma
Adenocarcinoma,patient,prior_malignancy,patient_prior_malignancy_Adenocarcinoma
Bladder Cancer,patient,prior_malignancy,patient_prior_malignancy_Bladder Cancer
Other malignant neoplasm without specification of site,patient,prior_malignancy,patient_prior_malignancy_Other malignant neoplasm without specification of site
Anal carcinoma|Breast Cancer,patient,prior_malignancy,patient_prior_malignancy_Anal carcinoma|Breast Cancer
Colon Cancer,patient,prior_malignancy,patient_prior_malignancy_Colon Cancer
Multiple Sclerosis,patient,prior_malignancy,patient_prior_malignancy_Multiple Sclerosis
Brain Cancer,patient,prior_malignancy,patient_prior_malignancy_Brain Cancer
Acute Promyelocytic Leukemia,patient,prior_malignancy,patient_prior_malignancy_Acute Promyelocytic Leukemia
Basal Cell Carcinoma|Squamous cell carcinoma,patient,prior_malignancy,patient_prior_malignancy_Basal Cell Carcinoma|Squamous cell carcinoma
Mature B-Cell Neoplasm,patient,prior_malignancy,patient_prior_malignancy_Mature B-Cell Neoplasm
Rectal Cancer,patient,prior_malignancy,patient_prior_malignancy_Rectal Cancer
Uterine Sarcoma|Breast Cancer,patient,prior_malignancy,patient_prior_malignancy_Uterine Sarcoma|Breast Cancer
Cervical Cancer,patient,prior_malignancy,patient_prior_malignancy_Cervical Cancer
B lymphoblastic leukaemia/lymphoma,patient,prior_malignancy,patient_prior_malignancy_B lymphoblastic leukaemia/lymphoma
Amyloid angiopathy|Basal Cell Carcinoma|Bladder Cancer|Monoclonal Gammopathy of Undetermined Significance (MGUS),patient,prior_malignancy,patient_prior_malignancy_Amyloid angiopathy|Basal Cell Carcinoma|Bladder Cancer|Monoclonal Gammopathy of Undetermined Significance (MGUS)
Uterine Cancer,patient,prior_malignancy,patient_prior_malignancy_Uterine Cancer
T lymphoblastic leukaemia/lymphoma,patient,prior_malignancy,patient_prior_malignancy_T lymphoblastic leukaemia/lymphoma
Not specified,patient,prior_malignancy,patient_prior_malignancy_Not specified
B lymphoblastic leukaemia/lymphoma with t(v;11q23); MLL rearranged,patient,prior_malignancy,patient_prior_malignancy_B lymphoblastic leukaemia/lymphoma with t(v;11q23); MLL rearranged
Prostate Cancer|Renal cell carcinoma,patient,prior_malignancy,patient_prior_malignancy_Prostate Cancer|Renal cell carcinoma
Squamous cell carcinoma|Lung Cancer,patient,prior_malignancy,patient_prior_malignancy_Squamous cell carcinoma|Lung Cancer
Pancreatic adenocarcinoma,patient,prior_malignancy,patient_prior_malignancy_Pancreatic adenocarcinoma
Follicular lymphoma,patient,prior_malignancy,patient_prior_malignancy_Follicular lymphoma
Juvenile pilocytic astrocytoma,patient,prior_malignancy,patient_prior_malignancy_Juvenile pilocytic astrocytoma
Fallopian Tube Cancer,patient,prior_malignancy,patient_prior_malignancy_Fallopian Tube Cancer
Thyroid Cancer,patient,prior_malignancy,patient_prior_malignancy_Thyroid Cancer
Acute Myeloid Leukemia,patient,prior_malignancy,patient_prior_malignancy_Acute Myeloid Leukemia
Leiomyosarcoma,patient,prior_malignancy,patient_prior_malignancy_Leiomyosarcoma
Dupuytren's|Skin cancer,patient,prior_malignancy,patient_prior_malignancy_Dupuytren's|Skin cancer
Mediastinum mass,patient,prior_malignancy,patient_prior_malignancy_Mediastinum mass
Cervical Cancer|Pituitary Tumor,patient,prior_malignancy,patient_prior_malignancy_Cervical Cancer|Pituitary Tumor
Pyoderma Gangrenosum,patient,prior_malignancy,patient_prior_malignancy_Pyoderma Gangrenosum
Pituitary macroadenoma,patient,prior_malignancy,patient_prior_malignancy_Pituitary macroadenoma
Anaplastic Astrocytoma,patient,prior_malignancy,patient_prior_malignancy_Anaplastic Astrocytoma
Bladder Cancer|Ovarian cancer,patient,prior_malignancy,patient_prior_malignancy_Bladder Cancer|Ovarian cancer
Endometrial cancer,patient,prior_malignancy,patient_prior_malignancy_Endometrial cancer
Dyskeratosis congenita,patient,prior_malignancy,patient_prior_malignancy_Dyskeratosis congenita
FALSE,sample,is_replapse,sample_is_replapse_FALSE
TRUE,sample,is_replapse,sample_is_replapse_TRUE
unknown,sample,is_replapse,sample_is_replapse_unknown
FALSE,sample,is_denovo,sample_is_denovo_FALSE
TRUE,sample,is_denovo,sample_is_denovo_TRUE
unknown,sample,is_denovo,sample_is_denovo_unknown
FALSE,sample,is_transformed,sample_is_transformed_FALSE
TRUE,sample,is_transformed,sample_is_transformed_TRUE
unknown,sample,is_transformed,sample_is_transformed_unknown
ACUTE MYELOID LEUKAEMIA (AML) AND RELATED PRECURSOR NEOPLASMS,sample,dx_at_inclusion,sample_dx_at_inclusion_ACUTE MYELOID LEUKAEMIA (AML) AND RELATED PRECURSOR NEOPLASMS
MYELOPROLIFERATIVE NEOPLASMS,sample,dx_at_inclusion,sample_dx_at_inclusion_MYELOPROLIFERATIVE NEOPLASMS
MYELODYSPLASTIC/MYELOPROLIFERATIVE NEOPLASMS,sample,dx_at_inclusion,sample_dx_at_inclusion_MYELODYSPLASTIC/MYELOPROLIFERATIVE NEOPLASMS
ACUTE LEUKAEMIAS OF AMBIGUOUS LINEAGE,sample,dx_at_inclusion,sample_dx_at_inclusion_ACUTE LEUKAEMIAS OF AMBIGUOUS LINEAGE
MYELODYSPLASTIC SYNDROMES,sample,dx_at_inclusion,sample_dx_at_inclusion_MYELODYSPLASTIC SYNDROMES
MATURE B-CELL NEOPLASMS,sample,dx_at_inclusion,sample_dx_at_inclusion_MATURE B-CELL NEOPLASMS
AML with mutated NPM1,sample,specific_dx_at_inclusion,sample_specific_dx_at_inclusion_AML with mutated NPM1
AML with t(6;9)(p23;q34); DEK-NUP214,sample,specific_dx_at_inclusion,sample_specific_dx_at_inclusion_AML with t(6;9)(p23;q34); DEK-NUP214
Acute myelomonocytic leukaemia,sample,specific_dx_at_inclusion,sample_specific_dx_at_inclusion_Acute myelomonocytic leukaemia
Mastocytosis,sample,specific_dx_at_inclusion,sample_specific_dx_at_inclusion_Mastocytosis
Therapy-related myeloid neoplasms,sample,specific_dx_at_inclusion,sample_specific_dx_at_inclusion_Therapy-related myeloid neoplasms
AML with minimal differentiation,sample,specific_dx_at_inclusion,sample_specific_dx_at_inclusion_AML with minimal differentiation
Chronic myelomonocytic leukaemia,sample,specific_dx_at_inclusion,sample_specific_dx_at_inclusion_Chronic myelomonocytic leukaemia
"Mixed phenotype acute leukaemia, T/myeloid, NOS",sample,specific_dx_at_inclusion,"sample_specific_dx_at_inclusion_Mixed phenotype acute leukaemia, T/myeloid, NOS"
Acute monoblastic and monocytic leukaemia ,sample,specific_dx_at_inclusion,sample_specific_dx_at_inclusion_Acute monoblastic and monocytic leukaemia 
AML with maturation,sample,specific_dx_at_inclusion,sample_specific_dx_at_inclusion_AML with maturation
AML without maturation,sample,specific_dx_at_inclusion,sample_specific_dx_at_inclusion_AML without maturation
AML with myelodysplasia-related changes,sample,specific_dx_at_inclusion,sample_specific_dx_at_inclusion_AML with myelodysplasia-related changes
unknown,sample,specific_dx_at_inclusion,sample_specific_dx_at_inclusion_unknown
AML with inv(16)(p13.1q22) or t(16;16)(p13.1;q22); CBFB-MYH11,sample,specific_dx_at_inclusion,sample_specific_dx_at_inclusion_AML with inv(16)(p13.1q22) or t(16;16)(p13.1;q22); CBFB-MYH11
Acute promyelocytic leukaemia with t(15;17)(q22;q12); PML-RARA,sample,specific_dx_at_inclusion,sample_specific_dx_at_inclusion_Acute promyelocytic leukaemia with t(15;17)(q22;q12); PML-RARA
Acute undifferentiated leukaemia,sample,specific_dx_at_inclusion,sample_specific_dx_at_inclusion_Acute undifferentiated leukaemia
"Acute myeloid leukaemia, NOS",sample,specific_dx_at_inclusion,"sample_specific_dx_at_inclusion_Acute myeloid leukaemia, NOS"
AML with t(8;21)(q22;q22); RUNX1-RUNX1T1,sample,specific_dx_at_inclusion,sample_specific_dx_at_inclusion_AML with t(8;21)(q22;q22); RUNX1-RUNX1T1
Acute erythroid leukaemia,sample,specific_dx_at_inclusion,sample_specific_dx_at_inclusion_Acute erythroid leukaemia
Unknown,sample,specific_dx_at_inclusion,sample_specific_dx_at_inclusion_Unknown
AML with mutated CEBPA,sample,specific_dx_at_inclusion,sample_specific_dx_at_inclusion_AML with mutated CEBPA
Acute megakaryoblastic leukaemia,sample,specific_dx_at_inclusion,sample_specific_dx_at_inclusion_Acute megakaryoblastic leukaemia
AML with t(9;11)(p22;q23); MLLT3-MLL,sample,specific_dx_at_inclusion,sample_specific_dx_at_inclusion_AML with t(9;11)(p22;q23); MLLT3-MLL
Secondary myelofibrosis,sample,specific_dx_at_inclusion,sample_specific_dx_at_inclusion_Secondary myelofibrosis
AML with inv(3)(q21q26.2) or t(3;3)(q21;q26.2); RPN1-EVI1,sample,specific_dx_at_inclusion,sample_specific_dx_at_inclusion_AML with inv(3)(q21q26.2) or t(3;3)(q21;q26.2); RPN1-EVI1
Refractory anaemia with excess blasts,sample,specific_dx_at_inclusion,sample_specific_dx_at_inclusion_Refractory anaemia with excess blasts
"Myelodysplastic syndrome, unclassifiable",sample,specific_dx_at_inclusion,"sample_specific_dx_at_inclusion_Myelodysplastic syndrome, unclassifiable"
"Atypical chronic myeloid leukaemia, BCR-ABL1 negative",sample,specific_dx_at_inclusion,"sample_specific_dx_at_inclusion_Atypical chronic myeloid leukaemia, BCR-ABL1 negative"
Myeloid sarcoma,sample,specific_dx_at_inclusion,sample_specific_dx_at_inclusion_Myeloid sarcoma
Blastic plasmacytoid dendritic cell neoplasm,sample,specific_dx_at_inclusion,sample_specific_dx_at_inclusion_Blastic plasmacytoid dendritic cell neoplasm
Essential thrombocythaemia,sample,specific_dx_at_inclusion,sample_specific_dx_at_inclusion_Essential thrombocythaemia
Refractory cytopenia with multilineage dysplasia,sample,specific_dx_at_inclusion,sample_specific_dx_at_inclusion_Refractory cytopenia with multilineage dysplasia
Myelodysplastic syndrome associated with isolated del(5q),sample,specific_dx_at_inclusion,sample_specific_dx_at_inclusion_Myelodysplastic syndrome associated with isolated del(5q)
Myeloid leukaemia associated with Down syndrome,sample,specific_dx_at_inclusion,sample_specific_dx_at_inclusion_Myeloid leukaemia associated with Down syndrome
"Myelodysplastic/myeloproliferative neoplasm, unclassifiable",sample,specific_dx_at_inclusion,"sample_specific_dx_at_inclusion_Myelodysplastic/myeloproliferative neoplasm, unclassifiable"
Plasma cell myeloma,sample,specific_dx_at_inclusion,sample_specific_dx_at_inclusion_Plasma cell myeloma
Primary myelofibrosis,sample,specific_dx_at_inclusion,sample_specific_dx_at_inclusion_Primary myelofibrosis
"Mixed phenotype acute leukaemia, B/myeloid, NOS",sample,specific_dx_at_inclusion,"sample_specific_dx_at_inclusion_Mixed phenotype acute leukaemia, B/myeloid, NOS"
Intermediate,sample,eln2017_criteria,sample_eln2017_criteria_Intermediate
NonInitial,sample,eln2017_criteria,sample_eln2017_criteria_NonInitial
FavorableOrIntermediate,sample,eln2017_criteria,sample_eln2017_criteria_FavorableOrIntermediate
Adverse,sample,eln2017_criteria,sample_eln2017_criteria_Adverse
IntermediateOrAdverse,sample,eln2017_criteria,sample_eln2017_criteria_IntermediateOrAdverse
NonAML,sample,eln2017_criteria,sample_eln2017_criteria_NonAML
MissingMutations,sample,eln2017_criteria,sample_eln2017_criteria_MissingMutations
Favorable,sample,eln2017_criteria,sample_eln2017_criteria_Favorable
MissingKaryo,sample,eln2017_criteria,sample_eln2017_criteria_MissingKaryo
ACUTE MYELOID LEUKAEMIA (AML) AND RELATED PRECURSOR NEOPLASMS,sample,dx_at_specimen_acquisition,sample_dx_at_specimen_acquisition_ACUTE MYELOID LEUKAEMIA (AML) AND RELATED PRECURSOR NEOPLASMS
MYELODYSPLASTIC/MYELOPROLIFERATIVE NEOPLASMS,sample,dx_at_specimen_acquisition,sample_dx_at_specimen_acquisition_MYELODYSPLASTIC/MYELOPROLIFERATIVE NEOPLASMS
ACUTE LEUKAEMIAS OF AMBIGUOUS LINEAGE,sample,dx_at_specimen_acquisition,sample_dx_at_specimen_acquisition_ACUTE LEUKAEMIAS OF AMBIGUOUS LINEAGE
MYELODYSPLASTIC SYNDROMES,sample,dx_at_specimen_acquisition,sample_dx_at_specimen_acquisition_MYELODYSPLASTIC SYNDROMES
MYELOPROLIFERATIVE NEOPLASMS,sample,dx_at_specimen_acquisition,sample_dx_at_specimen_acquisition_MYELOPROLIFERATIVE NEOPLASMS
MATURE B-CELL NEOPLASMS,sample,dx_at_specimen_acquisition,sample_dx_at_specimen_acquisition_MATURE B-CELL NEOPLASMS
AML with mutated NPM1,sample,specific_dx_at_acquisition,sample_specific_dx_at_acquisition_AML with mutated NPM1
AML with t(6;9)(p23;q34); DEK-NUP214,sample,specific_dx_at_acquisition,sample_specific_dx_at_acquisition_AML with t(6;9)(p23;q34); DEK-NUP214
Acute myelomonocytic leukaemia,sample,specific_dx_at_acquisition,sample_specific_dx_at_acquisition_Acute myelomonocytic leukaemia
Therapy-related myeloid neoplasms,sample,specific_dx_at_acquisition,sample_specific_dx_at_acquisition_Therapy-related myeloid neoplasms
AML with minimal differentiation,sample,specific_dx_at_acquisition,sample_specific_dx_at_acquisition_AML with minimal differentiation
Chronic myelomonocytic leukaemia,sample,specific_dx_at_acquisition,sample_specific_dx_at_acquisition_Chronic myelomonocytic leukaemia
"Mixed phenotype acute leukaemia, T/myeloid, NOS",sample,specific_dx_at_acquisition,"sample_specific_dx_at_acquisition_Mixed phenotype acute leukaemia, T/myeloid, NOS"
Acute monoblastic and monocytic leukaemia ,sample,specific_dx_at_acquisition,sample_specific_dx_at_acquisition_Acute monoblastic and monocytic leukaemia 
AML with myelodysplasia-related changes,sample,specific_dx_at_acquisition,sample_specific_dx_at_acquisition_AML with myelodysplasia-related changes
AML with maturation,sample,specific_dx_at_acquisition,sample_specific_dx_at_acquisition_AML with maturation
AML without maturation,sample,specific_dx_at_acquisition,sample_specific_dx_at_acquisition_AML without maturation
unknown,sample,specific_dx_at_acquisition,sample_specific_dx_at_acquisition_unknown
AML with inv(16)(p13.1q22) or t(16;16)(p13.1;q22); CBFB-MYH11,sample,specific_dx_at_acquisition,sample_specific_dx_at_acquisition_AML with inv(16)(p13.1q22) or t(16;16)(p13.1;q22); CBFB-MYH11
Acute promyelocytic leukaemia with t(15;17)(q22;q12); PML-RARA,sample,specific_dx_at_acquisition,sample_specific_dx_at_acquisition_Acute promyelocytic leukaemia with t(15;17)(q22;q12); PML-RARA
Acute undifferentiated leukaemia,sample,specific_dx_at_acquisition,sample_specific_dx_at_acquisition_Acute undifferentiated leukaemia
"Acute myeloid leukaemia, NOS",sample,specific_dx_at_acquisition,"sample_specific_dx_at_acquisition_Acute myeloid leukaemia, NOS"
AML with t(8;21)(q22;q22); RUNX1-RUNX1T1,sample,specific_dx_at_acquisition,sample_specific_dx_at_acquisition_AML with t(8;21)(q22;q22); RUNX1-RUNX1T1
Acute erythroid leukaemia,sample,specific_dx_at_acquisition,sample_specific_dx_at_acquisition_Acute erythroid leukaemia
Unknown,sample,specific_dx_at_acquisition,sample_specific_dx_at_acquisition_Unknown
AML with mutated CEBPA,sample,specific_dx_at_acquisition,sample_specific_dx_at_acquisition_AML with mutated CEBPA
Acute megakaryoblastic leukaemia,sample,specific_dx_at_acquisition,sample_specific_dx_at_acquisition_Acute megakaryoblastic leukaemia
AML with t(9;11)(p22;q23); MLLT3-MLL,sample,specific_dx_at_acquisition,sample_specific_dx_at_acquisition_AML with t(9;11)(p22;q23); MLLT3-MLL
AML with inv(3)(q21q26.2) or t(3;3)(q21;q26.2); RPN1-EVI1,sample,specific_dx_at_acquisition,sample_specific_dx_at_acquisition_AML with inv(3)(q21q26.2) or t(3;3)(q21;q26.2); RPN1-EVI1
Refractory anaemia with excess blasts,sample,specific_dx_at_acquisition,sample_specific_dx_at_acquisition_Refractory anaemia with excess blasts
"Myelodysplastic syndrome, unclassifiable",sample,specific_dx_at_acquisition,"sample_specific_dx_at_acquisition_Myelodysplastic syndrome, unclassifiable"
"Atypical chronic myeloid leukaemia, BCR-ABL1 negative",sample,specific_dx_at_acquisition,"sample_specific_dx_at_acquisition_Atypical chronic myeloid leukaemia, BCR-ABL1 negative"
Myeloid sarcoma,sample,specific_dx_at_acquisition,sample_specific_dx_at_acquisition_Myeloid sarcoma
Blastic plasmacytoid dendritic cell neoplasm,sample,specific_dx_at_acquisition,sample_specific_dx_at_acquisition_Blastic plasmacytoid dendritic cell neoplasm
Essential thrombocythaemia,sample,specific_dx_at_acquisition,sample_specific_dx_at_acquisition_Essential thrombocythaemia
Refractory cytopenia with multilineage dysplasia,sample,specific_dx_at_acquisition,sample_specific_dx_at_acquisition_Refractory cytopenia with multilineage dysplasia
Myelodysplastic syndrome associated with isolated del(5q),sample,specific_dx_at_acquisition,sample_specific_dx_at_acquisition_Myelodysplastic syndrome associated with isolated del(5q)
Myeloid leukaemia associated with Down syndrome,sample,specific_dx_at_acquisition,sample_specific_dx_at_acquisition_Myeloid leukaemia associated with Down syndrome
"Myelodysplastic/myeloproliferative neoplasm, unclassifiable",sample,specific_dx_at_acquisition,"sample_specific_dx_at_acquisition_Myelodysplastic/myeloproliferative neoplasm, unclassifiable"
Plasma cell myeloma,sample,specific_dx_at_acquisition,sample_specific_dx_at_acquisition_Plasma cell myeloma
Primary myelofibrosis,sample,specific_dx_at_acquisition,sample_specific_dx_at_acquisition_Primary myelofibrosis
"Mixed phenotype acute leukaemia, B/myeloid, NOS",sample,specific_dx_at_acquisition,"sample_specific_dx_at_acquisition_Mixed phenotype acute leukaemia, B/myeloid, NOS"
Initial Acute Leukemia Diagnosis,sample,specimen_groups,sample_specimen_groups_Initial Acute Leukemia Diagnosis
"Relapse,Post-Transplant,Post-Chemotherapy",sample,specimen_groups,"sample_specimen_groups_Relapse,Post-Transplant,Post-Chemotherapy"
"Post-Transplant,Residual Disease",sample,specimen_groups,"sample_specimen_groups_Post-Transplant,Residual Disease"
"Residual Disease,Post-Transplant",sample,specimen_groups,"sample_specimen_groups_Residual Disease,Post-Transplant"
"Post-Chemotherapy,Residual Disease",sample,specimen_groups,"sample_specimen_groups_Post-Chemotherapy,Residual Disease"
"Relapse,Post-Chemotherapy",sample,specimen_groups,"sample_specimen_groups_Relapse,Post-Chemotherapy"
"Residual Disease,Post-Chemotherapy",sample,specimen_groups,"sample_specimen_groups_Residual Disease,Post-Chemotherapy"
Relapse,sample,specimen_groups,sample_specimen_groups_Relapse
Residual Disease,sample,specimen_groups,sample_specimen_groups_Residual Disease
"Post-DLI,Residual Disease,Post-Transplant",sample,specimen_groups,"sample_specimen_groups_Post-DLI,Residual Disease,Post-Transplant"
"Initial Acute Leukemia Diagnosis,Post-Chemotherapy",sample,specimen_groups,"sample_specimen_groups_Initial Acute Leukemia Diagnosis,Post-Chemotherapy"
Unknown,sample,specimen_groups,sample_specimen_groups_Unknown
Post-Chemotherapy,sample,specimen_groups,sample_specimen_groups_Post-Chemotherapy
"Post-Transplant,Post-Chemotherapy,Residual Disease",sample,specimen_groups,"sample_specimen_groups_Post-Transplant,Post-Chemotherapy,Residual Disease"
"Post-Chemotherapy,Post-Transplant,Relapse",sample,specimen_groups,"sample_specimen_groups_Post-Chemotherapy,Post-Transplant,Relapse"
"Post-Chemotherapy,Post-Transplant,Residual Disease",sample,specimen_groups,"sample_specimen_groups_Post-Chemotherapy,Post-Transplant,Residual Disease"
"Residual Disease,Post-Transplant,Post-Chemotherapy",sample,specimen_groups,"sample_specimen_groups_Residual Disease,Post-Transplant,Post-Chemotherapy"
"Post-Chemotherapy,Relapse",sample,specimen_groups,"sample_specimen_groups_Post-Chemotherapy,Relapse"
"Residual Disease,Post-Chemotherapy,Post-Transplant",sample,specimen_groups,"sample_specimen_groups_Residual Disease,Post-Chemotherapy,Post-Transplant"
"Post-Chemotherapy,Post-Transplant",sample,specimen_groups,"sample_specimen_groups_Post-Chemotherapy,Post-Transplant"
"Initial Acute Leukemia Diagnosis,Post-Transplant,Post-Chemotherapy",sample,specimen_groups,"sample_specimen_groups_Initial Acute Leukemia Diagnosis,Post-Transplant,Post-Chemotherapy"
"Post-Chemotherapy,Initial Acute Leukemia Diagnosis",sample,specimen_groups,"sample_specimen_groups_Post-Chemotherapy,Initial Acute Leukemia Diagnosis"
"Initial Acute Leukemia Diagnosis,Post-Chemotherapy,Post-Transplant",sample,specimen_groups,"sample_specimen_groups_Initial Acute Leukemia Diagnosis,Post-Chemotherapy,Post-Transplant"
"Residual Disease,Post-Chemotherapy,Post-DLI,Post-Transplant",sample,specimen_groups,"sample_specimen_groups_Residual Disease,Post-Chemotherapy,Post-DLI,Post-Transplant"
"Post-Chemotherapy,Post-Transplant,Post-DLI,Initial Acute Leukemia Diagnosis",sample,specimen_groups,"sample_specimen_groups_Post-Chemotherapy,Post-Transplant,Post-DLI,Initial Acute Leukemia Diagnosis"
"Post-Chemotherapy,Post-DLI,Post-Transplant,Residual Disease",sample,specimen_groups,"sample_specimen_groups_Post-Chemotherapy,Post-DLI,Post-Transplant,Residual Disease"
"Post-Chemotherapy,Residual Disease,Post-Transplant",sample,specimen_groups,"sample_specimen_groups_Post-Chemotherapy,Residual Disease,Post-Transplant"
"Post-Transplant,Post-Chemotherapy",sample,specimen_groups,"sample_specimen_groups_Post-Transplant,Post-Chemotherapy"
"Relapse,Post-Chemotherapy,Post-Transplant",sample,specimen_groups,"sample_specimen_groups_Relapse,Post-Chemotherapy,Post-Transplant"
"Post-Transplant,Relapse,Post-Chemotherapy",sample,specimen_groups,"sample_specimen_groups_Post-Transplant,Relapse,Post-Chemotherapy"
"Post-Transplant,Relapse",sample,specimen_groups,"sample_specimen_groups_Post-Transplant,Relapse"
"Post-Chemotherapy,Post-Transplant,Initial Acute Leukemia Diagnosis",sample,specimen_groups,"sample_specimen_groups_Post-Chemotherapy,Post-Transplant,Initial Acute Leukemia Diagnosis"
"Post-Chemotherapy,Relapse,Post-Transplant",sample,specimen_groups,"sample_specimen_groups_Post-Chemotherapy,Relapse,Post-Transplant"
Initial Diagnosis,sample,disease_stage_at_specimen_collection,sample_disease_stage_at_specimen_collection_Initial Diagnosis
Relapse,sample,disease_stage_at_specimen_collection,sample_disease_stage_at_specimen_collection_Relapse
Residual,sample,disease_stage_at_specimen_collection,sample_disease_stage_at_specimen_collection_Residual
Unknown,sample,disease_stage_at_specimen_collection,sample_disease_stage_at_specimen_collection_Unknown
Remission,sample,disease_stage_at_specimen_collection,sample_disease_stage_at_specimen_collection_Remission
Bone Marrow Aspirate,sample,specimen_type,sample_specimen_type_Bone Marrow Aspirate
Peripheral Blood,sample,specimen_type,sample_specimen_type_Peripheral Blood
Leukapheresis,sample,specimen_type,sample_specimen_type_Leukapheresis
n,sample,rnaseq_availability,sample_rnaseq_availability_n
y,sample,rnaseq_availability,sample_rnaseq_availability_y
y,sample,exomeseq_available,sample_exomeseq_available_y
n,sample,exomeseq_available,sample_exomeseq_available_n
NexteraV1.2,mutation,capture_chemistry,mutation_capture_chemistry_NexteraV1.2
Nimblegen Custom Capture,mutation,capture_chemistry,mutation_capture_chemistry_Nimblegen Custom Capture
varscan,mutation,genotyper,mutation_genotyper_varscan
mutect,mutation,genotyper,mutation_genotyper_mutect
frameshift_variant,mutation,variant_classification,mutation_variant_classification_frameshift_variant
missense_variant,mutation,variant_classification,mutation_variant_classification_missense_variant
stop_gained,mutation,variant_classification,mutation_variant_classification_stop_gained
inframe_deletion,mutation,variant_classification,mutation_variant_classification_inframe_deletion
splice_acceptor_variant,mutation,variant_classification,mutation_variant_classification_splice_acceptor_variant
protein_altering_variant,mutation,variant_classification,mutation_variant_classification_protein_altering_variant
splice_donor_variant,mutation,variant_classification,mutation_variant_classification_splice_donor_variant
start_lost,mutation,variant_classification,mutation_variant_classification_start_lost
inframe_insertion,mutation,variant_classification,mutation_variant_classification_inframe_insertion
stop_lost,mutation,variant_classification,mutation_variant_classification_stop_lost
protein_coding,mutation,biotype,mutation_biotype_protein_coding
IG_J_gene,mutation,biotype,mutation_biotype_IG_J_gene
nonsense_mediated_decay,mutation,biotype,mutation_biotype_nonsense_mediated_decay
IG_V_gene,mutation,biotype,mutation_biotype_IG_V_gene
polymorphic_pseudogene,mutation,biotype,mutation_biotype_polymorphic_pseudogene
TR_V_gene,mutation,biotype,mutation_biotype_TR_V_gene
IG_C_gene,mutation,biotype,mutation_biotype_IG_C_gene
lincRNA,mutation,biotype,mutation_biotype_lincRNA
processed_transcript,mutation,biotype,mutation_biotype_processed_transcript
unprocessed_pseudogene,mutation,biotype,mutation_biotype_unprocessed_pseudogene
DEK-NUP214,fusion,consensus_aml_fusions,fusion_consensus_aml_fusions_DEK-NUP214
KMT2A_re,fusion,consensus_aml_fusions,fusion_consensus_aml_fusions_KMT2A_re
CBFB-MYH11,fusion,consensus_aml_fusions,fusion_consensus_aml_fusions_CBFB-MYH11
PML-RARA,fusion,consensus_aml_fusions,fusion_consensus_aml_fusions_PML-RARA
RUNX1-RUNX1T1,fusion,consensus_aml_fusions,fusion_consensus_aml_fusions_RUNX1-RUNX1T1
MLLT3-KMT2A,fusion,consensus_aml_fusions,fusion_consensus_aml_fusions_MLLT3-KMT2A
GATA2-MECOM,fusion,consensus_aml_fusions,fusion_consensus_aml_fusions_GATA2-MECOM
BCR-ABL1,fusion,consensus_aml_fusions,fusion_consensus_aml_fusions_BCR-ABL1
Standard Chemotherapy|Bone Marrow Transplant|Targeted Therapy - Kinase Inhibitor(s),treatment,list_unique_treatment_types,treatment_list_unique_treatment_types_Standard Chemotherapy|Bone Marrow Transplant|Targeted Therapy - Kinase Inhibitor(s)
Standard Chemotherapy,treatment,list_unique_treatment_types,treatment_list_unique_treatment_types_Standard Chemotherapy
Standard Chemotherapy|Intrathecal|Targeted Therapy - Other,treatment,list_unique_treatment_types,treatment_list_unique_treatment_types_Standard Chemotherapy|Intrathecal|Targeted Therapy - Other
DLI|Standard Chemotherapy|Bone Marrow Transplant|Targeted Therapy - Kinase Inhibitor(s)|Intrathecal|Targeted Therapy - Other,treatment,list_unique_treatment_types,treatment_list_unique_treatment_types_DLI|Standard Chemotherapy|Bone Marrow Transplant|Targeted Therapy - Kinase Inhibitor(s)|Intrathecal|Targeted Therapy - Other
Standard Chemotherapy|Supportive/Palliative Care|Targeted Therapy - Kinase Inhibitor(s),treatment,list_unique_treatment_types,treatment_list_unique_treatment_types_Standard Chemotherapy|Supportive/Palliative Care|Targeted Therapy - Kinase Inhibitor(s)
Standard Chemotherapy|Targeted Therapy - Kinase Inhibitor(s),treatment,list_unique_treatment_types,treatment_list_unique_treatment_types_Standard Chemotherapy|Targeted Therapy - Kinase Inhibitor(s)
Standard Chemotherapy|Bone Marrow Transplant|Intrathecal|Targeted Therapy - Kinase Inhibitor(s),treatment,list_unique_treatment_types,treatment_list_unique_treatment_types_Standard Chemotherapy|Bone Marrow Transplant|Intrathecal|Targeted Therapy - Kinase Inhibitor(s)
DLI|Standard Chemotherapy|Bone Marrow Transplant|Supportive/Palliative Care,treatment,list_unique_treatment_types,treatment_list_unique_treatment_types_DLI|Standard Chemotherapy|Bone Marrow Transplant|Supportive/Palliative Care
Standard Chemotherapy|Bone Marrow Transplant,treatment,list_unique_treatment_types,treatment_list_unique_treatment_types_Standard Chemotherapy|Bone Marrow Transplant
Targeted Therapy - Kinase Inhibitor(s),treatment,list_unique_treatment_types,treatment_list_unique_treatment_types_Targeted Therapy - Kinase Inhibitor(s)
DLI|Standard Chemotherapy|Bone Marrow Transplant,treatment,list_unique_treatment_types,treatment_list_unique_treatment_types_DLI|Standard Chemotherapy|Bone Marrow Transplant
Supportive/Palliative Care,treatment,list_unique_treatment_types,treatment_list_unique_treatment_types_Supportive/Palliative Care
DLI|Standard Chemotherapy|Bone Marrow Transplant|Other,treatment,list_unique_treatment_types,treatment_list_unique_treatment_types_DLI|Standard Chemotherapy|Bone Marrow Transplant|Other
Standard Chemotherapy|Supportive/Palliative Care,treatment,list_unique_treatment_types,treatment_list_unique_treatment_types_Standard Chemotherapy|Supportive/Palliative Care
Standard Chemotherapy|Bone Marrow Transplant|Intrathecal,treatment,list_unique_treatment_types,treatment_list_unique_treatment_types_Standard Chemotherapy|Bone Marrow Transplant|Intrathecal
Standard Chemotherapy|Bone Marrow Transplant|Targeted Therapy - Other|Targeted Therapy - Kinase Inhibitor(s),treatment,list_unique_treatment_types,treatment_list_unique_treatment_types_Standard Chemotherapy|Bone Marrow Transplant|Targeted Therapy - Other|Targeted Therapy - Kinase Inhibitor(s)
Targeted Therapy - Other,treatment,list_unique_treatment_types,treatment_list_unique_treatment_types_Targeted Therapy - Other
Standard Chemotherapy|Bone Marrow Transplant|Supportive/Palliative Care,treatment,list_unique_treatment_types,treatment_list_unique_treatment_types_Standard Chemotherapy|Bone Marrow Transplant|Supportive/Palliative Care
Standard Chemotherapy|Bone Marrow Transplant|Targeted Therapy - Other,treatment,list_unique_treatment_types,treatment_list_unique_treatment_types_Standard Chemotherapy|Bone Marrow Transplant|Targeted Therapy - Other
Unknown,treatment,list_unique_treatment_types,treatment_list_unique_treatment_types_Unknown
Standard Chemotherapy|Targeted Therapy - Other,treatment,list_unique_treatment_types,treatment_list_unique_treatment_types_Standard Chemotherapy|Targeted Therapy - Other
Standard Chemotherapy|Unknown|Bone Marrow Transplant,treatment,list_unique_treatment_types,treatment_list_unique_treatment_types_Standard Chemotherapy|Unknown|Bone Marrow Transplant
Standard Chemotherapy|Supportive/Palliative Care|Targeted Therapy - Other,treatment,list_unique_treatment_types,treatment_list_unique_treatment_types_Standard Chemotherapy|Supportive/Palliative Care|Targeted Therapy - Other
Standard Chemotherapy|Bone Marrow Transplant|Other,treatment,list_unique_treatment_types,treatment_list_unique_treatment_types_Standard Chemotherapy|Bone Marrow Transplant|Other
Standard Chemotherapy|Targeted Therapy - Kinase Inhibitor(s)|Targeted Therapy - Other,treatment,list_unique_treatment_types,treatment_list_unique_treatment_types_Standard Chemotherapy|Targeted Therapy - Kinase Inhibitor(s)|Targeted Therapy - Other
Standard Chemotherapy|Supportive/Palliative Care|Intrathecal,treatment,list_unique_treatment_types,treatment_list_unique_treatment_types_Standard Chemotherapy|Supportive/Palliative Care|Intrathecal
Standard Chemotherapy|Unknown,treatment,list_unique_treatment_types,treatment_list_unique_treatment_types_Standard Chemotherapy|Unknown
Standard Chemotherapy|Intrathecal,treatment,list_unique_treatment_types,treatment_list_unique_treatment_types_Standard Chemotherapy|Intrathecal
Supportive/Palliative Care|Targeted Therapy - Other,treatment,list_unique_treatment_types,treatment_list_unique_treatment_types_Supportive/Palliative Care|Targeted Therapy - Other
Standard Chemotherapy|Supportive/Palliative Care|Targeted Therapy - Kinase Inhibitor(s)|Targeted Therapy - Other|Bone Marrow Transplant,treatment,list_unique_treatment_types,treatment_list_unique_treatment_types_Standard Chemotherapy|Supportive/Palliative Care|Targeted Therapy - Kinase Inhibitor(s)|Targeted Therapy - Other|Bone Marrow Transplant
Standard Chemotherapy|Targeted Therapy - Other|Targeted Therapy - Kinase Inhibitor(s),treatment,list_unique_treatment_types,treatment_list_unique_treatment_types_Standard Chemotherapy|Targeted Therapy - Other|Targeted Therapy - Kinase Inhibitor(s)
Standard Chemotherapy|Targeted Therapy - Other|Intrathecal,treatment,list_unique_treatment_types,treatment_list_unique_treatment_types_Standard Chemotherapy|Targeted Therapy - Other|Intrathecal
DLI|Standard Chemotherapy|Bone Marrow Transplant|Targeted Therapy - Other,treatment,list_unique_treatment_types,treatment_list_unique_treatment_types_DLI|Standard Chemotherapy|Bone Marrow Transplant|Targeted Therapy - Other
Standard Chemotherapy|Other,treatment,list_unique_treatment_types,treatment_list_unique_treatment_types_Standard Chemotherapy|Other
Standard Chemotherapy|Bone Marrow Transplant|Intrathecal|Other,treatment,list_unique_treatment_types,treatment_list_unique_treatment_types_Standard Chemotherapy|Bone Marrow Transplant|Intrathecal|Other
DLI|Standard Chemotherapy|Bone Marrow Transplant|Targeted Therapy - Kinase Inhibitor(s),treatment,list_unique_treatment_types,treatment_list_unique_treatment_types_DLI|Standard Chemotherapy|Bone Marrow Transplant|Targeted Therapy - Kinase Inhibitor(s)
Supportive/Palliative Care|Other,treatment,list_unique_treatment_types,treatment_list_unique_treatment_types_Supportive/Palliative Care|Other
Bone Marrow Transplant|Targeted Therapy - Other,treatment,list_unique_treatment_types,treatment_list_unique_treatment_types_Bone Marrow Transplant|Targeted Therapy - Other
Targeted Therapy - Kinase Inhibitor(s)|Targeted Therapy - Other,treatment,list_unique_treatment_types,treatment_list_unique_treatment_types_Targeted Therapy - Kinase Inhibitor(s)|Targeted Therapy - Other
Standard Chemotherapy|Bone Marrow Transplant|Supportive/Palliative Care|Targeted Therapy - Kinase Inhibitor(s),treatment,list_unique_treatment_types,treatment_list_unique_treatment_types_Standard Chemotherapy|Bone Marrow Transplant|Supportive/Palliative Care|Targeted Therapy - Kinase Inhibitor(s)
Standard Chemotherapy|Bone Marrow Transplant|Intrathecal|Targeted Therapy - Other,treatment,list_unique_treatment_types,treatment_list_unique_treatment_types_Standard Chemotherapy|Bone Marrow Transplant|Intrathecal|Targeted Therapy - Other
Supportive/Palliative Care|Targeted Therapy - Kinase Inhibitor(s),treatment,list_unique_treatment_types,treatment_list_unique_treatment_types_Supportive/Palliative Care|Targeted Therapy - Kinase Inhibitor(s)
"7+3 (Cytarabine, Idarubicin)|HiDAC|Fludarabine, TBI|Sorafenib|Hydroxyurea|Decitabine",treatment,list_unique_chemotherapy_treatment_regimens,"treatment_list_unique_chemotherapy_treatment_regimens_7+3 (Cytarabine, Idarubicin)|HiDAC|Fludarabine, TBI|Sorafenib|Hydroxyurea|Decitabine"
"7+3 (Cytarabine, Idarubicin)|HiDAC|FLAG-IDA (Cytarabine, Filgrastim, Fludarabine, Idarubicin)|MEC (Cytarabine, Etoposide, Mitoxantrone)",treatment,list_unique_chemotherapy_treatment_regimens,"treatment_list_unique_chemotherapy_treatment_regimens_7+3 (Cytarabine, Idarubicin)|HiDAC|FLAG-IDA (Cytarabine, Filgrastim, Fludarabine, Idarubicin)|MEC (Cytarabine, Etoposide, Mitoxantrone)"
"7+3 (Cytarabine, Idarubicin)|MiDAC|Quizartinib|Cytarabine, Methotrexate",treatment,list_unique_chemotherapy_treatment_regimens,"treatment_list_unique_chemotherapy_treatment_regimens_7+3 (Cytarabine, Idarubicin)|MiDAC|Quizartinib|Cytarabine, Methotrexate"
"Cyclophosphamide, TBI|HAM (Cytarabine, Mitoxantrone)|MEC (Cytarabine, Etoposide, Mitoxantrone)|Decitabine|Cytarabine, Mitoxantrone, Sorafenib|ADE (Cytarabine, Daunorubicin & Etoposide)|Donor Lymphocyte Infusion|Cytarabine|Sorafenib|FLAG (Fludarabine, High-dose Cytarabine, G-CSF)|Treo/Flu/TBI (Treosulfan, Fludarabine, Total Body Irradiation)|Methotrexate|Etoposide, Cytarabine",treatment,list_unique_chemotherapy_treatment_regimens,"treatment_list_unique_chemotherapy_treatment_regimens_Cyclophosphamide, TBI|HAM (Cytarabine, Mitoxantrone)|MEC (Cytarabine, Etoposide, Mitoxantrone)|Decitabine|Cytarabine, Mitoxantrone, Sorafenib|ADE (Cytarabine, Daunorubicin & Etoposide)|Donor Lymphocyte Infusion|Cytarabine|Sorafenib|FLAG (Fludarabine, High-dose Cytarabine, G-CSF)|Treo/Flu/TBI (Treosulfan, Fludarabine, Total Body Irradiation)|Methotrexate|Etoposide, Cytarabine"
Decitabine|Quizartinib|Mitoxantrone,treatment,list_unique_chemotherapy_treatment_regimens,treatment_list_unique_chemotherapy_treatment_regimens_Decitabine|Quizartinib|Mitoxantrone
"7+3 (Cytarabine, Idarubicin)|MiDAC|AC220 (Ambit)",treatment,list_unique_chemotherapy_treatment_regimens,"treatment_list_unique_chemotherapy_treatment_regimens_7+3 (Cytarabine, Idarubicin)|MiDAC|AC220 (Ambit)"
"7+3 (Cytarabine, Idarubicin)|MiDAC|Hydroxyurea|AC220 (Ambit)",treatment,list_unique_chemotherapy_treatment_regimens,"treatment_list_unique_chemotherapy_treatment_regimens_7+3 (Cytarabine, Idarubicin)|MiDAC|Hydroxyurea|AC220 (Ambit)"
"7+3 (Cytarabine, Idarubicin)|HiDAC|FLAG-IDA (Cytarabine, Filgrastim, Fludarabine, Idarubicin)|Quizartinib|Busulfan, Cyclophosphamide",treatment,list_unique_chemotherapy_treatment_regimens,"treatment_list_unique_chemotherapy_treatment_regimens_7+3 (Cytarabine, Idarubicin)|HiDAC|FLAG-IDA (Cytarabine, Filgrastim, Fludarabine, Idarubicin)|Quizartinib|Busulfan, Cyclophosphamide"
"7+3 (Cytarabine, Idarubicin)|FLAG-IDA (Cytarabine, Filgrastim, Fludarabine, Idarubicin)|Azacitidine|Quizartinib",treatment,list_unique_chemotherapy_treatment_regimens,"treatment_list_unique_chemotherapy_treatment_regimens_7+3 (Cytarabine, Idarubicin)|FLAG-IDA (Cytarabine, Filgrastim, Fludarabine, Idarubicin)|Azacitidine|Quizartinib"
"7+3 (Cytarabine, Idarubicin)|HiDAC|MEC (Cytarabine, Etoposide, Mitoxantrone)|Etoposide, Mitoxantrone|Quizartinib",treatment,list_unique_chemotherapy_treatment_regimens,"treatment_list_unique_chemotherapy_treatment_regimens_7+3 (Cytarabine, Idarubicin)|HiDAC|MEC (Cytarabine, Etoposide, Mitoxantrone)|Etoposide, Mitoxantrone|Quizartinib"
"7+3 (Cytarabine, Idarubicin)|Hydroxyurea|Quizartinib|Busulfan, Cyclophosphamide",treatment,list_unique_chemotherapy_treatment_regimens,"treatment_list_unique_chemotherapy_treatment_regimens_7+3 (Cytarabine, Idarubicin)|Hydroxyurea|Quizartinib|Busulfan, Cyclophosphamide"
"7+3 (Cytarabine, Idarubicin)|MiDAC|Decitabine",treatment,list_unique_chemotherapy_treatment_regimens,"treatment_list_unique_chemotherapy_treatment_regimens_7+3 (Cytarabine, Idarubicin)|MiDAC|Decitabine"
"7+3 (Cytarabine, Idarubicin)|HiDAC|Quizartinib|Idarubicin and Cytarabine",treatment,list_unique_chemotherapy_treatment_regimens,"treatment_list_unique_chemotherapy_treatment_regimens_7+3 (Cytarabine, Idarubicin)|HiDAC|Quizartinib|Idarubicin and Cytarabine"
"Fludarabine, Melphalan|7+3 (Cytarabine, Idarubicin)|MiDAC|Quizartinib|Methotrexate",treatment,list_unique_chemotherapy_treatment_regimens,"treatment_list_unique_chemotherapy_treatment_regimens_Fludarabine, Melphalan|7+3 (Cytarabine, Idarubicin)|MiDAC|Quizartinib|Methotrexate"
"Fludarabine, Melphalan|5+2 (Cytarabine, Idarubicin)|7+3 (Cytarabine, Idarubicin)|Donor Lymphocyte Infusion|HAM (Cytarabine, Mitoxantrone)|FLAG-IDA (Cytarabine, Filgrastim, Fludarabine, Idarubicin)|GCLAC (GCSF, Clofarabine & Cytarabine)|MEC (Cytarabine, Etoposide, Mitoxantrone)|Decitabine",treatment,list_unique_chemotherapy_treatment_regimens,"treatment_list_unique_chemotherapy_treatment_regimens_Fludarabine, Melphalan|5+2 (Cytarabine, Idarubicin)|7+3 (Cytarabine, Idarubicin)|Donor Lymphocyte Infusion|HAM (Cytarabine, Mitoxantrone)|FLAG-IDA (Cytarabine, Filgrastim, Fludarabine, Idarubicin)|GCLAC (GCSF, Clofarabine & Cytarabine)|MEC (Cytarabine, Etoposide, Mitoxantrone)|Decitabine"
"ADE (Cytarabine, Daunorubicin & Etoposide)|HiDAC|Azacitidine|Azacitidine, Lenalidomide|Decitabine|Hydroxyurea|Etoposide, Mitoxantrone",treatment,list_unique_chemotherapy_treatment_regimens,"treatment_list_unique_chemotherapy_treatment_regimens_ADE (Cytarabine, Daunorubicin & Etoposide)|HiDAC|Azacitidine|Azacitidine, Lenalidomide|Decitabine|Hydroxyurea|Etoposide, Mitoxantrone"
"5+2 (Cytarabine, Idarubicin)|7+3 (Cytarabine, Idarubicin)|MiDAC|Bu/Flu/TBI (Busulfan, Fludarabine, Total Body Irradiation)",treatment,list_unique_chemotherapy_treatment_regimens,"treatment_list_unique_chemotherapy_treatment_regimens_5+2 (Cytarabine, Idarubicin)|7+3 (Cytarabine, Idarubicin)|MiDAC|Bu/Flu/TBI (Busulfan, Fludarabine, Total Body Irradiation)"
"7+3 (Cytarabine, Idarubicin)|HiDAC|Cytarabine|3+7 (Cytarabine, Daunorubicin)|Azacitidine|3+3 plus Sorafenib|Clofarabine|Clofarabine, Cytarabine",treatment,list_unique_chemotherapy_treatment_regimens,"treatment_list_unique_chemotherapy_treatment_regimens_7+3 (Cytarabine, Idarubicin)|HiDAC|Cytarabine|3+7 (Cytarabine, Daunorubicin)|Azacitidine|3+3 plus Sorafenib|Clofarabine|Clofarabine, Cytarabine"
"Dasatinib|7+3 (Cytarabine, Idarubicin)|FLAG-IDA (Cytarabine, Filgrastim, Fludarabine, Idarubicin)|Azacitidine",treatment,list_unique_chemotherapy_treatment_regimens,"treatment_list_unique_chemotherapy_treatment_regimens_Dasatinib|7+3 (Cytarabine, Idarubicin)|FLAG-IDA (Cytarabine, Filgrastim, Fludarabine, Idarubicin)|Azacitidine"
"7+3 (Cytarabine, Idarubicin)|HiDAC|Cyclophosphamide, Fludarabine, TBI",treatment,list_unique_chemotherapy_treatment_regimens,"treatment_list_unique_chemotherapy_treatment_regimens_7+3 (Cytarabine, Idarubicin)|HiDAC|Cyclophosphamide, Fludarabine, TBI"
"Fludarabine, Melphalan|7+3 (Cytarabine, Idarubicin)|HiDAC",treatment,list_unique_chemotherapy_treatment_regimens,"treatment_list_unique_chemotherapy_treatment_regimens_Fludarabine, Melphalan|7+3 (Cytarabine, Idarubicin)|HiDAC"
"5+2 (Cytarabine, Idarubicin)|Dasatinib|7+3 (Cytarabine, Idarubicin)|Azacitidine|Hydroxyurea",treatment,list_unique_chemotherapy_treatment_regimens,"treatment_list_unique_chemotherapy_treatment_regimens_5+2 (Cytarabine, Idarubicin)|Dasatinib|7+3 (Cytarabine, Idarubicin)|Azacitidine|Hydroxyurea"
"7+3 (Cytarabine, Idarubicin)|HiDAC|FLAG-IDA (Cytarabine, Filgrastim, Fludarabine, Idarubicin)|Azacitidine|GCLAC (GCSF, Clofarabine & Cytarabine)|MEC (Cytarabine, Etoposide, Mitoxantrone)|Decitabine",treatment,list_unique_chemotherapy_treatment_regimens,"treatment_list_unique_chemotherapy_treatment_regimens_7+3 (Cytarabine, Idarubicin)|HiDAC|FLAG-IDA (Cytarabine, Filgrastim, Fludarabine, Idarubicin)|Azacitidine|GCLAC (GCSF, Clofarabine & Cytarabine)|MEC (Cytarabine, Etoposide, Mitoxantrone)|Decitabine"
Ruxolitinib,treatment,list_unique_chemotherapy_treatment_regimens,treatment_list_unique_chemotherapy_treatment_regimens_Ruxolitinib
"Fludarabine, Melphalan|7+3 (Cytarabine, Idarubicin)|HiDAC|FLAG-IDA (Cytarabine, Filgrastim, Fludarabine, Idarubicin)|MEC (Cytarabine, Etoposide, Mitoxantrone)",treatment,list_unique_chemotherapy_treatment_regimens,"treatment_list_unique_chemotherapy_treatment_regimens_Fludarabine, Melphalan|7+3 (Cytarabine, Idarubicin)|HiDAC|FLAG-IDA (Cytarabine, Filgrastim, Fludarabine, Idarubicin)|MEC (Cytarabine, Etoposide, Mitoxantrone)"
"HiDAC|Decitabine, Sirolimus|Donor Lymphocyte Infusion|3+7 (Cytarabine, Daunorubicin)|FLAG-IDA (Cytarabine, Filgrastim, Fludarabine, Idarubicin)|MEC (Cytarabine, Etoposide, Mitoxantrone)|FLAG (Fludarabine, High-dose Cytarabine, G-CSF)|Decitabine|Busulfan, Cyclophosphamide",treatment,list_unique_chemotherapy_treatment_regimens,"treatment_list_unique_chemotherapy_treatment_regimens_HiDAC|Decitabine, Sirolimus|Donor Lymphocyte Infusion|3+7 (Cytarabine, Daunorubicin)|FLAG-IDA (Cytarabine, Filgrastim, Fludarabine, Idarubicin)|MEC (Cytarabine, Etoposide, Mitoxantrone)|FLAG (Fludarabine, High-dose Cytarabine, G-CSF)|Decitabine|Busulfan, Cyclophosphamide"
"7+3 (Cytarabine, Idarubicin)|ATRA (Tretinoin)|HiDAC|Bu/Flu/TBI (Busulfan, Fludarabine, Total Body Irradiation)",treatment,list_unique_chemotherapy_treatment_regimens,"treatment_list_unique_chemotherapy_treatment_regimens_7+3 (Cytarabine, Idarubicin)|ATRA (Tretinoin)|HiDAC|Bu/Flu/TBI (Busulfan, Fludarabine, Total Body Irradiation)"
Azacitidine,treatment,list_unique_chemotherapy_treatment_regimens,treatment_list_unique_chemotherapy_treatment_regimens_Azacitidine
"7+3 (Cytarabine, Idarubicin)|HiDAC",treatment,list_unique_chemotherapy_treatment_regimens,"treatment_list_unique_chemotherapy_treatment_regimens_7+3 (Cytarabine, Idarubicin)|HiDAC"
"7+3 (Cytarabine, Idarubicin)|MiDAC",treatment,list_unique_chemotherapy_treatment_regimens,"treatment_list_unique_chemotherapy_treatment_regimens_7+3 (Cytarabine, Idarubicin)|MiDAC"
"7+3 (Cytarabine, Idarubicin)|Azacitidine|Azacitidine, Lenalidomide|Decitabine",treatment,list_unique_chemotherapy_treatment_regimens,"treatment_list_unique_chemotherapy_treatment_regimens_7+3 (Cytarabine, Idarubicin)|Azacitidine|Azacitidine, Lenalidomide|Decitabine"
"3+7 (Cytarabine, Daunorubicin)",treatment,list_unique_chemotherapy_treatment_regimens,"treatment_list_unique_chemotherapy_treatment_regimens_3+7 (Cytarabine, Daunorubicin)"
"3+7 (Cytarabine, Daunorubicin)|Azacitidine|Azacitidine, Lenalidomide|Decitabine",treatment,list_unique_chemotherapy_treatment_regimens,"treatment_list_unique_chemotherapy_treatment_regimens_3+7 (Cytarabine, Daunorubicin)|Azacitidine|Azacitidine, Lenalidomide|Decitabine"
"Ruxolitinib|ATRA, Arsenic Trioxide|Idarubicin",treatment,list_unique_chemotherapy_treatment_regimens,"treatment_list_unique_chemotherapy_treatment_regimens_Ruxolitinib|ATRA, Arsenic Trioxide|Idarubicin"
"Cyclophosphamide, TBI|7+3 (Cytarabine, Idarubicin)|HAM-VD (Cytarabine, Mitoxantrone, Vincristine, Dexamethasone)",treatment,list_unique_chemotherapy_treatment_regimens,"treatment_list_unique_chemotherapy_treatment_regimens_Cyclophosphamide, TBI|7+3 (Cytarabine, Idarubicin)|HAM-VD (Cytarabine, Mitoxantrone, Vincristine, Dexamethasone)"
"7+3 (Cytarabine, Idarubicin)|HiDAC|Donor Lymphocyte Infusion|FLAG-IDA (Cytarabine, Filgrastim, Fludarabine, Idarubicin)|Azacitidine|FLAG (Fludarabine, High-dose Cytarabine, G-CSF)|Radiation|Busulfan, Cyclophosphamide",treatment,list_unique_chemotherapy_treatment_regimens,"treatment_list_unique_chemotherapy_treatment_regimens_7+3 (Cytarabine, Idarubicin)|HiDAC|Donor Lymphocyte Infusion|FLAG-IDA (Cytarabine, Filgrastim, Fludarabine, Idarubicin)|Azacitidine|FLAG (Fludarabine, High-dose Cytarabine, G-CSF)|Radiation|Busulfan, Cyclophosphamide"
"7+3 (Cytarabine, Idarubicin)|Azacitidine",treatment,list_unique_chemotherapy_treatment_regimens,"treatment_list_unique_chemotherapy_treatment_regimens_7+3 (Cytarabine, Idarubicin)|Azacitidine"
"J1219, quizartinib|7+3 (Cytarabine, Idarubicin)|Crenolanib|Azacitidine|Sorafenib|Valproic Acid|E1906, topotecan, carboplatin",treatment,list_unique_chemotherapy_treatment_regimens,"treatment_list_unique_chemotherapy_treatment_regimens_J1219, quizartinib|7+3 (Cytarabine, Idarubicin)|Crenolanib|Azacitidine|Sorafenib|Valproic Acid|E1906, topotecan, carboplatin"
"5+2 (Cytarabine, Idarubicin)|7+3 (Cytarabine, Idarubicin)|Azacitidine|Hydroxyurea",treatment,list_unique_chemotherapy_treatment_regimens,"treatment_list_unique_chemotherapy_treatment_regimens_5+2 (Cytarabine, Idarubicin)|7+3 (Cytarabine, Idarubicin)|Azacitidine|Hydroxyurea"
"7+3 (Cytarabine, Idarubicin)|Decitabine",treatment,list_unique_chemotherapy_treatment_regimens,"treatment_list_unique_chemotherapy_treatment_regimens_7+3 (Cytarabine, Idarubicin)|Decitabine"
"ATRA (Tretinoin)|7+3 (Cytarabine, Idarubicin)|HiDAC|Busulfan, Cyclophosphamide",treatment,list_unique_chemotherapy_treatment_regimens,"treatment_list_unique_chemotherapy_treatment_regimens_ATRA (Tretinoin)|7+3 (Cytarabine, Idarubicin)|HiDAC|Busulfan, Cyclophosphamide"
"Etoposide, TBI|7+3 (Cytarabine, Idarubicin)|HiDAC|FLAG-IDA (Cytarabine, Filgrastim, Fludarabine, Idarubicin)",treatment,list_unique_chemotherapy_treatment_regimens,"treatment_list_unique_chemotherapy_treatment_regimens_Etoposide, TBI|7+3 (Cytarabine, Idarubicin)|HiDAC|FLAG-IDA (Cytarabine, Filgrastim, Fludarabine, Idarubicin)"
"7+3 (Cytarabine, Idarubicin)|HiDAC|MEC (Cytarabine, Etoposide, Mitoxantrone)",treatment,list_unique_chemotherapy_treatment_regimens,"treatment_list_unique_chemotherapy_treatment_regimens_7+3 (Cytarabine, Idarubicin)|HiDAC|MEC (Cytarabine, Etoposide, Mitoxantrone)"
"7+3 (Cytarabine, Idarubicin)|MiDAC|Bu/Flu/TBI (Busulfan, Fludarabine, Total Body Irradiation)",treatment,list_unique_chemotherapy_treatment_regimens,"treatment_list_unique_chemotherapy_treatment_regimens_7+3 (Cytarabine, Idarubicin)|MiDAC|Bu/Flu/TBI (Busulfan, Fludarabine, Total Body Irradiation)"
"COG-AAML1031 (IT/IV Cytarabine, Daunorubicin, Etoposide, Mitoxantrone +/- Bortezomib or Sorafenib)",treatment,list_unique_chemotherapy_treatment_regimens,"treatment_list_unique_chemotherapy_treatment_regimens_COG-AAML1031 (IT/IV Cytarabine, Daunorubicin, Etoposide, Mitoxantrone +/- Bortezomib or Sorafenib)"
Decitabine,treatment,list_unique_chemotherapy_treatment_regimens,treatment_list_unique_chemotherapy_treatment_regimens_Decitabine
"7+3 (Cytarabine, Idarubicin)|Sunitinib|HAM (Cytarabine, Mitoxantrone)|FLAG-IDA (Cytarabine, Filgrastim, Fludarabine, Idarubicin)|Decitabine|Busulfan, Cyclophosphamide",treatment,list_unique_chemotherapy_treatment_regimens,"treatment_list_unique_chemotherapy_treatment_regimens_7+3 (Cytarabine, Idarubicin)|Sunitinib|HAM (Cytarabine, Mitoxantrone)|FLAG-IDA (Cytarabine, Filgrastim, Fludarabine, Idarubicin)|Decitabine|Busulfan, Cyclophosphamide"
"7+3 (Cytarabine, Idarubicin)|HiDAC|Cytarabine, Methotrexate|Busulfan, Cyclophosphamide",treatment,list_unique_chemotherapy_treatment_regimens,"treatment_list_unique_chemotherapy_treatment_regimens_7+3 (Cytarabine, Idarubicin)|HiDAC|Cytarabine, Methotrexate|Busulfan, Cyclophosphamide"
"Busulfan, Fludarabine|7+3 (Cytarabine, Idarubicin)|HiDAC|HAM (Cytarabine, Mitoxantrone)",treatment,list_unique_chemotherapy_treatment_regimens,"treatment_list_unique_chemotherapy_treatment_regimens_Busulfan, Fludarabine|7+3 (Cytarabine, Idarubicin)|HiDAC|HAM (Cytarabine, Mitoxantrone)"
"GCLAM (G-CSF, Cladribine, Cytarabine, and Mitoxantrone) |7+3 (Cytarabine, Idarubicin)|HiDAC|HAM (Cytarabine, Mitoxantrone)|FLAG-IDA (Cytarabine, Filgrastim, Fludarabine, Idarubicin)|Azacitidine|MEC (Cytarabine, Etoposide, Mitoxantrone)|Cladribine",treatment,list_unique_chemotherapy_treatment_regimens,"treatment_list_unique_chemotherapy_treatment_regimens_GCLAM (G-CSF, Cladribine, Cytarabine, and Mitoxantrone) |7+3 (Cytarabine, Idarubicin)|HiDAC|HAM (Cytarabine, Mitoxantrone)|FLAG-IDA (Cytarabine, Filgrastim, Fludarabine, Idarubicin)|Azacitidine|MEC (Cytarabine, Etoposide, Mitoxantrone)|Cladribine"
"7+3 (Cytarabine, Idarubicin)|HiDAC|Busulfan, Cyclophosphamide",treatment,list_unique_chemotherapy_treatment_regimens,"treatment_list_unique_chemotherapy_treatment_regimens_7+3 (Cytarabine, Idarubicin)|HiDAC|Busulfan, Cyclophosphamide"
"ATRA (Tretinoin)|3+7 (Cytarabine, Daunorubicin)",treatment,list_unique_chemotherapy_treatment_regimens,"treatment_list_unique_chemotherapy_treatment_regimens_ATRA (Tretinoin)|3+7 (Cytarabine, Daunorubicin)"
"7+3 (Cytarabine, Idarubicin)|HiDAC|FLAG-IDA (Cytarabine, Filgrastim, Fludarabine, Idarubicin)|MEC (Cytarabine, Etoposide, Mitoxantrone)|Busulfan, Cyclophosphamide",treatment,list_unique_chemotherapy_treatment_regimens,"treatment_list_unique_chemotherapy_treatment_regimens_7+3 (Cytarabine, Idarubicin)|HiDAC|FLAG-IDA (Cytarabine, Filgrastim, Fludarabine, Idarubicin)|MEC (Cytarabine, Etoposide, Mitoxantrone)|Busulfan, Cyclophosphamide"
"Fludarabine, Melphalan|Dasatinib|7+3 (Cytarabine, Idarubicin)|HiDAC|FLAG-IDA (Cytarabine, Filgrastim, Fludarabine, Idarubicin)|Azacitidine|MEC (Cytarabine, Etoposide, Mitoxantrone)|Rituximab|Busulfan, Cyclophosphamide",treatment,list_unique_chemotherapy_treatment_regimens,"treatment_list_unique_chemotherapy_treatment_regimens_Fludarabine, Melphalan|Dasatinib|7+3 (Cytarabine, Idarubicin)|HiDAC|FLAG-IDA (Cytarabine, Filgrastim, Fludarabine, Idarubicin)|Azacitidine|MEC (Cytarabine, Etoposide, Mitoxantrone)|Rituximab|Busulfan, Cyclophosphamide"
"Busulfan, Fludarabine|7+3 (Cytarabine, Idarubicin)|HiDAC",treatment,list_unique_chemotherapy_treatment_regimens,"treatment_list_unique_chemotherapy_treatment_regimens_Busulfan, Fludarabine|7+3 (Cytarabine, Idarubicin)|HiDAC"
"Cyclophosphamide, Fludarabine, TBI|FLAG (Fludarabine, High-dose Cytarabine, G-CSF)|COG-AAML0531 (Cytarabine, Daunorubicin, Etoposide, L-Asparaginase, Mitoxantrone +/- Gemtuzumab)|Treo/Flu/TBI (Treosulfan, Fludarabine, Total Body Irradiation)|COG-AAML07P1 (Bortezomib, Cytarabine, Etoposide, Idarubicin)",treatment,list_unique_chemotherapy_treatment_regimens,"treatment_list_unique_chemotherapy_treatment_regimens_Cyclophosphamide, Fludarabine, TBI|FLAG (Fludarabine, High-dose Cytarabine, G-CSF)|COG-AAML0531 (Cytarabine, Daunorubicin, Etoposide, L-Asparaginase, Mitoxantrone +/- Gemtuzumab)|Treo/Flu/TBI (Treosulfan, Fludarabine, Total Body Irradiation)|COG-AAML07P1 (Bortezomib, Cytarabine, Etoposide, Idarubicin)"
Azacitidine|Decitabine,treatment,list_unique_chemotherapy_treatment_regimens,treatment_list_unique_chemotherapy_treatment_regimens_Azacitidine|Decitabine
"7+3 (Cytarabine, Idarubicin)|MEC (Cytarabine, Etoposide, Mitoxantrone)",treatment,list_unique_chemotherapy_treatment_regimens,"treatment_list_unique_chemotherapy_treatment_regimens_7+3 (Cytarabine, Idarubicin)|MEC (Cytarabine, Etoposide, Mitoxantrone)"
"COG-AAML0531 (Cytarabine, Daunorubicin, Etoposide, L-Asparaginase, Mitoxantrone +/- Gemtuzumab)",treatment,list_unique_chemotherapy_treatment_regimens,"treatment_list_unique_chemotherapy_treatment_regimens_COG-AAML0531 (Cytarabine, Daunorubicin, Etoposide, L-Asparaginase, Mitoxantrone +/- Gemtuzumab)"
"Crenolanib|MEC, plexifor, GCSF|Sorafenib|7+3 (Cytarabine, Idarubicin) plus LBH|Clofarabine, Cytarabine",treatment,list_unique_chemotherapy_treatment_regimens,"treatment_list_unique_chemotherapy_treatment_regimens_Crenolanib|MEC, plexifor, GCSF|Sorafenib|7+3 (Cytarabine, Idarubicin) plus LBH|Clofarabine, Cytarabine"
"7+3 (Cytarabine, Idarubicin)",treatment,list_unique_chemotherapy_treatment_regimens,"treatment_list_unique_chemotherapy_treatment_regimens_7+3 (Cytarabine, Idarubicin)"
"GCLAM (G-CSF, Cladribine, Cytarabine, and Mitoxantrone) |3+7 (Cytarabine, Daunorubicin)|MEC (Cytarabine, Etoposide, Mitoxantrone)",treatment,list_unique_chemotherapy_treatment_regimens,"treatment_list_unique_chemotherapy_treatment_regimens_GCLAM (G-CSF, Cladribine, Cytarabine, and Mitoxantrone) |3+7 (Cytarabine, Daunorubicin)|MEC (Cytarabine, Etoposide, Mitoxantrone)"
"Fludarabine, Melphalan|7+3 (Cytarabine, Idarubicin)|HiDAC|FLAG-IDA (Cytarabine, Filgrastim, Fludarabine, Idarubicin)",treatment,list_unique_chemotherapy_treatment_regimens,"treatment_list_unique_chemotherapy_treatment_regimens_Fludarabine, Melphalan|7+3 (Cytarabine, Idarubicin)|HiDAC|FLAG-IDA (Cytarabine, Filgrastim, Fludarabine, Idarubicin)"
"Azacitidine, Lenalidomide",treatment,list_unique_chemotherapy_treatment_regimens,"treatment_list_unique_chemotherapy_treatment_regimens_Azacitidine, Lenalidomide"
"HiDAC|7+3 (Cytarabine, Idarubicin)|Busulfan, Cyclophosphamide",treatment,list_unique_chemotherapy_treatment_regimens,"treatment_list_unique_chemotherapy_treatment_regimens_HiDAC|7+3 (Cytarabine, Idarubicin)|Busulfan, Cyclophosphamide"
"Azacitidine|Azacitidine, Lenalidomide|Decitabine",treatment,list_unique_chemotherapy_treatment_regimens,"treatment_list_unique_chemotherapy_treatment_regimens_Azacitidine|Azacitidine, Lenalidomide|Decitabine"
"ATRA, Arsenic Trioxide",treatment,list_unique_chemotherapy_treatment_regimens,"treatment_list_unique_chemotherapy_treatment_regimens_ATRA, Arsenic Trioxide"
"7+3 (Cytarabine, Idarubicin)|HiDAC|FLAG-IDA (Cytarabine, Filgrastim, Fludarabine, Idarubicin)|MEC (Cytarabine, Etoposide, Mitoxantrone)|Cyclophosphamide, Etoposide, TBI",treatment,list_unique_chemotherapy_treatment_regimens,"treatment_list_unique_chemotherapy_treatment_regimens_7+3 (Cytarabine, Idarubicin)|HiDAC|FLAG-IDA (Cytarabine, Filgrastim, Fludarabine, Idarubicin)|MEC (Cytarabine, Etoposide, Mitoxantrone)|Cyclophosphamide, Etoposide, TBI"
"7+3 (Cytarabine, Idarubicin)|3+7 (Cytarabine, Daunorubicin)|Azacitidine, Gemtuzumab|MEC (Cytarabine, Etoposide, Mitoxantrone)|Etoposide, Cytarabine",treatment,list_unique_chemotherapy_treatment_regimens,"treatment_list_unique_chemotherapy_treatment_regimens_7+3 (Cytarabine, Idarubicin)|3+7 (Cytarabine, Daunorubicin)|Azacitidine, Gemtuzumab|MEC (Cytarabine, Etoposide, Mitoxantrone)|Etoposide, Cytarabine"
"7+3 (Cytarabine, Idarubicin)|HiDAC|Donor Lymphocyte Infusion|GCLAC (GCSF, Clofarabine & Cytarabine)|MEC (Cytarabine, Etoposide, Mitoxantrone)|Decitabine|Fludarabine, Cyclophosphamide, TBI",treatment,list_unique_chemotherapy_treatment_regimens,"treatment_list_unique_chemotherapy_treatment_regimens_7+3 (Cytarabine, Idarubicin)|HiDAC|Donor Lymphocyte Infusion|GCLAC (GCSF, Clofarabine & Cytarabine)|MEC (Cytarabine, Etoposide, Mitoxantrone)|Decitabine|Fludarabine, Cyclophosphamide, TBI"
"GCLAM (G-CSF, Cladribine, Cytarabine, and Mitoxantrone) |7+3 (Cytarabine, Idarubicin)|HiDAC|Decitabine",treatment,list_unique_chemotherapy_treatment_regimens,"treatment_list_unique_chemotherapy_treatment_regimens_GCLAM (G-CSF, Cladribine, Cytarabine, and Mitoxantrone) |7+3 (Cytarabine, Idarubicin)|HiDAC|Decitabine"
"Azacitidine, Sorafenib|7+3 (Cytarabine, Idarubicin)|HiDAC|Crenolanib|PLX3397|Fludarabine, Cyclophosphamide, Thiotepa, TBI|AC220 (Ambit)",treatment,list_unique_chemotherapy_treatment_regimens,"treatment_list_unique_chemotherapy_treatment_regimens_Azacitidine, Sorafenib|7+3 (Cytarabine, Idarubicin)|HiDAC|Crenolanib|PLX3397|Fludarabine, Cyclophosphamide, Thiotepa, TBI|AC220 (Ambit)"
"5+2 (Cytarabine, Idarubicin)|7+3 (Cytarabine, Idarubicin)|Decitabine|Stanford Protocol 9153 (TLI, ATG)",treatment,list_unique_chemotherapy_treatment_regimens,"treatment_list_unique_chemotherapy_treatment_regimens_5+2 (Cytarabine, Idarubicin)|7+3 (Cytarabine, Idarubicin)|Decitabine|Stanford Protocol 9153 (TLI, ATG)"
"Azacitidine, Lenalidomide|Temozolomide, Vorinostat",treatment,list_unique_chemotherapy_treatment_regimens,"treatment_list_unique_chemotherapy_treatment_regimens_Azacitidine, Lenalidomide|Temozolomide, Vorinostat"
"Cytarabine|Azacitidine|Stanford Protocol 9153 (TLI, ATG)",treatment,list_unique_chemotherapy_treatment_regimens,"treatment_list_unique_chemotherapy_treatment_regimens_Cytarabine|Azacitidine|Stanford Protocol 9153 (TLI, ATG)"
"7+3 (Cytarabine, Idarubicin)|HiDAC|AG-221|HAM (Mitoxantrone, Cytarabine) plus Crenolanib|Fludarabine, Melphalan, ATG",treatment,list_unique_chemotherapy_treatment_regimens,"treatment_list_unique_chemotherapy_treatment_regimens_7+3 (Cytarabine, Idarubicin)|HiDAC|AG-221|HAM (Mitoxantrone, Cytarabine) plus Crenolanib|Fludarabine, Melphalan, ATG"
"7+3 (Cytarabine, Idarubicin)|Decitabine|Bu/Flu/TBI (Busulfan, Fludarabine, Total Body Irradiation)",treatment,list_unique_chemotherapy_treatment_regimens,"treatment_list_unique_chemotherapy_treatment_regimens_7+3 (Cytarabine, Idarubicin)|Decitabine|Bu/Flu/TBI (Busulfan, Fludarabine, Total Body Irradiation)"
"Decitabine, Midostaurin",treatment,list_unique_chemotherapy_treatment_regimens,"treatment_list_unique_chemotherapy_treatment_regimens_Decitabine, Midostaurin"
"7+3 (Cytarabine, Idarubicin)|HiDAC|Azacitidine|MEC (Cytarabine, Etoposide, Mitoxantrone)|Decitabine",treatment,list_unique_chemotherapy_treatment_regimens,"treatment_list_unique_chemotherapy_treatment_regimens_7+3 (Cytarabine, Idarubicin)|HiDAC|Azacitidine|MEC (Cytarabine, Etoposide, Mitoxantrone)|Decitabine"
"7+3 (Cytarabine, Idarubicin)|Crenolanib",treatment,list_unique_chemotherapy_treatment_regimens,"treatment_list_unique_chemotherapy_treatment_regimens_7+3 (Cytarabine, Idarubicin)|Crenolanib"
"5+2 (Cytarabine, Idarubicin)|7+3 (Cytarabine, Idarubicin)|MEC (Cytarabine, Etoposide, Mitoxantrone)|Decitabine",treatment,list_unique_chemotherapy_treatment_regimens,"treatment_list_unique_chemotherapy_treatment_regimens_5+2 (Cytarabine, Idarubicin)|7+3 (Cytarabine, Idarubicin)|MEC (Cytarabine, Etoposide, Mitoxantrone)|Decitabine"
"7+3 (Cytarabine, Idarubicin)|HiDAC|CLAG-M (Cladribine, Cytarabine, Mitoxantrone, Filgrastim)",treatment,list_unique_chemotherapy_treatment_regimens,"treatment_list_unique_chemotherapy_treatment_regimens_7+3 (Cytarabine, Idarubicin)|HiDAC|CLAG-M (Cladribine, Cytarabine, Mitoxantrone, Filgrastim)"
"CPX-351 (Liposomal Cytarabine + Daunorubicin)|Bu/Flu/TBI (Busulfan, Fludarabine, Total Body Irradiation)",treatment,list_unique_chemotherapy_treatment_regimens,"treatment_list_unique_chemotherapy_treatment_regimens_CPX-351 (Liposomal Cytarabine + Daunorubicin)|Bu/Flu/TBI (Busulfan, Fludarabine, Total Body Irradiation)"
"7+3 (Cytarabine, Idarubicin)|HiDAC|FLAG-IDA (Cytarabine, Filgrastim, Fludarabine, Idarubicin)|Azacitidine",treatment,list_unique_chemotherapy_treatment_regimens,"treatment_list_unique_chemotherapy_treatment_regimens_7+3 (Cytarabine, Idarubicin)|HiDAC|FLAG-IDA (Cytarabine, Filgrastim, Fludarabine, Idarubicin)|Azacitidine"
"7+3 (Cytarabine, Idarubicin)|HiDAC|FLAG-IDA (Cytarabine, Filgrastim, Fludarabine, Idarubicin)|Crenolanib|Clofarabine, Cytarabine|Busulfan, Cyclophosphamide",treatment,list_unique_chemotherapy_treatment_regimens,"treatment_list_unique_chemotherapy_treatment_regimens_7+3 (Cytarabine, Idarubicin)|HiDAC|FLAG-IDA (Cytarabine, Filgrastim, Fludarabine, Idarubicin)|Crenolanib|Clofarabine, Cytarabine|Busulfan, Cyclophosphamide"
"7+3 (Cytarabine, Idarubicin)|HiDAC|MEC (Cytarabine, Etoposide, Mitoxantrone)|Decitabine",treatment,list_unique_chemotherapy_treatment_regimens,"treatment_list_unique_chemotherapy_treatment_regimens_7+3 (Cytarabine, Idarubicin)|HiDAC|MEC (Cytarabine, Etoposide, Mitoxantrone)|Decitabine"
"Cytarabine, Fludarabine, Sorafenib|Crenolanib|Azacitidine|Sorafenib|Decitabine, Sorafenib |Clofarabine, Cytarabine|Sapacitabine (CYC682-06)",treatment,list_unique_chemotherapy_treatment_regimens,"treatment_list_unique_chemotherapy_treatment_regimens_Cytarabine, Fludarabine, Sorafenib|Crenolanib|Azacitidine|Sorafenib|Decitabine, Sorafenib |Clofarabine, Cytarabine|Sapacitabine (CYC682-06)"
"Cyclophosphamide, Fludarabine, TBI|FLAG-IDA (Cytarabine, Filgrastim, Fludarabine, Idarubicin)|Azacitidine",treatment,list_unique_chemotherapy_treatment_regimens,"treatment_list_unique_chemotherapy_treatment_regimens_Cyclophosphamide, Fludarabine, TBI|FLAG-IDA (Cytarabine, Filgrastim, Fludarabine, Idarubicin)|Azacitidine"
"HiDAC|Crenolanib|Etoposide|Topotecan|Decitabine|Clofarabine|Thioguanine|7+3 (Cytarabine, Idarubicin)|Cyclophosphamide|Thiotepa|Sorafenib|Mitoxantrone|Vinorelbine",treatment,list_unique_chemotherapy_treatment_regimens,"treatment_list_unique_chemotherapy_treatment_regimens_HiDAC|Crenolanib|Etoposide|Topotecan|Decitabine|Clofarabine|Thioguanine|7+3 (Cytarabine, Idarubicin)|Cyclophosphamide|Thiotepa|Sorafenib|Mitoxantrone|Vinorelbine"
"Dasatinib|7+3 (Cytarabine, Idarubicin)|Azacitidine|Decitabine",treatment,list_unique_chemotherapy_treatment_regimens,"treatment_list_unique_chemotherapy_treatment_regimens_Dasatinib|7+3 (Cytarabine, Idarubicin)|Azacitidine|Decitabine"
"7+3 (Cytarabine, Idarubicin)|MEC (Cytarabine, Etoposide, Mitoxantrone)|Busulfan, Cyclophosphamide",treatment,list_unique_chemotherapy_treatment_regimens,"treatment_list_unique_chemotherapy_treatment_regimens_7+3 (Cytarabine, Idarubicin)|MEC (Cytarabine, Etoposide, Mitoxantrone)|Busulfan, Cyclophosphamide"
"FLAG-IDA (Cytarabine, Filgrastim, Fludarabine, Idarubicin)|Azacitidine|Etoposide, Mitoxantrone",treatment,list_unique_chemotherapy_treatment_regimens,"treatment_list_unique_chemotherapy_treatment_regimens_FLAG-IDA (Cytarabine, Filgrastim, Fludarabine, Idarubicin)|Azacitidine|Etoposide, Mitoxantrone"
"5+2 (Cytarabine, Idarubicin)|7+3 (Cytarabine, Idarubicin)|HAM (Cytarabine, Mitoxantrone)|Hydroxyurea|Busulfan, Cyclophosphamide",treatment,list_unique_chemotherapy_treatment_regimens,"treatment_list_unique_chemotherapy_treatment_regimens_5+2 (Cytarabine, Idarubicin)|7+3 (Cytarabine, Idarubicin)|HAM (Cytarabine, Mitoxantrone)|Hydroxyurea|Busulfan, Cyclophosphamide"
"Fludarabine, BCNU, Melphalan|Decitabine, Midostaurin",treatment,list_unique_chemotherapy_treatment_regimens,"treatment_list_unique_chemotherapy_treatment_regimens_Fludarabine, BCNU, Melphalan|Decitabine, Midostaurin"
"Nelarabine|POMP (Prednisone, Methotrexate, 6-MP, Vincristine)|3+7 (Cytarabine, Daunorubicin)|HyperCVAD|Azacitidine|GCLAC (GCSF, Clofarabine & Cytarabine)|CLAG-M (Cladribine, Cytarabine, Mitoxantrone, Filgrastim)",treatment,list_unique_chemotherapy_treatment_regimens,"treatment_list_unique_chemotherapy_treatment_regimens_Nelarabine|POMP (Prednisone, Methotrexate, 6-MP, Vincristine)|3+7 (Cytarabine, Daunorubicin)|HyperCVAD|Azacitidine|GCLAC (GCSF, Clofarabine & Cytarabine)|CLAG-M (Cladribine, Cytarabine, Mitoxantrone, Filgrastim)"
"7+3 (Cytarabine, Idarubicin)|Crenolanib|Azacitidine|MEC (Cytarabine, Etoposide, Mitoxantrone)|Decitabine, Sorafenib |Quizartinib",treatment,list_unique_chemotherapy_treatment_regimens,"treatment_list_unique_chemotherapy_treatment_regimens_7+3 (Cytarabine, Idarubicin)|Crenolanib|Azacitidine|MEC (Cytarabine, Etoposide, Mitoxantrone)|Decitabine, Sorafenib |Quizartinib"
"7+3 (Cytarabine, Idarubicin)|FLAG-IDA (Cytarabine, Filgrastim, Fludarabine, Idarubicin)|MEC (Cytarabine, Etoposide, Mitoxantrone)|Decitabine",treatment,list_unique_chemotherapy_treatment_regimens,"treatment_list_unique_chemotherapy_treatment_regimens_7+3 (Cytarabine, Idarubicin)|FLAG-IDA (Cytarabine, Filgrastim, Fludarabine, Idarubicin)|MEC (Cytarabine, Etoposide, Mitoxantrone)|Decitabine"
"Crenolanib|MEC (Cytarabine, Etoposide, Mitoxantrone)",treatment,list_unique_chemotherapy_treatment_regimens,"treatment_list_unique_chemotherapy_treatment_regimens_Crenolanib|MEC (Cytarabine, Etoposide, Mitoxantrone)"
"7+3 (Cytarabine, Idarubicin)|Azacitidine|MiDAC",treatment,list_unique_chemotherapy_treatment_regimens,"treatment_list_unique_chemotherapy_treatment_regimens_7+3 (Cytarabine, Idarubicin)|Azacitidine|MiDAC"
"FLAG-IDA (Cytarabine, Filgrastim, Fludarabine, Idarubicin)",treatment,list_unique_chemotherapy_treatment_regimens,"treatment_list_unique_chemotherapy_treatment_regimens_FLAG-IDA (Cytarabine, Filgrastim, Fludarabine, Idarubicin)"
"S0919 Trial (Pravastatin, Idarubicin, Cytarabine)|7+3 (Cytarabine, Idarubicin)|FLAG-IDA (Cytarabine, Filgrastim, Fludarabine, Idarubicin)|Lenalidomide|Decitabine",treatment,list_unique_chemotherapy_treatment_regimens,"treatment_list_unique_chemotherapy_treatment_regimens_S0919 Trial (Pravastatin, Idarubicin, Cytarabine)|7+3 (Cytarabine, Idarubicin)|FLAG-IDA (Cytarabine, Filgrastim, Fludarabine, Idarubicin)|Lenalidomide|Decitabine"
"SWOG S1203 (7+3 +/- Vorinostat)|Fludarabine, Cyclophosphamide, TBI",treatment,list_unique_chemotherapy_treatment_regimens,"treatment_list_unique_chemotherapy_treatment_regimens_SWOG S1203 (7+3 +/- Vorinostat)|Fludarabine, Cyclophosphamide, TBI"
"7+3 (Cytarabine, Idarubicin)|Fludarabine, TBI|MiDAC|FATE Trial RIC (Fludarabine, Melphalan, Rabbit ATG) |ODSH (2 O, 3-O Desulfated Heparin)",treatment,list_unique_chemotherapy_treatment_regimens,"treatment_list_unique_chemotherapy_treatment_regimens_7+3 (Cytarabine, Idarubicin)|Fludarabine, TBI|MiDAC|FATE Trial RIC (Fludarabine, Melphalan, Rabbit ATG) |ODSH (2 O, 3-O Desulfated Heparin)"
"5+2 (Cytarabine, Idarubicin)|7+3 (Cytarabine, Idarubicin)|HiDAC|Busulfan, Cyclophosphamide",treatment,list_unique_chemotherapy_treatment_regimens,"treatment_list_unique_chemotherapy_treatment_regimens_5+2 (Cytarabine, Idarubicin)|7+3 (Cytarabine, Idarubicin)|HiDAC|Busulfan, Cyclophosphamide"
Hydroxyurea,treatment,list_unique_chemotherapy_treatment_regimens,treatment_list_unique_chemotherapy_treatment_regimens_Hydroxyurea
"Hydroxyurea|Decitabine|Temozolomide, Vorinostat|Azacitidine, MLN4924",treatment,list_unique_chemotherapy_treatment_regimens,"treatment_list_unique_chemotherapy_treatment_regimens_Hydroxyurea|Decitabine|Temozolomide, Vorinostat|Azacitidine, MLN4924"
"7+3 (Cytarabine, Idarubicin)|FLAG-IDA (Cytarabine, Filgrastim, Fludarabine, Idarubicin)|Azacitidine|MEC (Cytarabine, Etoposide, Mitoxantrone)",treatment,list_unique_chemotherapy_treatment_regimens,"treatment_list_unique_chemotherapy_treatment_regimens_7+3 (Cytarabine, Idarubicin)|FLAG-IDA (Cytarabine, Filgrastim, Fludarabine, Idarubicin)|Azacitidine|MEC (Cytarabine, Etoposide, Mitoxantrone)"
"7+3 (Cytarabine, Idarubicin)|HiDAC|Azacitidine|Busulfan, Cyclophosphamide",treatment,list_unique_chemotherapy_treatment_regimens,"treatment_list_unique_chemotherapy_treatment_regimens_7+3 (Cytarabine, Idarubicin)|HiDAC|Azacitidine|Busulfan, Cyclophosphamide"
AG-221,treatment,list_unique_chemotherapy_treatment_regimens,treatment_list_unique_chemotherapy_treatment_regimens_AG-221
"7+3 (Cytarabine, Idarubicin)|HiDAC|MEC (Cytarabine, Etoposide, Mitoxantrone)|Busulfan, Cyclophosphamide",treatment,list_unique_chemotherapy_treatment_regimens,"treatment_list_unique_chemotherapy_treatment_regimens_7+3 (Cytarabine, Idarubicin)|HiDAC|MEC (Cytarabine, Etoposide, Mitoxantrone)|Busulfan, Cyclophosphamide"
"CPX-351 (Liposomal Cytarabine + Daunorubicin)|Lenalidomide|MEC (Cytarabine, Etoposide, Mitoxantrone)",treatment,list_unique_chemotherapy_treatment_regimens,"treatment_list_unique_chemotherapy_treatment_regimens_CPX-351 (Liposomal Cytarabine + Daunorubicin)|Lenalidomide|MEC (Cytarabine, Etoposide, Mitoxantrone)"
Bevacizumab,treatment,list_unique_chemotherapy_treatment_regimens,treatment_list_unique_chemotherapy_treatment_regimens_Bevacizumab
"E7070, Idarubicin, Cytarabine|5+2 (Cytarabine, Idarubicin)|7+3 (Cytarabine, Idarubicin)|HiDAC|GCLAC (GCSF, Clofarabine & Cytarabine)|MEC (Cytarabine, Etoposide, Mitoxantrone)|BL-8040|IGN523",treatment,list_unique_chemotherapy_treatment_regimens,"treatment_list_unique_chemotherapy_treatment_regimens_E7070, Idarubicin, Cytarabine|5+2 (Cytarabine, Idarubicin)|7+3 (Cytarabine, Idarubicin)|HiDAC|GCLAC (GCSF, Clofarabine & Cytarabine)|MEC (Cytarabine, Etoposide, Mitoxantrone)|BL-8040|IGN523"
"Fludarabine, Melphalan|Azacitidine",treatment,list_unique_chemotherapy_treatment_regimens,"treatment_list_unique_chemotherapy_treatment_regimens_Fludarabine, Melphalan|Azacitidine"
"Fludarabine, Melphalan|Lenalidomide|Decitabine",treatment,list_unique_chemotherapy_treatment_regimens,"treatment_list_unique_chemotherapy_treatment_regimens_Fludarabine, Melphalan|Lenalidomide|Decitabine"
"COG-AAML1031 (IT/IV Cytarabine, Daunorubicin, Etoposide, Mitoxantrone +/- Bortezomib or Sorafenib)|Clofarabine, Cyclophosphamide, Etoposide|HAM (Cytarabine, Mitoxantrone)",treatment,list_unique_chemotherapy_treatment_regimens,"treatment_list_unique_chemotherapy_treatment_regimens_COG-AAML1031 (IT/IV Cytarabine, Daunorubicin, Etoposide, Mitoxantrone +/- Bortezomib or Sorafenib)|Clofarabine, Cyclophosphamide, Etoposide|HAM (Cytarabine, Mitoxantrone)"
"7+3 (Cytarabine, Idarubicin)|Azacitidine, Lenalidomide|Decitabine",treatment,list_unique_chemotherapy_treatment_regimens,"treatment_list_unique_chemotherapy_treatment_regimens_7+3 (Cytarabine, Idarubicin)|Azacitidine, Lenalidomide|Decitabine"
"7+3 (Cytarabine, Idarubicin)|GCLAC (GCSF, Clofarabine & Cytarabine)|Busulfan, Cyclophosphamide",treatment,list_unique_chemotherapy_treatment_regimens,"treatment_list_unique_chemotherapy_treatment_regimens_7+3 (Cytarabine, Idarubicin)|GCLAC (GCSF, Clofarabine & Cytarabine)|Busulfan, Cyclophosphamide"
"Busulfan, Fludarabine|Etoposide, TBI|PETHEMA Trial LPA05 (ATRA (Tretinoin), Idarubicin, Mitoxantrone, Cytarabine)|Idarubicin, Mitoxantrone|FLAG-IDA (Cytarabine, Filgrastim, Fludarabine, Idarubicin)|ATRA, Arsenic Trioxide|ATRA, 6-MP, Methotrexate",treatment,list_unique_chemotherapy_treatment_regimens,"treatment_list_unique_chemotherapy_treatment_regimens_Busulfan, Fludarabine|Etoposide, TBI|PETHEMA Trial LPA05 (ATRA (Tretinoin), Idarubicin, Mitoxantrone, Cytarabine)|Idarubicin, Mitoxantrone|FLAG-IDA (Cytarabine, Filgrastim, Fludarabine, Idarubicin)|ATRA, Arsenic Trioxide|ATRA, 6-MP, Methotrexate"
"Fludarabine, Melphalan|FLAG-IDA (Cytarabine, Filgrastim, Fludarabine, Idarubicin)|MEC (Cytarabine, Etoposide, Mitoxantrone)|Decitabine",treatment,list_unique_chemotherapy_treatment_regimens,"treatment_list_unique_chemotherapy_treatment_regimens_Fludarabine, Melphalan|FLAG-IDA (Cytarabine, Filgrastim, Fludarabine, Idarubicin)|MEC (Cytarabine, Etoposide, Mitoxantrone)|Decitabine"
CPX-351 (Liposomal Cytarabine + Daunorubicin),treatment,list_unique_chemotherapy_treatment_regimens,treatment_list_unique_chemotherapy_treatment_regimens_CPX-351 (Liposomal Cytarabine + Daunorubicin)
"7+3 (Cytarabine, Idarubicin)|CLAG (Cladribine, Cytarabine, Filgrastim)|MiDAC|ODSH (2 O, 3-O Desulfated Heparin) |SGN-CD33A",treatment,list_unique_chemotherapy_treatment_regimens,"treatment_list_unique_chemotherapy_treatment_regimens_7+3 (Cytarabine, Idarubicin)|CLAG (Cladribine, Cytarabine, Filgrastim)|MiDAC|ODSH (2 O, 3-O Desulfated Heparin) |SGN-CD33A"
"CPX-351 (Liposomal Cytarabine + Daunorubicin)|Azacitidine|Methotrexate|Busulfan, Cyclophosphamide",treatment,list_unique_chemotherapy_treatment_regimens,"treatment_list_unique_chemotherapy_treatment_regimens_CPX-351 (Liposomal Cytarabine + Daunorubicin)|Azacitidine|Methotrexate|Busulfan, Cyclophosphamide"
"Busulfan, Fludarabine|7+3 (Cytarabine, Idarubicin)|HiDAC|Donor Lymphocyte Infusion|Azacitidine|CLAG-M (Cladribine, Cytarabine, Mitoxantrone, Filgrastim)|Clofarabine|ODSH (2 O, 3-O Desulfated Heparin)",treatment,list_unique_chemotherapy_treatment_regimens,"treatment_list_unique_chemotherapy_treatment_regimens_Busulfan, Fludarabine|7+3 (Cytarabine, Idarubicin)|HiDAC|Donor Lymphocyte Infusion|Azacitidine|CLAG-M (Cladribine, Cytarabine, Mitoxantrone, Filgrastim)|Clofarabine|ODSH (2 O, 3-O Desulfated Heparin)"
"ADE (Cytarabine, Daunorubicin & Etoposide)|Cyclophosphamide, TBI|Bu/Flu/TBI (Busulfan, Fludarabine, Total Body Irradiation)",treatment,list_unique_chemotherapy_treatment_regimens,"treatment_list_unique_chemotherapy_treatment_regimens_ADE (Cytarabine, Daunorubicin & Etoposide)|Cyclophosphamide, TBI|Bu/Flu/TBI (Busulfan, Fludarabine, Total Body Irradiation)"
"Fludarabine, Melphalan|Fludarabine, Cytarabine",treatment,list_unique_chemotherapy_treatment_regimens,"treatment_list_unique_chemotherapy_treatment_regimens_Fludarabine, Melphalan|Fludarabine, Cytarabine"
"5+2 (Cytarabine, Idarubicin)|3+7 (Cytarabine, Daunorubicin)|Busulfan, Cyclophosphamide",treatment,list_unique_chemotherapy_treatment_regimens,"treatment_list_unique_chemotherapy_treatment_regimens_5+2 (Cytarabine, Idarubicin)|3+7 (Cytarabine, Daunorubicin)|Busulfan, Cyclophosphamide"
"7+3 (Cytarabine, Idarubicin)|FLAG-IDA (Cytarabine, Filgrastim, Fludarabine, Idarubicin)|Azacitidine|MEC (Cytarabine, Etoposide, Mitoxantrone)|MiDAC",treatment,list_unique_chemotherapy_treatment_regimens,"treatment_list_unique_chemotherapy_treatment_regimens_7+3 (Cytarabine, Idarubicin)|FLAG-IDA (Cytarabine, Filgrastim, Fludarabine, Idarubicin)|Azacitidine|MEC (Cytarabine, Etoposide, Mitoxantrone)|MiDAC"
"7+3 (Cytarabine, Idarubicin)|HiDAC|Cytarabine|Decitabine, Hydroxyurea",treatment,list_unique_chemotherapy_treatment_regimens,"treatment_list_unique_chemotherapy_treatment_regimens_7+3 (Cytarabine, Idarubicin)|HiDAC|Cytarabine|Decitabine, Hydroxyurea"
"Azacitidine|Decitabine|Rigosertib|Clofarabine, Cytarabine",treatment,list_unique_chemotherapy_treatment_regimens,"treatment_list_unique_chemotherapy_treatment_regimens_Azacitidine|Decitabine|Rigosertib|Clofarabine, Cytarabine"
"5+2 (Cytarabine, Idarubicin)|7+3 (Cytarabine, Idarubicin)",treatment,list_unique_chemotherapy_treatment_regimens,"treatment_list_unique_chemotherapy_treatment_regimens_5+2 (Cytarabine, Idarubicin)|7+3 (Cytarabine, Idarubicin)"
"Fludarabine, Melphalan|7+3 (Cytarabine, Idarubicin)|Fludarabine|FLAG (Fludarabine, High-dose Cytarabine, G-CSF)|MiDAC",treatment,list_unique_chemotherapy_treatment_regimens,"treatment_list_unique_chemotherapy_treatment_regimens_Fludarabine, Melphalan|7+3 (Cytarabine, Idarubicin)|Fludarabine|FLAG (Fludarabine, High-dose Cytarabine, G-CSF)|MiDAC"
"7+3 (Cytarabine, Idarubicin)|HiDAC|Azacitidine|Clofarabine, Cytarabine",treatment,list_unique_chemotherapy_treatment_regimens,"treatment_list_unique_chemotherapy_treatment_regimens_7+3 (Cytarabine, Idarubicin)|HiDAC|Azacitidine|Clofarabine, Cytarabine"
SWOG S1203 (7+3 +/- Vorinostat),treatment,list_unique_chemotherapy_treatment_regimens,treatment_list_unique_chemotherapy_treatment_regimens_SWOG S1203 (7+3 +/- Vorinostat)
"Trametinib|HAEP (Cytarabine, Etoposide, Cisplatin)",treatment,list_unique_chemotherapy_treatment_regimens,"treatment_list_unique_chemotherapy_treatment_regimens_Trametinib|HAEP (Cytarabine, Etoposide, Cisplatin)"
"7+3 (Cytarabine, Idarubicin)|HiDAC|Cytarabine|BL-8040",treatment,list_unique_chemotherapy_treatment_regimens,"treatment_list_unique_chemotherapy_treatment_regimens_7+3 (Cytarabine, Idarubicin)|HiDAC|Cytarabine|BL-8040"
"MiDAC|FATE Trial RIC (Fludarabine, Melphalan, Rabbit ATG) |7+3 (Cytarabine, Idarubicin) plus Sorafenib|ODSH (2 O, 3-O Desulfated Heparin) |SGN-CD33A",treatment,list_unique_chemotherapy_treatment_regimens,"treatment_list_unique_chemotherapy_treatment_regimens_MiDAC|FATE Trial RIC (Fludarabine, Melphalan, Rabbit ATG) |7+3 (Cytarabine, Idarubicin) plus Sorafenib|ODSH (2 O, 3-O Desulfated Heparin) |SGN-CD33A"
"Hydroxyurea|Azacitidine, MLN4924",treatment,list_unique_chemotherapy_treatment_regimens,"treatment_list_unique_chemotherapy_treatment_regimens_Hydroxyurea|Azacitidine, MLN4924"
"Azacitidine|Sorafenib|Decitabine, Midostaurin",treatment,list_unique_chemotherapy_treatment_regimens,"treatment_list_unique_chemotherapy_treatment_regimens_Azacitidine|Sorafenib|Decitabine, Midostaurin"
"7+3 (Cytarabine, Idarubicin)|HiDAC|ODSH (2 O, 3-O Desulfated Heparin)",treatment,list_unique_chemotherapy_treatment_regimens,"treatment_list_unique_chemotherapy_treatment_regimens_7+3 (Cytarabine, Idarubicin)|HiDAC|ODSH (2 O, 3-O Desulfated Heparin)"
"Decitabine|Busulfan, Cyclophosphamide",treatment,list_unique_chemotherapy_treatment_regimens,"treatment_list_unique_chemotherapy_treatment_regimens_Decitabine|Busulfan, Cyclophosphamide"
Azacitidine|Decitabine|Clofarabine,treatment,list_unique_chemotherapy_treatment_regimens,treatment_list_unique_chemotherapy_treatment_regimens_Azacitidine|Decitabine|Clofarabine
AG-221|Azacitidine|Decitabine,treatment,list_unique_chemotherapy_treatment_regimens,treatment_list_unique_chemotherapy_treatment_regimens_AG-221|Azacitidine|Decitabine
"3+7 (Cytarabine, Daunorubicin)|Azacitidine",treatment,list_unique_chemotherapy_treatment_regimens,"treatment_list_unique_chemotherapy_treatment_regimens_3+7 (Cytarabine, Daunorubicin)|Azacitidine"
"GCLAM (G-CSF, Cladribine, Cytarabine, and Mitoxantrone) |Busulfan, Fludarabine, Thymoglobulin (Bu/Flu/ATG)|Radiation",treatment,list_unique_chemotherapy_treatment_regimens,"treatment_list_unique_chemotherapy_treatment_regimens_GCLAM (G-CSF, Cladribine, Cytarabine, and Mitoxantrone) |Busulfan, Fludarabine, Thymoglobulin (Bu/Flu/ATG)|Radiation"
"7+3 (Cytarabine, Idarubicin)|HiDAC|FLAG-IDA (Cytarabine, Filgrastim, Fludarabine, Idarubicin)|Stanford Protocol 9022 (BU/CY)",treatment,list_unique_chemotherapy_treatment_regimens,"treatment_list_unique_chemotherapy_treatment_regimens_7+3 (Cytarabine, Idarubicin)|HiDAC|FLAG-IDA (Cytarabine, Filgrastim, Fludarabine, Idarubicin)|Stanford Protocol 9022 (BU/CY)"
"ATRA, Arsenic Trioxide|APML4 Protocol (ATRA, Arsenic Trioxide, Idarubicin)",treatment,list_unique_chemotherapy_treatment_regimens,"treatment_list_unique_chemotherapy_treatment_regimens_ATRA, Arsenic Trioxide|APML4 Protocol (ATRA, Arsenic Trioxide, Idarubicin)"
"Fludarabine, Melphalan|Idarubicin and Cytarabine",treatment,list_unique_chemotherapy_treatment_regimens,"treatment_list_unique_chemotherapy_treatment_regimens_Fludarabine, Melphalan|Idarubicin and Cytarabine"
"Azacitidine, MLN4924",treatment,list_unique_chemotherapy_treatment_regimens,"treatment_list_unique_chemotherapy_treatment_regimens_Azacitidine, MLN4924"
"3+7 (Cytarabine, Daunorubicin)|FLAG (Fludarabine, High-dose Cytarabine, G-CSF)|5+2 (Ara-C, Daunorubicin)",treatment,list_unique_chemotherapy_treatment_regimens,"treatment_list_unique_chemotherapy_treatment_regimens_3+7 (Cytarabine, Daunorubicin)|FLAG (Fludarabine, High-dose Cytarabine, G-CSF)|5+2 (Ara-C, Daunorubicin)"
"Fludarabine, Melphalan|Azacitidine, Lenalidomide",treatment,list_unique_chemotherapy_treatment_regimens,"treatment_list_unique_chemotherapy_treatment_regimens_Fludarabine, Melphalan|Azacitidine, Lenalidomide"
"ATRA (Tretinoin)|Cyclophosphamide, TBI|3+7 (Cytarabine, Daunorubicin)|GCLAC (GCSF, Clofarabine & Cytarabine)",treatment,list_unique_chemotherapy_treatment_regimens,"treatment_list_unique_chemotherapy_treatment_regimens_ATRA (Tretinoin)|Cyclophosphamide, TBI|3+7 (Cytarabine, Daunorubicin)|GCLAC (GCSF, Clofarabine & Cytarabine)"
"HiDAC|AG-221|Gilteritinib (ASP2215)|3+7 (Cytarabine, Daunorubicin)|MEC (Cytarabine, Etoposide, Mitoxantrone)|Decitabine|MEC, Lenalidomide|Clofarabine, Cytarabine",treatment,list_unique_chemotherapy_treatment_regimens,"treatment_list_unique_chemotherapy_treatment_regimens_HiDAC|AG-221|Gilteritinib (ASP2215)|3+7 (Cytarabine, Daunorubicin)|MEC (Cytarabine, Etoposide, Mitoxantrone)|Decitabine|MEC, Lenalidomide|Clofarabine, Cytarabine"
"7+3 (Cytarabine, Idarubicin)|HAM (Cytarabine, Mitoxantrone)|MEC (Cytarabine, Etoposide, Mitoxantrone)",treatment,list_unique_chemotherapy_treatment_regimens,"treatment_list_unique_chemotherapy_treatment_regimens_7+3 (Cytarabine, Idarubicin)|HAM (Cytarabine, Mitoxantrone)|MEC (Cytarabine, Etoposide, Mitoxantrone)"
"HiDAC|Cytarabine|SWOG S1203 (7+3 +/- Vorinostat)|Hydroxyurea|MEC, Lenalidomide",treatment,list_unique_chemotherapy_treatment_regimens,"treatment_list_unique_chemotherapy_treatment_regimens_HiDAC|Cytarabine|SWOG S1203 (7+3 +/- Vorinostat)|Hydroxyurea|MEC, Lenalidomide"
"3+7 (Cytarabine, Daunorubicin)|MEC (Cytarabine, Etoposide, Mitoxantrone)",treatment,list_unique_chemotherapy_treatment_regimens,"treatment_list_unique_chemotherapy_treatment_regimens_3+7 (Cytarabine, Daunorubicin)|MEC (Cytarabine, Etoposide, Mitoxantrone)"
"7+3 (Cytarabine, Idarubicin)|HiDAC|Azacitidine|CLAG-M (Cladribine, Cytarabine, Mitoxantrone, Filgrastim)|7+3 (Cytarabine, Idarubicin) plus Sorafenib|Ponatinib",treatment,list_unique_chemotherapy_treatment_regimens,"treatment_list_unique_chemotherapy_treatment_regimens_7+3 (Cytarabine, Idarubicin)|HiDAC|Azacitidine|CLAG-M (Cladribine, Cytarabine, Mitoxantrone, Filgrastim)|7+3 (Cytarabine, Idarubicin) plus Sorafenib|Ponatinib"
"5+2 (Cytarabine, Idarubicin)|7+3 (Cytarabine, Idarubicin)|CLAG-M (Cladribine, Cytarabine, Mitoxantrone, Filgrastim)",treatment,list_unique_chemotherapy_treatment_regimens,"treatment_list_unique_chemotherapy_treatment_regimens_5+2 (Cytarabine, Idarubicin)|7+3 (Cytarabine, Idarubicin)|CLAG-M (Cladribine, Cytarabine, Mitoxantrone, Filgrastim)"
"HyperCVAD Course B (Cytarabine, Methotrexate)|EWALL Protocol|Bu/Cy/TBI|HyperCVAD Course A (Cyclophosphamide, Dexamethasone, Doxorubicin, Vincristine)",treatment,list_unique_chemotherapy_treatment_regimens,"treatment_list_unique_chemotherapy_treatment_regimens_HyperCVAD Course B (Cytarabine, Methotrexate)|EWALL Protocol|Bu/Cy/TBI|HyperCVAD Course A (Cyclophosphamide, Dexamethasone, Doxorubicin, Vincristine)"
"Fludarabine, Melphalan|7+3 (Cytarabine, Idarubicin)|FLAG-IDA (Cytarabine, Filgrastim, Fludarabine, Idarubicin)|MiDAC",treatment,list_unique_chemotherapy_treatment_regimens,"treatment_list_unique_chemotherapy_treatment_regimens_Fludarabine, Melphalan|7+3 (Cytarabine, Idarubicin)|FLAG-IDA (Cytarabine, Filgrastim, Fludarabine, Idarubicin)|MiDAC"
"7+3 (Cytarabine, Idarubicin)|HiDAC|Busulfan, Cyclophosphamide, Thymoglobulin",treatment,list_unique_chemotherapy_treatment_regimens,"treatment_list_unique_chemotherapy_treatment_regimens_7+3 (Cytarabine, Idarubicin)|HiDAC|Busulfan, Cyclophosphamide, Thymoglobulin"
"7+3 (Cytarabine, Idarubicin)|Lenalidomide|Azacitidine",treatment,list_unique_chemotherapy_treatment_regimens,"treatment_list_unique_chemotherapy_treatment_regimens_7+3 (Cytarabine, Idarubicin)|Lenalidomide|Azacitidine"
"Bu/Cy/ATG|ADE (Cytarabine, Daunorubicin & Etoposide)|HiDAC + Midostaurin|Etoposide, Cytarabine",treatment,list_unique_chemotherapy_treatment_regimens,"treatment_list_unique_chemotherapy_treatment_regimens_Bu/Cy/ATG|ADE (Cytarabine, Daunorubicin & Etoposide)|HiDAC + Midostaurin|Etoposide, Cytarabine"
HiDAC|SWOG S1203 (7+3 +/- Vorinostat),treatment,list_unique_chemotherapy_treatment_regimens,treatment_list_unique_chemotherapy_treatment_regimens_HiDAC|SWOG S1203 (7+3 +/- Vorinostat)
"APML4 Protocol (ATRA, Arsenic Trioxide, Idarubicin)",treatment,list_unique_chemotherapy_treatment_regimens,"treatment_list_unique_chemotherapy_treatment_regimens_APML4 Protocol (ATRA, Arsenic Trioxide, Idarubicin)"
"7+3 (Cytarabine, Idarubicin)|HiDAC|Azacitidine|MEC (Cytarabine, Etoposide, Mitoxantrone)",treatment,list_unique_chemotherapy_treatment_regimens,"treatment_list_unique_chemotherapy_treatment_regimens_7+3 (Cytarabine, Idarubicin)|HiDAC|Azacitidine|MEC (Cytarabine, Etoposide, Mitoxantrone)"
"GCLAM (G-CSF, Cladribine, Cytarabine, and Mitoxantrone) |7+3 (Cytarabine, Idarubicin)|Azacitidine|MEC (Cytarabine, Etoposide, Mitoxantrone)|Decitabine",treatment,list_unique_chemotherapy_treatment_regimens,"treatment_list_unique_chemotherapy_treatment_regimens_GCLAM (G-CSF, Cladribine, Cytarabine, and Mitoxantrone) |7+3 (Cytarabine, Idarubicin)|Azacitidine|MEC (Cytarabine, Etoposide, Mitoxantrone)|Decitabine"
"7+3 (Cytarabine, Idarubicin)|Cytarabine|Fludarabine, TBI|Decitabine",treatment,list_unique_chemotherapy_treatment_regimens,"treatment_list_unique_chemotherapy_treatment_regimens_7+3 (Cytarabine, Idarubicin)|Cytarabine|Fludarabine, TBI|Decitabine"
"7+3 (Cytarabine, Idarubicin)|HiDAC|Busulfan, Cyclophosphamide, Thymoglobulin|Fludarabine, Cyclophosphamide, TBI",treatment,list_unique_chemotherapy_treatment_regimens,"treatment_list_unique_chemotherapy_treatment_regimens_7+3 (Cytarabine, Idarubicin)|HiDAC|Busulfan, Cyclophosphamide, Thymoglobulin|Fludarabine, Cyclophosphamide, TBI"
"5+2 (Cytarabine, Idarubicin)|7+3 (Cytarabine, Idarubicin)|MiDAC",treatment,list_unique_chemotherapy_treatment_regimens,"treatment_list_unique_chemotherapy_treatment_regimens_5+2 (Cytarabine, Idarubicin)|7+3 (Cytarabine, Idarubicin)|MiDAC"
"GCLAM (G-CSF, Cladribine, Cytarabine, and Mitoxantrone) |7+3 (Cytarabine, Idarubicin)|Donor Lymphocyte Infusion|Azacitidine|FLAG (Fludarabine, High-dose Cytarabine, G-CSF)|Decitabine|Busulfan, Cyclophosphamide",treatment,list_unique_chemotherapy_treatment_regimens,"treatment_list_unique_chemotherapy_treatment_regimens_GCLAM (G-CSF, Cladribine, Cytarabine, and Mitoxantrone) |7+3 (Cytarabine, Idarubicin)|Donor Lymphocyte Infusion|Azacitidine|FLAG (Fludarabine, High-dose Cytarabine, G-CSF)|Decitabine|Busulfan, Cyclophosphamide"
"CPX-351 (Liposomal Cytarabine + Daunorubicin)|Decitabine, Midostaurin|FLAG-IDA, Gemtuzumab|MEC, Lenalidomide",treatment,list_unique_chemotherapy_treatment_regimens,"treatment_list_unique_chemotherapy_treatment_regimens_CPX-351 (Liposomal Cytarabine + Daunorubicin)|Decitabine, Midostaurin|FLAG-IDA, Gemtuzumab|MEC, Lenalidomide"
"7+3 (Cytarabine, Idarubicin)|Cytarabine|Bortezomib|Decitabine|Fludarabine, Cytarabine",treatment,list_unique_chemotherapy_treatment_regimens,"treatment_list_unique_chemotherapy_treatment_regimens_7+3 (Cytarabine, Idarubicin)|Cytarabine|Bortezomib|Decitabine|Fludarabine, Cytarabine"
"Busulfan, Fludarabine, Thymoglobulin (Bu/Flu/ATG)|7+3 (Cytarabine, Idarubicin)|HiDAC|CLAG-M (Cladribine, Cytarabine, Mitoxantrone, Filgrastim)|FLAG-IDA, Gemtuzumab|Cytarabine, Methotrexate",treatment,list_unique_chemotherapy_treatment_regimens,"treatment_list_unique_chemotherapy_treatment_regimens_Busulfan, Fludarabine, Thymoglobulin (Bu/Flu/ATG)|7+3 (Cytarabine, Idarubicin)|HiDAC|CLAG-M (Cladribine, Cytarabine, Mitoxantrone, Filgrastim)|FLAG-IDA, Gemtuzumab|Cytarabine, Methotrexate"
"5+2 (Cytarabine, Idarubicin)|7+3 (Cytarabine, Idarubicin)|R-CEOP (Cyclophosphamide, Etoposide, Prednisolone, Rituximab, Vincristine)|MiDAC|FATE Trial RIC (Fludarabine, Melphalan, Rabbit ATG) |R-CHOP (Cyclophosphamide, Doxorubicin, Prednisolone, Rituximab, Vincristine)",treatment,list_unique_chemotherapy_treatment_regimens,"treatment_list_unique_chemotherapy_treatment_regimens_5+2 (Cytarabine, Idarubicin)|7+3 (Cytarabine, Idarubicin)|R-CEOP (Cyclophosphamide, Etoposide, Prednisolone, Rituximab, Vincristine)|MiDAC|FATE Trial RIC (Fludarabine, Melphalan, Rabbit ATG) |R-CHOP (Cyclophosphamide, Doxorubicin, Prednisolone, Rituximab, Vincristine)"
"3+7 (Cytarabine, Daunorubicin)|MEC (Cytarabine, Etoposide, Mitoxantrone)|Etoposide, Mitoxantrone|Busulfan, Cyclophosphamide",treatment,list_unique_chemotherapy_treatment_regimens,"treatment_list_unique_chemotherapy_treatment_regimens_3+7 (Cytarabine, Daunorubicin)|MEC (Cytarabine, Etoposide, Mitoxantrone)|Etoposide, Mitoxantrone|Busulfan, Cyclophosphamide"
"Cyclophoshamide, TBI, ATG|CALGB 10403",treatment,list_unique_chemotherapy_treatment_regimens,"treatment_list_unique_chemotherapy_treatment_regimens_Cyclophoshamide, TBI, ATG|CALGB 10403"
"Azacitidine, Sorafenib|Busulfan, Fludarabine, Thymoglobulin (Bu/Flu/ATG)|7+3 (Cytarabine, Idarubicin)|HiDAC",treatment,list_unique_chemotherapy_treatment_regimens,"treatment_list_unique_chemotherapy_treatment_regimens_Azacitidine, Sorafenib|Busulfan, Fludarabine, Thymoglobulin (Bu/Flu/ATG)|7+3 (Cytarabine, Idarubicin)|HiDAC"
"7+3 (Cytarabine, Idarubicin)|HiDAC|Fludarabine, Melphalan, TBI",treatment,list_unique_chemotherapy_treatment_regimens,"treatment_list_unique_chemotherapy_treatment_regimens_7+3 (Cytarabine, Idarubicin)|HiDAC|Fludarabine, Melphalan, TBI"
Ruxolitinib|Imatinib|Hydroxyurea,treatment,list_unique_chemotherapy_treatment_regimens,treatment_list_unique_chemotherapy_treatment_regimens_Ruxolitinib|Imatinib|Hydroxyurea
"AG-221|Azacitidine|Fludarabine, Melphalan, TBI, ATG",treatment,list_unique_chemotherapy_treatment_regimens,"treatment_list_unique_chemotherapy_treatment_regimens_AG-221|Azacitidine|Fludarabine, Melphalan, TBI, ATG"
"7+3 (Cytarabine, Idarubicin)|HiDAC|Azacitidine|Decitabine",treatment,list_unique_chemotherapy_treatment_regimens,"treatment_list_unique_chemotherapy_treatment_regimens_7+3 (Cytarabine, Idarubicin)|HiDAC|Azacitidine|Decitabine"
"R-CVP (Rituximab, Cyclophosphamide, Vincristine, Prednisolone)",treatment,list_unique_chemotherapy_treatment_regimens,"treatment_list_unique_chemotherapy_treatment_regimens_R-CVP (Rituximab, Cyclophosphamide, Vincristine, Prednisolone)"
"3+7 (Cytarabine, Daunorubicin)|Decitabine|5+2 (Ara-C, Daunorubicin)",treatment,list_unique_chemotherapy_treatment_regimens,"treatment_list_unique_chemotherapy_treatment_regimens_3+7 (Cytarabine, Daunorubicin)|Decitabine|5+2 (Ara-C, Daunorubicin)"
"7+3 (Cytarabine, Idarubicin)|HiDAC|Azacitidine|Decitabine|MEC, Lenalidomide",treatment,list_unique_chemotherapy_treatment_regimens,"treatment_list_unique_chemotherapy_treatment_regimens_7+3 (Cytarabine, Idarubicin)|HiDAC|Azacitidine|Decitabine|MEC, Lenalidomide"
"Crenolanib|HAM (Mitoxantrone, Cytarabine) plus Crenolanib|Azacitidine, Pracinostat",treatment,list_unique_chemotherapy_treatment_regimens,"treatment_list_unique_chemotherapy_treatment_regimens_Crenolanib|HAM (Mitoxantrone, Cytarabine) plus Crenolanib|Azacitidine, Pracinostat"
"Bu/Cy/ATG|7+3 (Cytarabine, Idarubicin)|MEC (Cytarabine, Etoposide, Mitoxantrone)",treatment,list_unique_chemotherapy_treatment_regimens,"treatment_list_unique_chemotherapy_treatment_regimens_Bu/Cy/ATG|7+3 (Cytarabine, Idarubicin)|MEC (Cytarabine, Etoposide, Mitoxantrone)"
"Azacitidine|Decitabine, Midostaurin",treatment,list_unique_chemotherapy_treatment_regimens,"treatment_list_unique_chemotherapy_treatment_regimens_Azacitidine|Decitabine, Midostaurin"
"5+2 (Cytarabine, Idarubicin)|7+3 (Cytarabine, Idarubicin)|MEC (Cytarabine, Etoposide, Mitoxantrone)|Methotrexate",treatment,list_unique_chemotherapy_treatment_regimens,"treatment_list_unique_chemotherapy_treatment_regimens_5+2 (Cytarabine, Idarubicin)|7+3 (Cytarabine, Idarubicin)|MEC (Cytarabine, Etoposide, Mitoxantrone)|Methotrexate"
"Dasatinib|7+3 (Cytarabine, Idarubicin)|Sirolimus|Azacitidine|MEC (Cytarabine, Etoposide, Mitoxantrone)",treatment,list_unique_chemotherapy_treatment_regimens,"treatment_list_unique_chemotherapy_treatment_regimens_Dasatinib|7+3 (Cytarabine, Idarubicin)|Sirolimus|Azacitidine|MEC (Cytarabine, Etoposide, Mitoxantrone)"
"7+3 (Cytarabine, Idarubicin)|Azacitidine|Decitabine, Midostaurin",treatment,list_unique_chemotherapy_treatment_regimens,"treatment_list_unique_chemotherapy_treatment_regimens_7+3 (Cytarabine, Idarubicin)|Azacitidine|Decitabine, Midostaurin"
"Fludarabine, Melphalan|7+3 (Cytarabine, Idarubicin)|MiDAC",treatment,list_unique_chemotherapy_treatment_regimens,"treatment_list_unique_chemotherapy_treatment_regimens_Fludarabine, Melphalan|7+3 (Cytarabine, Idarubicin)|MiDAC"
"CPX-351 (Liposomal Cytarabine + Daunorubicin)|FLAG-IDA (Cytarabine, Filgrastim, Fludarabine, Idarubicin)",treatment,list_unique_chemotherapy_treatment_regimens,"treatment_list_unique_chemotherapy_treatment_regimens_CPX-351 (Liposomal Cytarabine + Daunorubicin)|FLAG-IDA (Cytarabine, Filgrastim, Fludarabine, Idarubicin)"
"Donor Lymphocyte Infusion|FLAG-IDA (Cytarabine, Filgrastim, Fludarabine, Idarubicin)|Azacitidine|MEC (Cytarabine, Etoposide, Mitoxantrone)|Decitabine|Busulfan, Cyclophosphamide",treatment,list_unique_chemotherapy_treatment_regimens,"treatment_list_unique_chemotherapy_treatment_regimens_Donor Lymphocyte Infusion|FLAG-IDA (Cytarabine, Filgrastim, Fludarabine, Idarubicin)|Azacitidine|MEC (Cytarabine, Etoposide, Mitoxantrone)|Decitabine|Busulfan, Cyclophosphamide"
"Cyclophosphamide, Fludarabine, TBI|Venetoclax (ABT-199), Azacitidine",treatment,list_unique_chemotherapy_treatment_regimens,"treatment_list_unique_chemotherapy_treatment_regimens_Cyclophosphamide, Fludarabine, TBI|Venetoclax (ABT-199), Azacitidine"
"7+3 (Cytarabine, Idarubicin)|HiDAC|Binimetinib (MEK162)",treatment,list_unique_chemotherapy_treatment_regimens,"treatment_list_unique_chemotherapy_treatment_regimens_7+3 (Cytarabine, Idarubicin)|HiDAC|Binimetinib (MEK162)"
"Decitabine, ABT-199|Hydroxyurea",treatment,list_unique_chemotherapy_treatment_regimens,"treatment_list_unique_chemotherapy_treatment_regimens_Decitabine, ABT-199|Hydroxyurea"
"HiDAC|FLAG-IDA (Cytarabine, Filgrastim, Fludarabine, Idarubicin)|MEC (Cytarabine, Etoposide, Mitoxantrone)",treatment,list_unique_chemotherapy_treatment_regimens,"treatment_list_unique_chemotherapy_treatment_regimens_HiDAC|FLAG-IDA (Cytarabine, Filgrastim, Fludarabine, Idarubicin)|MEC (Cytarabine, Etoposide, Mitoxantrone)"
AG-221|Decitabine,treatment,list_unique_chemotherapy_treatment_regimens,treatment_list_unique_chemotherapy_treatment_regimens_AG-221|Decitabine
AG-221|Hydroxyurea,treatment,list_unique_chemotherapy_treatment_regimens,treatment_list_unique_chemotherapy_treatment_regimens_AG-221|Hydroxyurea
"7+3 (Cytarabine, Idarubicin)|Azacitidine, Lenalidomide|Rituximab",treatment,list_unique_chemotherapy_treatment_regimens,"treatment_list_unique_chemotherapy_treatment_regimens_7+3 (Cytarabine, Idarubicin)|Azacitidine, Lenalidomide|Rituximab"
"Bu/Cy/ATG|7+3 (Cytarabine, Idarubicin)|HiDAC",treatment,list_unique_chemotherapy_treatment_regimens,"treatment_list_unique_chemotherapy_treatment_regimens_Bu/Cy/ATG|7+3 (Cytarabine, Idarubicin)|HiDAC"
"7+3 (Cytarabine, Idarubicin)|Azacitidine, Itacitinib|Azacitidine|Decitabine",treatment,list_unique_chemotherapy_treatment_regimens,"treatment_list_unique_chemotherapy_treatment_regimens_7+3 (Cytarabine, Idarubicin)|Azacitidine, Itacitinib|Azacitidine|Decitabine"
"GCLAM (G-CSF, Cladribine, Cytarabine, and Mitoxantrone) |7+3 (Cytarabine, Idarubicin)|HiDAC|MEC (Cytarabine, Etoposide, Mitoxantrone)|Decitabine|Fludarabine, Cyclophosphamide, TBI",treatment,list_unique_chemotherapy_treatment_regimens,"treatment_list_unique_chemotherapy_treatment_regimens_GCLAM (G-CSF, Cladribine, Cytarabine, and Mitoxantrone) |7+3 (Cytarabine, Idarubicin)|HiDAC|MEC (Cytarabine, Etoposide, Mitoxantrone)|Decitabine|Fludarabine, Cyclophosphamide, TBI"
"HiDAC|GCLAC (GCSF, Clofarabine & Cytarabine)|SWOG S1203 (7+3 +/- Vorinostat)|MEC, Lenalidomide|Etoposide, Cytarabine",treatment,list_unique_chemotherapy_treatment_regimens,"treatment_list_unique_chemotherapy_treatment_regimens_HiDAC|GCLAC (GCSF, Clofarabine & Cytarabine)|SWOG S1203 (7+3 +/- Vorinostat)|MEC, Lenalidomide|Etoposide, Cytarabine"
"7+3 (Cytarabine, Idarubicin)|GCLAC (GCSF, Clofarabine & Cytarabine)",treatment,list_unique_chemotherapy_treatment_regimens,"treatment_list_unique_chemotherapy_treatment_regimens_7+3 (Cytarabine, Idarubicin)|GCLAC (GCSF, Clofarabine & Cytarabine)"
"AG-120|MEC (Cytarabine, Etoposide, Mitoxantrone)|Sorafenib|Hydroxyurea",treatment,list_unique_chemotherapy_treatment_regimens,"treatment_list_unique_chemotherapy_treatment_regimens_AG-120|MEC (Cytarabine, Etoposide, Mitoxantrone)|Sorafenib|Hydroxyurea"
"Cytarabine|Decitabine|PF-04449913 (Hedgehog Inhibitor), LDAC",treatment,list_unique_chemotherapy_treatment_regimens,"treatment_list_unique_chemotherapy_treatment_regimens_Cytarabine|Decitabine|PF-04449913 (Hedgehog Inhibitor), LDAC"
"FLX925|Azacitidine, Lenalidomide|Venetoclax (ABT-199)",treatment,list_unique_chemotherapy_treatment_regimens,"treatment_list_unique_chemotherapy_treatment_regimens_FLX925|Azacitidine, Lenalidomide|Venetoclax (ABT-199)"
AG-221|Azacitidine|Clofarabine,treatment,list_unique_chemotherapy_treatment_regimens,treatment_list_unique_chemotherapy_treatment_regimens_AG-221|Azacitidine|Clofarabine
"Venetoclax (ABT-199), Azacitidine",treatment,list_unique_chemotherapy_treatment_regimens,"treatment_list_unique_chemotherapy_treatment_regimens_Venetoclax (ABT-199), Azacitidine"
"7+3 (Cytarabine, Idarubicin)|Azacitidine|Clofarabine, Cytarabine",treatment,list_unique_chemotherapy_treatment_regimens,"treatment_list_unique_chemotherapy_treatment_regimens_7+3 (Cytarabine, Idarubicin)|Azacitidine|Clofarabine, Cytarabine"
"7+3 (Cytarabine, Idarubicin)|HiDAC|Azacitidine",treatment,list_unique_chemotherapy_treatment_regimens,"treatment_list_unique_chemotherapy_treatment_regimens_7+3 (Cytarabine, Idarubicin)|HiDAC|Azacitidine"
"7+3 (Cytarabine, Idarubicin)|Cytarabine|MEC (Cytarabine, Etoposide, Mitoxantrone)",treatment,list_unique_chemotherapy_treatment_regimens,"treatment_list_unique_chemotherapy_treatment_regimens_7+3 (Cytarabine, Idarubicin)|Cytarabine|MEC (Cytarabine, Etoposide, Mitoxantrone)"
"FLAG-IDA (Cytarabine, Filgrastim, Fludarabine, Idarubicin)|Azacitidine|SWOG S1203 (7+3 +/- Vorinostat)",treatment,list_unique_chemotherapy_treatment_regimens,"treatment_list_unique_chemotherapy_treatment_regimens_FLAG-IDA (Cytarabine, Filgrastim, Fludarabine, Idarubicin)|Azacitidine|SWOG S1203 (7+3 +/- Vorinostat)"
"7+3 (Cytarabine, Idarubicin)|FLAG-IDA (Cytarabine, Filgrastim, Fludarabine, Idarubicin)",treatment,list_unique_chemotherapy_treatment_regimens,"treatment_list_unique_chemotherapy_treatment_regimens_7+3 (Cytarabine, Idarubicin)|FLAG-IDA (Cytarabine, Filgrastim, Fludarabine, Idarubicin)"
"Busulfan, Fludarabine|7+3 (Cytarabine, Idarubicin)|HiDAC|Azacitidine|Sorafenib",treatment,list_unique_chemotherapy_treatment_regimens,"treatment_list_unique_chemotherapy_treatment_regimens_Busulfan, Fludarabine|7+3 (Cytarabine, Idarubicin)|HiDAC|Azacitidine|Sorafenib"
"COG-AAML1031 (IT/IV Cytarabine, Daunorubicin, Etoposide, Mitoxantrone +/- Bortezomib or Sorafenib)|Cytarabine, Mitoxantrone|Etoposide, Cytarabine",treatment,list_unique_chemotherapy_treatment_regimens,"treatment_list_unique_chemotherapy_treatment_regimens_COG-AAML1031 (IT/IV Cytarabine, Daunorubicin, Etoposide, Mitoxantrone +/- Bortezomib or Sorafenib)|Cytarabine, Mitoxantrone|Etoposide, Cytarabine"
"7+3 (Cytarabine, Idarubicin) plus Crenolanib",treatment,list_unique_chemotherapy_treatment_regimens,"treatment_list_unique_chemotherapy_treatment_regimens_7+3 (Cytarabine, Idarubicin) plus Crenolanib"
"7+3 (Cytarabine, Idarubicin)|HiDAC|Cytarabine|TBI, VP-16",treatment,list_unique_chemotherapy_treatment_regimens,"treatment_list_unique_chemotherapy_treatment_regimens_7+3 (Cytarabine, Idarubicin)|HiDAC|Cytarabine|TBI, VP-16"
"HiDAC|7+3 (Cytarabine, Idarubicin) plus Sorafenib|Fludarabine, Cyclophosphamide, Thiotepa, TBI",treatment,list_unique_chemotherapy_treatment_regimens,"treatment_list_unique_chemotherapy_treatment_regimens_HiDAC|7+3 (Cytarabine, Idarubicin) plus Sorafenib|Fludarabine, Cyclophosphamide, Thiotepa, TBI"
"ATRA, Arsenic Trioxide|ATRA, 6-MP, Methotrexate|Methotrexate",treatment,list_unique_chemotherapy_treatment_regimens,"treatment_list_unique_chemotherapy_treatment_regimens_ATRA, Arsenic Trioxide|ATRA, 6-MP, Methotrexate|Methotrexate"
"7+3 (Cytarabine, Idarubicin)|HiDAC|Donor Lymphocyte Infusion|FLAG-IDA (Cytarabine, Filgrastim, Fludarabine, Idarubicin)|MEC (Cytarabine, Etoposide, Mitoxantrone)|Cytarabine, Mitoxantrone|Busulfan, Cyclophosphamide",treatment,list_unique_chemotherapy_treatment_regimens,"treatment_list_unique_chemotherapy_treatment_regimens_7+3 (Cytarabine, Idarubicin)|HiDAC|Donor Lymphocyte Infusion|FLAG-IDA (Cytarabine, Filgrastim, Fludarabine, Idarubicin)|MEC (Cytarabine, Etoposide, Mitoxantrone)|Cytarabine, Mitoxantrone|Busulfan, Cyclophosphamide"
"AG-221|Donor Lymphocyte Infusion|GCLAC (GCSF, Clofarabine & Cytarabine)|Azacitidine|7+3 (Cytarabine, Idarubicin) plus Sorafenib|Busulfan, Cyclophosphamide",treatment,list_unique_chemotherapy_treatment_regimens,"treatment_list_unique_chemotherapy_treatment_regimens_AG-221|Donor Lymphocyte Infusion|GCLAC (GCSF, Clofarabine & Cytarabine)|Azacitidine|7+3 (Cytarabine, Idarubicin) plus Sorafenib|Busulfan, Cyclophosphamide"
"Vincristine, Dexamethasone",treatment,list_unique_chemotherapy_treatment_regimens,"treatment_list_unique_chemotherapy_treatment_regimens_Vincristine, Dexamethasone"
"7+3 (Cytarabine, Idarubicin)|HiDAC|Decitabine",treatment,list_unique_chemotherapy_treatment_regimens,"treatment_list_unique_chemotherapy_treatment_regimens_7+3 (Cytarabine, Idarubicin)|HiDAC|Decitabine"
"COG-AAML1031 (IT/IV Cytarabine, Daunorubicin, Etoposide, Mitoxantrone +/- Bortezomib or Sorafenib)|ADE (Cytarabine, Daunorubicin & Etoposide)|FLAG (Fludarabine, High-dose Cytarabine, G-CSF)|Busulfan, Cyclophosphamide",treatment,list_unique_chemotherapy_treatment_regimens,"treatment_list_unique_chemotherapy_treatment_regimens_COG-AAML1031 (IT/IV Cytarabine, Daunorubicin, Etoposide, Mitoxantrone +/- Bortezomib or Sorafenib)|ADE (Cytarabine, Daunorubicin & Etoposide)|FLAG (Fludarabine, High-dose Cytarabine, G-CSF)|Busulfan, Cyclophosphamide"
CPX-351 (Liposomal Cytarabine + Daunorubicin)|Decitabine|Incyte trial (azacitidine and JAK 1 inhibitor),treatment,list_unique_chemotherapy_treatment_regimens,treatment_list_unique_chemotherapy_treatment_regimens_CPX-351 (Liposomal Cytarabine + Daunorubicin)|Decitabine|Incyte trial (azacitidine and JAK 1 inhibitor)
"FLAG (Fludarabine, High-dose Cytarabine, G-CSF)|Busulfan, Cyclophosphamide, Thymoglobulin|Etoposide|COG-AAML0531 (Cytarabine, Daunorubicin, Etoposide, L-Asparaginase, Mitoxantrone +/- Gemtuzumab)|Doxorubicin",treatment,list_unique_chemotherapy_treatment_regimens,"treatment_list_unique_chemotherapy_treatment_regimens_FLAG (Fludarabine, High-dose Cytarabine, G-CSF)|Busulfan, Cyclophosphamide, Thymoglobulin|Etoposide|COG-AAML0531 (Cytarabine, Daunorubicin, Etoposide, L-Asparaginase, Mitoxantrone +/- Gemtuzumab)|Doxorubicin"
Ruxolitinib|Hydroxyurea,treatment,list_unique_chemotherapy_treatment_regimens,treatment_list_unique_chemotherapy_treatment_regimens_Ruxolitinib|Hydroxyurea
"Busulfan, Fludarabine|7+3 (Cytarabine, Idarubicin)|HiDAC|AG-221|Azacitidine",treatment,list_unique_chemotherapy_treatment_regimens,"treatment_list_unique_chemotherapy_treatment_regimens_Busulfan, Fludarabine|7+3 (Cytarabine, Idarubicin)|HiDAC|AG-221|Azacitidine"
"7+3 (Cytarabine, Idarubicin)|Clofarabine, Cytarabine",treatment,list_unique_chemotherapy_treatment_regimens,"treatment_list_unique_chemotherapy_treatment_regimens_7+3 (Cytarabine, Idarubicin)|Clofarabine, Cytarabine"
"Bellicum Trial (Flu/Cy/TBI + ATG + Rituximab then BPX-501)|7+3 (Cytarabine, Idarubicin)|HiDAC|FLAG-IDA (Cytarabine, Filgrastim, Fludarabine, Idarubicin)|MEC (Cytarabine, Etoposide, Mitoxantrone)",treatment,list_unique_chemotherapy_treatment_regimens,"treatment_list_unique_chemotherapy_treatment_regimens_Bellicum Trial (Flu/Cy/TBI + ATG + Rituximab then BPX-501)|7+3 (Cytarabine, Idarubicin)|HiDAC|FLAG-IDA (Cytarabine, Filgrastim, Fludarabine, Idarubicin)|MEC (Cytarabine, Etoposide, Mitoxantrone)"
"7+3 (Cytarabine, Idarubicin)|Venetoclax (ABT-199), Azacitidine|Fludarabine, Cyclophosphamide, TBI",treatment,list_unique_chemotherapy_treatment_regimens,"treatment_list_unique_chemotherapy_treatment_regimens_7+3 (Cytarabine, Idarubicin)|Venetoclax (ABT-199), Azacitidine|Fludarabine, Cyclophosphamide, TBI"
AG-120|Decitabine,treatment,list_unique_chemotherapy_treatment_regimens,treatment_list_unique_chemotherapy_treatment_regimens_AG-120|Decitabine
"Lenalidomide|Azacitidine|Decitabine|Clofarabine, Cytarabine",treatment,list_unique_chemotherapy_treatment_regimens,"treatment_list_unique_chemotherapy_treatment_regimens_Lenalidomide|Azacitidine|Decitabine|Clofarabine, Cytarabine"
"COG-AAML1031 (IT/IV Cytarabine, Daunorubicin, Etoposide, Mitoxantrone +/- Bortezomib or Sorafenib)|Cytarabine|Unknown|MiDAC",treatment,list_unique_chemotherapy_treatment_regimens,"treatment_list_unique_chemotherapy_treatment_regimens_COG-AAML1031 (IT/IV Cytarabine, Daunorubicin, Etoposide, Mitoxantrone +/- Bortezomib or Sorafenib)|Cytarabine|Unknown|MiDAC"
"COG-AAML1031 (IT/IV Cytarabine, Daunorubicin, Etoposide, Mitoxantrone +/- Bortezomib or Sorafenib)|Cytarabine|FLAG (Fludarabine, High-dose Cytarabine, G-CSF)|Busulfan, Cyclophosphamide",treatment,list_unique_chemotherapy_treatment_regimens,"treatment_list_unique_chemotherapy_treatment_regimens_COG-AAML1031 (IT/IV Cytarabine, Daunorubicin, Etoposide, Mitoxantrone +/- Bortezomib or Sorafenib)|Cytarabine|FLAG (Fludarabine, High-dose Cytarabine, G-CSF)|Busulfan, Cyclophosphamide"
"7+3 (Cytarabine, Idarubicin)|AG-221|FLAG-IDA (Cytarabine, Filgrastim, Fludarabine, Idarubicin)",treatment,list_unique_chemotherapy_treatment_regimens,"treatment_list_unique_chemotherapy_treatment_regimens_7+3 (Cytarabine, Idarubicin)|AG-221|FLAG-IDA (Cytarabine, Filgrastim, Fludarabine, Idarubicin)"
"3+7 (Cytarabine, Daunorubicin)|MiDAC|Hydroxyurea|Fludarabine, Melphalan, TBI, ATG",treatment,list_unique_chemotherapy_treatment_regimens,"treatment_list_unique_chemotherapy_treatment_regimens_3+7 (Cytarabine, Daunorubicin)|MiDAC|Hydroxyurea|Fludarabine, Melphalan, TBI, ATG"
Lenalidomide|Azacitidine,treatment,list_unique_chemotherapy_treatment_regimens,treatment_list_unique_chemotherapy_treatment_regimens_Lenalidomide|Azacitidine
"7+3 (Cytarabine, Idarubicin)|Azacitidine|CLAG-M (Cladribine, Cytarabine, Mitoxantrone, Filgrastim)|Hydroxyurea|Mitoxantrone",treatment,list_unique_chemotherapy_treatment_regimens,"treatment_list_unique_chemotherapy_treatment_regimens_7+3 (Cytarabine, Idarubicin)|Azacitidine|CLAG-M (Cladribine, Cytarabine, Mitoxantrone, Filgrastim)|Hydroxyurea|Mitoxantrone"
"Cyclophosphamide, Fludarabine, TBI|7+3 (Cytarabine, Idarubicin) plus Sorafenib",treatment,list_unique_chemotherapy_treatment_regimens,"treatment_list_unique_chemotherapy_treatment_regimens_Cyclophosphamide, Fludarabine, TBI|7+3 (Cytarabine, Idarubicin) plus Sorafenib"
"HiDAC|GCLAC (GCSF, Clofarabine & Cytarabine)|7+3 (Cytarabine, Idarubicin) plus Sorafenib|Fludarabine, Cyclophosphamide, TBI",treatment,list_unique_chemotherapy_treatment_regimens,"treatment_list_unique_chemotherapy_treatment_regimens_HiDAC|GCLAC (GCSF, Clofarabine & Cytarabine)|7+3 (Cytarabine, Idarubicin) plus Sorafenib|Fludarabine, Cyclophosphamide, TBI"
"HiDAC|FLAG-IDA (Cytarabine, Filgrastim, Fludarabine, Idarubicin)|Azacitidine|SWOG S1203 (7+3 +/- Vorinostat)|Bu/Cy/TBI",treatment,list_unique_chemotherapy_treatment_regimens,"treatment_list_unique_chemotherapy_treatment_regimens_HiDAC|FLAG-IDA (Cytarabine, Filgrastim, Fludarabine, Idarubicin)|Azacitidine|SWOG S1203 (7+3 +/- Vorinostat)|Bu/Cy/TBI"
"Busulfan, Fludarabine|7+3 (Cytarabine, Idarubicin)|HiDAC|CLAG (Cladribine, Cytarabine, Filgrastim)|Azacitidine|CLAG-M (Cladribine, Cytarabine, Mitoxantrone, Filgrastim)",treatment,list_unique_chemotherapy_treatment_regimens,"treatment_list_unique_chemotherapy_treatment_regimens_Busulfan, Fludarabine|7+3 (Cytarabine, Idarubicin)|HiDAC|CLAG (Cladribine, Cytarabine, Filgrastim)|Azacitidine|CLAG-M (Cladribine, Cytarabine, Mitoxantrone, Filgrastim)"
"Fludarabine, Melphalan|3+7 (Cytarabine, Daunorubicin)|MiDAC",treatment,list_unique_chemotherapy_treatment_regimens,"treatment_list_unique_chemotherapy_treatment_regimens_Fludarabine, Melphalan|3+7 (Cytarabine, Daunorubicin)|MiDAC"
"7+3 (Cytarabine, Idarubicin)|HiDAC|Fludarabine, Melphalan, ATG, Methotrexate",treatment,list_unique_chemotherapy_treatment_regimens,"treatment_list_unique_chemotherapy_treatment_regimens_7+3 (Cytarabine, Idarubicin)|HiDAC|Fludarabine, Melphalan, ATG, Methotrexate"
"7+3 (Cytarabine, Idarubicin)|HiDAC|Treo/Flu/TBI (Treosulfan, Fludarabine, Total Body Irradiation)",treatment,list_unique_chemotherapy_treatment_regimens,"treatment_list_unique_chemotherapy_treatment_regimens_7+3 (Cytarabine, Idarubicin)|HiDAC|Treo/Flu/TBI (Treosulfan, Fludarabine, Total Body Irradiation)"
"Fludarabine, Melphalan|3+7 (Cytarabine, Daunorubicin)|MiDAC|Midostaurin|Hydroxyurea",treatment,list_unique_chemotherapy_treatment_regimens,"treatment_list_unique_chemotherapy_treatment_regimens_Fludarabine, Melphalan|3+7 (Cytarabine, Daunorubicin)|MiDAC|Midostaurin|Hydroxyurea"
"7+3 (Cytarabine, Idarubicin) plus Sorafenib",treatment,list_unique_chemotherapy_treatment_regimens,"treatment_list_unique_chemotherapy_treatment_regimens_7+3 (Cytarabine, Idarubicin) plus Sorafenib"
"HiDAC|3+7 (Cytarabine, Daunorubicin)|Bu/Flu/TBI (Busulfan, Fludarabine, Total Body Irradiation)",treatment,list_unique_chemotherapy_treatment_regimens,"treatment_list_unique_chemotherapy_treatment_regimens_HiDAC|3+7 (Cytarabine, Daunorubicin)|Bu/Flu/TBI (Busulfan, Fludarabine, Total Body Irradiation)"
"3+7 (Cytarabine, Daunorubicin), Bortezomib|MiDAC|Fludarabine, Cytarabine|Ibrutinib",treatment,list_unique_chemotherapy_treatment_regimens,"treatment_list_unique_chemotherapy_treatment_regimens_3+7 (Cytarabine, Daunorubicin), Bortezomib|MiDAC|Fludarabine, Cytarabine|Ibrutinib"
"5+2 (Cytarabine, Idarubicin)|7+3 (Cytarabine, Idarubicin)|HAM (Cytarabine, Mitoxantrone)|Azacitidine|MEC (Cytarabine, Etoposide, Mitoxantrone)|Hydroxyurea",treatment,list_unique_chemotherapy_treatment_regimens,"treatment_list_unique_chemotherapy_treatment_regimens_5+2 (Cytarabine, Idarubicin)|7+3 (Cytarabine, Idarubicin)|HAM (Cytarabine, Mitoxantrone)|Azacitidine|MEC (Cytarabine, Etoposide, Mitoxantrone)|Hydroxyurea"
"Fludarabine, Melphalan|5+2 (Cytarabine, Idarubicin)|7+3 (Cytarabine, Idarubicin)|Donor Lymphocyte Infusion|FLAG-IDA (Cytarabine, Filgrastim, Fludarabine, Idarubicin)|Azacitidine|MEC (Cytarabine, Etoposide, Mitoxantrone)|Busulfan, Cyclophosphamide",treatment,list_unique_chemotherapy_treatment_regimens,"treatment_list_unique_chemotherapy_treatment_regimens_Fludarabine, Melphalan|5+2 (Cytarabine, Idarubicin)|7+3 (Cytarabine, Idarubicin)|Donor Lymphocyte Infusion|FLAG-IDA (Cytarabine, Filgrastim, Fludarabine, Idarubicin)|Azacitidine|MEC (Cytarabine, Etoposide, Mitoxantrone)|Busulfan, Cyclophosphamide"
"3+7 (Cytarabine, Daunorubicin)|MiDAC",treatment,list_unique_chemotherapy_treatment_regimens,"treatment_list_unique_chemotherapy_treatment_regimens_3+7 (Cytarabine, Daunorubicin)|MiDAC"
"7+3 (Cytarabine, Idarubicin)|Azacitidine|FLAG (Fludarabine, High-dose Cytarabine, G-CSF)",treatment,list_unique_chemotherapy_treatment_regimens,"treatment_list_unique_chemotherapy_treatment_regimens_7+3 (Cytarabine, Idarubicin)|Azacitidine|FLAG (Fludarabine, High-dose Cytarabine, G-CSF)"
"Azacitidine, Sorafenib|5+2 (Cytarabine, Idarubicin)|7+3 (Cytarabine, Idarubicin)",treatment,list_unique_chemotherapy_treatment_regimens,"treatment_list_unique_chemotherapy_treatment_regimens_Azacitidine, Sorafenib|5+2 (Cytarabine, Idarubicin)|7+3 (Cytarabine, Idarubicin)"
"HiDAC|3+7 (Cytarabine, Daunorubicin)|Hydroxyurea",treatment,list_unique_chemotherapy_treatment_regimens,"treatment_list_unique_chemotherapy_treatment_regimens_HiDAC|3+7 (Cytarabine, Daunorubicin)|Hydroxyurea"
"7+3 (Cytarabine, Idarubicin)|Busulfan, Fludarabine, Cyclophosphamide, Thymoglobulin (Bu/Flu/Cy/ATG)",treatment,list_unique_chemotherapy_treatment_regimens,"treatment_list_unique_chemotherapy_treatment_regimens_7+3 (Cytarabine, Idarubicin)|Busulfan, Fludarabine, Cyclophosphamide, Thymoglobulin (Bu/Flu/Cy/ATG)"
"Azacitidine, Sorafenib|Busulfan, Fludarabine|7+3 (Cytarabine, Idarubicin)|Gilteritinib (ASP2215)|Sorafenib|Cladribine, Cytarabine, Idarubicin",treatment,list_unique_chemotherapy_treatment_regimens,"treatment_list_unique_chemotherapy_treatment_regimens_Azacitidine, Sorafenib|Busulfan, Fludarabine|7+3 (Cytarabine, Idarubicin)|Gilteritinib (ASP2215)|Sorafenib|Cladribine, Cytarabine, Idarubicin"
Lenalidomide|Decitabine,treatment,list_unique_chemotherapy_treatment_regimens,treatment_list_unique_chemotherapy_treatment_regimens_Lenalidomide|Decitabine
Decitabine|Hydroxyurea,treatment,list_unique_chemotherapy_treatment_regimens,treatment_list_unique_chemotherapy_treatment_regimens_Decitabine|Hydroxyurea
"HiDAC|3+7 (Cytarabine, Daunorubicin)|Treo/Flu/TBI (Treosulfan, Fludarabine, Total Body Irradiation)",treatment,list_unique_chemotherapy_treatment_regimens,"treatment_list_unique_chemotherapy_treatment_regimens_HiDAC|3+7 (Cytarabine, Daunorubicin)|Treo/Flu/TBI (Treosulfan, Fludarabine, Total Body Irradiation)"
"Bellicum Trial (Flu/Cy/TBI + ATG + Rituximab then BPX-501)|COG-AAML1031 (IT/IV Cytarabine, Daunorubicin, Etoposide, Mitoxantrone +/- Bortezomib or Sorafenib)|Donor Lymphocyte Infusion|HiDAC|Azacitidine|FLAG (Fludarabine, High-dose Cytarabine, G-CSF)|Busulfan, Cyclophosphamide|Clofarabine, Cytarabine",treatment,list_unique_chemotherapy_treatment_regimens,"treatment_list_unique_chemotherapy_treatment_regimens_Bellicum Trial (Flu/Cy/TBI + ATG + Rituximab then BPX-501)|COG-AAML1031 (IT/IV Cytarabine, Daunorubicin, Etoposide, Mitoxantrone +/- Bortezomib or Sorafenib)|Donor Lymphocyte Infusion|HiDAC|Azacitidine|FLAG (Fludarabine, High-dose Cytarabine, G-CSF)|Busulfan, Cyclophosphamide|Clofarabine, Cytarabine"
"HAM (Cytarabine, Mitoxantrone)|3+7 (Cytarabine, Daunorubicin)|Sorafenib|Hydroxyurea",treatment,list_unique_chemotherapy_treatment_regimens,"treatment_list_unique_chemotherapy_treatment_regimens_HAM (Cytarabine, Mitoxantrone)|3+7 (Cytarabine, Daunorubicin)|Sorafenib|Hydroxyurea"
"FLAG-IDA (Cytarabine, Filgrastim, Fludarabine, Idarubicin)|MEC (Cytarabine, Etoposide, Mitoxantrone)",treatment,list_unique_chemotherapy_treatment_regimens,"treatment_list_unique_chemotherapy_treatment_regimens_FLAG-IDA (Cytarabine, Filgrastim, Fludarabine, Idarubicin)|MEC (Cytarabine, Etoposide, Mitoxantrone)"
"Bellicum Trial (Flu/Cy/TBI + ATG + Rituximab then BPX-501)|7+3 (Cytarabine, Idarubicin)|FLAG-IDA (Cytarabine, Filgrastim, Fludarabine, Idarubicin)|MiDAC|Hydroxyurea|Cytarabine, Methotrexate",treatment,list_unique_chemotherapy_treatment_regimens,"treatment_list_unique_chemotherapy_treatment_regimens_Bellicum Trial (Flu/Cy/TBI + ATG + Rituximab then BPX-501)|7+3 (Cytarabine, Idarubicin)|FLAG-IDA (Cytarabine, Filgrastim, Fludarabine, Idarubicin)|MiDAC|Hydroxyurea|Cytarabine, Methotrexate"
"ADE (Cytarabine, Daunorubicin & Etoposide)",treatment,list_unique_chemotherapy_treatment_regimens,"treatment_list_unique_chemotherapy_treatment_regimens_ADE (Cytarabine, Daunorubicin & Etoposide)"
Azacitidine|Momelotinib,treatment,list_unique_chemotherapy_treatment_regimens,treatment_list_unique_chemotherapy_treatment_regimens_Azacitidine|Momelotinib
"ADE (Cytarabine, Daunorubicin & Etoposide)|Cytarabine",treatment,list_unique_chemotherapy_treatment_regimens,"treatment_list_unique_chemotherapy_treatment_regimens_ADE (Cytarabine, Daunorubicin & Etoposide)|Cytarabine"
"5+2 (Cytarabine, Idarubicin)|Decitabine",treatment,list_unique_chemotherapy_treatment_regimens,"treatment_list_unique_chemotherapy_treatment_regimens_5+2 (Cytarabine, Idarubicin)|Decitabine"
Vidaza|Rituximab|Decitabine,treatment,list_unique_chemotherapy_treatment_regimens,treatment_list_unique_chemotherapy_treatment_regimens_Vidaza|Rituximab|Decitabine
"Fludarabine, Melphalan|7+3 (Cytarabine, Idarubicin)|MiDAC|Hydroxyurea",treatment,list_unique_chemotherapy_treatment_regimens,"treatment_list_unique_chemotherapy_treatment_regimens_Fludarabine, Melphalan|7+3 (Cytarabine, Idarubicin)|MiDAC|Hydroxyurea"
"7+3 (Cytarabine, Idarubicin)|Sorafenib|Ponatinib",treatment,list_unique_chemotherapy_treatment_regimens,"treatment_list_unique_chemotherapy_treatment_regimens_7+3 (Cytarabine, Idarubicin)|Sorafenib|Ponatinib"
"HiDAC|3+7 (Cytarabine, Daunorubicin)|FLAG-IDA (Cytarabine, Filgrastim, Fludarabine, Idarubicin)|Busulfan, Cyclophosphamide",treatment,list_unique_chemotherapy_treatment_regimens,"treatment_list_unique_chemotherapy_treatment_regimens_HiDAC|3+7 (Cytarabine, Daunorubicin)|FLAG-IDA (Cytarabine, Filgrastim, Fludarabine, Idarubicin)|Busulfan, Cyclophosphamide"
"7+3 (Cytarabine, Idarubicin)|HAM (Cytarabine, Mitoxantrone)|FLAG-IDA (Cytarabine, Filgrastim, Fludarabine, Idarubicin)|Azacitidine|Decitabine|Fludarabine, Cyclophosphamide, TBI |Busulfan, Cyclophosphamide",treatment,list_unique_chemotherapy_treatment_regimens,"treatment_list_unique_chemotherapy_treatment_regimens_7+3 (Cytarabine, Idarubicin)|HAM (Cytarabine, Mitoxantrone)|FLAG-IDA (Cytarabine, Filgrastim, Fludarabine, Idarubicin)|Azacitidine|Decitabine|Fludarabine, Cyclophosphamide, TBI |Busulfan, Cyclophosphamide"
SGN-CD33A,treatment,list_unique_chemotherapy_treatment_regimens,treatment_list_unique_chemotherapy_treatment_regimens_SGN-CD33A
Radiation,treatment,list_unique_chemotherapy_treatment_regimens,treatment_list_unique_chemotherapy_treatment_regimens_Radiation
"5+2 (Cytarabine, Idarubicin)|7+3 (Cytarabine, Idarubicin)|ATRA (Tretinoin)|MiDAC",treatment,list_unique_chemotherapy_treatment_regimens,"treatment_list_unique_chemotherapy_treatment_regimens_5+2 (Cytarabine, Idarubicin)|7+3 (Cytarabine, Idarubicin)|ATRA (Tretinoin)|MiDAC"
"7+3 (Cytarabine, Idarubicin)|Azacitidine|SWOG S1203 (7+3 +/- Vorinostat)|MiDAC",treatment,list_unique_chemotherapy_treatment_regimens,"treatment_list_unique_chemotherapy_treatment_regimens_7+3 (Cytarabine, Idarubicin)|Azacitidine|SWOG S1203 (7+3 +/- Vorinostat)|MiDAC"
"Azacitidine, Sorafenib|7+3 (Cytarabine, Idarubicin)|HiDAC|Cladribine, Cytarabine, Idarubicin",treatment,list_unique_chemotherapy_treatment_regimens,"treatment_list_unique_chemotherapy_treatment_regimens_Azacitidine, Sorafenib|7+3 (Cytarabine, Idarubicin)|HiDAC|Cladribine, Cytarabine, Idarubicin"
"7+3 (Cytarabine, Idarubicin)|Cytarabine|Azacitidine|Sorafenib|Decitabine|Hydroxyurea",treatment,list_unique_chemotherapy_treatment_regimens,"treatment_list_unique_chemotherapy_treatment_regimens_7+3 (Cytarabine, Idarubicin)|Cytarabine|Azacitidine|Sorafenib|Decitabine|Hydroxyurea"
"Fludarabine, Melphalan|Ruxolitinib|7+3 (Cytarabine, Idarubicin)|FLAG (Fludarabine, High-dose Cytarabine, G-CSF)|MiDAC|Ibrutinib",treatment,list_unique_chemotherapy_treatment_regimens,"treatment_list_unique_chemotherapy_treatment_regimens_Fludarabine, Melphalan|Ruxolitinib|7+3 (Cytarabine, Idarubicin)|FLAG (Fludarabine, High-dose Cytarabine, G-CSF)|MiDAC|Ibrutinib"
"AG-221|Azacitidine, SGN-CD33A",treatment,list_unique_chemotherapy_treatment_regimens,"treatment_list_unique_chemotherapy_treatment_regimens_AG-221|Azacitidine, SGN-CD33A"
Hydroxyurea|Decitabine,treatment,list_unique_chemotherapy_treatment_regimens,treatment_list_unique_chemotherapy_treatment_regimens_Hydroxyurea|Decitabine
"Azacitidine|MEC (Cytarabine, Etoposide, Mitoxantrone)|Sorafenib|Hydroxyurea|Busulfan, Cyclophosphamide|7+3 (Cytarabine, Idarubicin) plus Dasatinib",treatment,list_unique_chemotherapy_treatment_regimens,"treatment_list_unique_chemotherapy_treatment_regimens_Azacitidine|MEC (Cytarabine, Etoposide, Mitoxantrone)|Sorafenib|Hydroxyurea|Busulfan, Cyclophosphamide|7+3 (Cytarabine, Idarubicin) plus Dasatinib"
"Dasatinib|7+3 (Cytarabine, Idarubicin)|HiDAC|MEC (Cytarabine, Etoposide, Mitoxantrone)|Hydroxyurea|Busulfan, Cyclophosphamide",treatment,list_unique_chemotherapy_treatment_regimens,"treatment_list_unique_chemotherapy_treatment_regimens_Dasatinib|7+3 (Cytarabine, Idarubicin)|HiDAC|MEC (Cytarabine, Etoposide, Mitoxantrone)|Hydroxyurea|Busulfan, Cyclophosphamide"
"Azacitidine, Sorafenib|Decitabine, Midostaurin",treatment,list_unique_chemotherapy_treatment_regimens,"treatment_list_unique_chemotherapy_treatment_regimens_Azacitidine, Sorafenib|Decitabine, Midostaurin"
"7+3 (Cytarabine, Idarubicin)|Donor Lymphocyte Infusion|FLAG-IDA (Cytarabine, Filgrastim, Fludarabine, Idarubicin)|Azacitidine|Sorafenib|MiDAC|Treo/Flu/TBI (Treosulfan, Fludarabine, Total Body Irradiation)",treatment,list_unique_chemotherapy_treatment_regimens,"treatment_list_unique_chemotherapy_treatment_regimens_7+3 (Cytarabine, Idarubicin)|Donor Lymphocyte Infusion|FLAG-IDA (Cytarabine, Filgrastim, Fludarabine, Idarubicin)|Azacitidine|Sorafenib|MiDAC|Treo/Flu/TBI (Treosulfan, Fludarabine, Total Body Irradiation)"
"7+3 (Cytarabine, Idarubicin)|FLAG-IDA (Cytarabine, Filgrastim, Fludarabine, Idarubicin)|FLAG (Fludarabine, High-dose Cytarabine, G-CSF)|MiDAC|Enasidenib|Hydroxyurea|Enasidenib, Cytarabine",treatment,list_unique_chemotherapy_treatment_regimens,"treatment_list_unique_chemotherapy_treatment_regimens_7+3 (Cytarabine, Idarubicin)|FLAG-IDA (Cytarabine, Filgrastim, Fludarabine, Idarubicin)|FLAG (Fludarabine, High-dose Cytarabine, G-CSF)|MiDAC|Enasidenib|Hydroxyurea|Enasidenib, Cytarabine"
"Busulfan, Fludarabine|7+3 (Cytarabine, Idarubicin)|HiDAC|CLAG (Cladribine, Cytarabine, Filgrastim)",treatment,list_unique_chemotherapy_treatment_regimens,"treatment_list_unique_chemotherapy_treatment_regimens_Busulfan, Fludarabine|7+3 (Cytarabine, Idarubicin)|HiDAC|CLAG (Cladribine, Cytarabine, Filgrastim)"
"HiDAC|Cyclophosphamide|Fludarabine, Cyclophosphamide, TBI |7+3 (Cytarabine, Idarubicin) plus Crenolanib",treatment,list_unique_chemotherapy_treatment_regimens,"treatment_list_unique_chemotherapy_treatment_regimens_HiDAC|Cyclophosphamide|Fludarabine, Cyclophosphamide, TBI |7+3 (Cytarabine, Idarubicin) plus Crenolanib"
"7+3 (Cytarabine, Idarubicin)|HiDAC|FLAG-IDA (Cytarabine, Filgrastim, Fludarabine, Idarubicin)|Azacitidine|MEC (Cytarabine, Etoposide, Mitoxantrone)|Busulfan, Cyclophosphamide|Fludarabine, Cytarabine",treatment,list_unique_chemotherapy_treatment_regimens,"treatment_list_unique_chemotherapy_treatment_regimens_7+3 (Cytarabine, Idarubicin)|HiDAC|FLAG-IDA (Cytarabine, Filgrastim, Fludarabine, Idarubicin)|Azacitidine|MEC (Cytarabine, Etoposide, Mitoxantrone)|Busulfan, Cyclophosphamide|Fludarabine, Cytarabine"
"HiDAC|7+3 (Cytarabine, Idarubicin) plus Crenolanib",treatment,list_unique_chemotherapy_treatment_regimens,"treatment_list_unique_chemotherapy_treatment_regimens_HiDAC|7+3 (Cytarabine, Idarubicin) plus Crenolanib"
"5+2 (Cytarabine, Idarubicin)|7+3 (Cytarabine, Idarubicin)|Azacitidine",treatment,list_unique_chemotherapy_treatment_regimens,"treatment_list_unique_chemotherapy_treatment_regimens_5+2 (Cytarabine, Idarubicin)|7+3 (Cytarabine, Idarubicin)|Azacitidine"
"7+3 (Cytarabine, Idarubicin)|HAM (Cytarabine, Mitoxantrone)|Azacitidine|Hydroxyurea|Decitabine|ME (Etoposide, Mitoxantrone)|Fludarabine, Melphalan, ATG",treatment,list_unique_chemotherapy_treatment_regimens,"treatment_list_unique_chemotherapy_treatment_regimens_7+3 (Cytarabine, Idarubicin)|HAM (Cytarabine, Mitoxantrone)|Azacitidine|Hydroxyurea|Decitabine|ME (Etoposide, Mitoxantrone)|Fludarabine, Melphalan, ATG"
"HiDAC|Hydroxyurea|7+3 (Cytarabine, Idarubicin) plus Sorafenib",treatment,list_unique_chemotherapy_treatment_regimens,"treatment_list_unique_chemotherapy_treatment_regimens_HiDAC|Hydroxyurea|7+3 (Cytarabine, Idarubicin) plus Sorafenib"
"AG-120|ATRA (Tretinoin)|HiDAC|3+7 (Cytarabine, Daunorubicin)|FLAG (Fludarabine, High-dose Cytarabine, G-CSF)|5+2 (Ara-C, Daunorubicin)",treatment,list_unique_chemotherapy_treatment_regimens,"treatment_list_unique_chemotherapy_treatment_regimens_AG-120|ATRA (Tretinoin)|HiDAC|3+7 (Cytarabine, Daunorubicin)|FLAG (Fludarabine, High-dose Cytarabine, G-CSF)|5+2 (Ara-C, Daunorubicin)"
"7+3 (Cytarabine, Idarubicin)|HiDAC|Cyclophosphamide|Fludarabine, Cyclophosphamide, TBI",treatment,list_unique_chemotherapy_treatment_regimens,"treatment_list_unique_chemotherapy_treatment_regimens_7+3 (Cytarabine, Idarubicin)|HiDAC|Cyclophosphamide|Fludarabine, Cyclophosphamide, TBI"
"Hydroxyurea|APML4 Protocol (ATRA, Arsenic Trioxide, Idarubicin)",treatment,list_unique_chemotherapy_treatment_regimens,"treatment_list_unique_chemotherapy_treatment_regimens_Hydroxyurea|APML4 Protocol (ATRA, Arsenic Trioxide, Idarubicin)"
"AG-120|5+2 (Cytarabine, Idarubicin)|7+3 (Cytarabine, Idarubicin)|Azacitidine|Decitabine",treatment,list_unique_chemotherapy_treatment_regimens,"treatment_list_unique_chemotherapy_treatment_regimens_AG-120|5+2 (Cytarabine, Idarubicin)|7+3 (Cytarabine, Idarubicin)|Azacitidine|Decitabine"
"HiDAC|3+7 (Cytarabine, Daunorubicin)|Azacitidine|Hydroxyurea",treatment,list_unique_chemotherapy_treatment_regimens,"treatment_list_unique_chemotherapy_treatment_regimens_HiDAC|3+7 (Cytarabine, Daunorubicin)|Azacitidine|Hydroxyurea"
Azacitidine|Decitabine|Hydroxyurea|V212,treatment,list_unique_chemotherapy_treatment_regimens,treatment_list_unique_chemotherapy_treatment_regimens_Azacitidine|Decitabine|Hydroxyurea|V212
CPX-351 (Liposomal Cytarabine + Daunorubicin)|Hydroxyurea,treatment,list_unique_chemotherapy_treatment_regimens,treatment_list_unique_chemotherapy_treatment_regimens_CPX-351 (Liposomal Cytarabine + Daunorubicin)|Hydroxyurea
"Methotrexate, Mercaptopurine, Tretinoin|ATRA, Idarubicin|ATRA, Cytarabine, Idarubicin",treatment,list_unique_chemotherapy_treatment_regimens,"treatment_list_unique_chemotherapy_treatment_regimens_Methotrexate, Mercaptopurine, Tretinoin|ATRA, Idarubicin|ATRA, Cytarabine, Idarubicin"
Ruxolitinib|AG-221|Cytarabine|Azacitidine,treatment,list_unique_chemotherapy_treatment_regimens,treatment_list_unique_chemotherapy_treatment_regimens_Ruxolitinib|AG-221|Cytarabine|Azacitidine
"Sorafenib|Hydroxyurea|7+3 (Cytarabine, Idarubicin) plus Sorafenib|Busulfan, Cyclophosphamide",treatment,list_unique_chemotherapy_treatment_regimens,"treatment_list_unique_chemotherapy_treatment_regimens_Sorafenib|Hydroxyurea|7+3 (Cytarabine, Idarubicin) plus Sorafenib|Busulfan, Cyclophosphamide"
"Vidaza|Decitabine|Fludarabine, Cytarabine",treatment,list_unique_chemotherapy_treatment_regimens,"treatment_list_unique_chemotherapy_treatment_regimens_Vidaza|Decitabine|Fludarabine, Cytarabine"
"AG-120|Fludarabine, Melphalan|7+3 (Cytarabine, Idarubicin)|FLAG-IDA (Cytarabine, Filgrastim, Fludarabine, Idarubicin)|MiDAC",treatment,list_unique_chemotherapy_treatment_regimens,"treatment_list_unique_chemotherapy_treatment_regimens_AG-120|Fludarabine, Melphalan|7+3 (Cytarabine, Idarubicin)|FLAG-IDA (Cytarabine, Filgrastim, Fludarabine, Idarubicin)|MiDAC"
"Vidaza|Cytarabine|3+7 (Cytarabine, Daunorubicin)|Decitabine",treatment,list_unique_chemotherapy_treatment_regimens,"treatment_list_unique_chemotherapy_treatment_regimens_Vidaza|Cytarabine|3+7 (Cytarabine, Daunorubicin)|Decitabine"
"Cytarabine|3+7 (Cytarabine, Daunorubicin)",treatment,list_unique_chemotherapy_treatment_regimens,"treatment_list_unique_chemotherapy_treatment_regimens_Cytarabine|3+7 (Cytarabine, Daunorubicin)"
AG-221|Azacitidine|Hydroxyurea,treatment,list_unique_chemotherapy_treatment_regimens,treatment_list_unique_chemotherapy_treatment_regimens_AG-221|Azacitidine|Hydroxyurea
"7+3 (Cytarabine, Idarubicin)|IDAC",treatment,list_unique_chemotherapy_treatment_regimens,"treatment_list_unique_chemotherapy_treatment_regimens_7+3 (Cytarabine, Idarubicin)|IDAC"
Vidaza,treatment,list_unique_chemotherapy_treatment_regimens,treatment_list_unique_chemotherapy_treatment_regimens_Vidaza
"7+3 (Cytarabine, Idarubicin)|CLAG (Cladribine, Cytarabine, Filgrastim)",treatment,list_unique_chemotherapy_treatment_regimens,"treatment_list_unique_chemotherapy_treatment_regimens_7+3 (Cytarabine, Idarubicin)|CLAG (Cladribine, Cytarabine, Filgrastim)"
"HiDAC|3+7 (Cytarabine, Daunorubicin)",treatment,list_unique_chemotherapy_treatment_regimens,"treatment_list_unique_chemotherapy_treatment_regimens_HiDAC|3+7 (Cytarabine, Daunorubicin)"
"Fludarabine, Melphalan|Crenolanib|7+3 (Cytarabine, Idarubicin) plus Crenolanib",treatment,list_unique_chemotherapy_treatment_regimens,"treatment_list_unique_chemotherapy_treatment_regimens_Fludarabine, Melphalan|Crenolanib|7+3 (Cytarabine, Idarubicin) plus Crenolanib"
"7+3 (Cytarabine, Idarubicin)|Fludarabine, Cyclophosphamide, Thiotepa, TBI",treatment,list_unique_chemotherapy_treatment_regimens,"treatment_list_unique_chemotherapy_treatment_regimens_7+3 (Cytarabine, Idarubicin)|Fludarabine, Cyclophosphamide, Thiotepa, TBI"
"Azacitidine|7+3 (Cytarabine, Idarubicin) plus Sorafenib",treatment,list_unique_chemotherapy_treatment_regimens,"treatment_list_unique_chemotherapy_treatment_regimens_Azacitidine|7+3 (Cytarabine, Idarubicin) plus Sorafenib"
"7+3 (Cytarabine, Idarubicin)|HiDAC|GCLAC (GCSF, Clofarabine & Cytarabine)|Fludarabine, Cyclophosphamide, Thiotepa, TBI",treatment,list_unique_chemotherapy_treatment_regimens,"treatment_list_unique_chemotherapy_treatment_regimens_7+3 (Cytarabine, Idarubicin)|HiDAC|GCLAC (GCSF, Clofarabine & Cytarabine)|Fludarabine, Cyclophosphamide, Thiotepa, TBI"
"AG-120|KB004|Lenalidomide|Venetoclax (ABT-199), Azacitidine|Decitabine",treatment,list_unique_chemotherapy_treatment_regimens,"treatment_list_unique_chemotherapy_treatment_regimens_AG-120|KB004|Lenalidomide|Venetoclax (ABT-199), Azacitidine|Decitabine"
"Bu/Cy/ATG|HiDAC|3+7 (Cytarabine, Daunorubicin)|Etoposide, Mitoxantrone|Clofarabine, Cytarabine",treatment,list_unique_chemotherapy_treatment_regimens,"treatment_list_unique_chemotherapy_treatment_regimens_Bu/Cy/ATG|HiDAC|3+7 (Cytarabine, Daunorubicin)|Etoposide, Mitoxantrone|Clofarabine, Cytarabine"
"7+3 (Cytarabine, Idarubicin)|HiDAC|FLAG-IDA (Cytarabine, Filgrastim, Fludarabine, Idarubicin)|MEC (Cytarabine, Etoposide, Mitoxantrone)|MiDAC",treatment,list_unique_chemotherapy_treatment_regimens,"treatment_list_unique_chemotherapy_treatment_regimens_7+3 (Cytarabine, Idarubicin)|HiDAC|FLAG-IDA (Cytarabine, Filgrastim, Fludarabine, Idarubicin)|MEC (Cytarabine, Etoposide, Mitoxantrone)|MiDAC"
"HiDAC|Lenalidomide|3+7 (Cytarabine, Daunorubicin)|Azacitidine|Etoposide, Mitoxantrone|Cytarabine, OXi4503",treatment,list_unique_chemotherapy_treatment_regimens,"treatment_list_unique_chemotherapy_treatment_regimens_HiDAC|Lenalidomide|3+7 (Cytarabine, Daunorubicin)|Azacitidine|Etoposide, Mitoxantrone|Cytarabine, OXi4503"
Radiation|Paclitaxel|Doxorubicin|Cisplatin|5-FU,treatment,list_unique_chemotherapy_treatment_regimens,treatment_list_unique_chemotherapy_treatment_regimens_Radiation|Paclitaxel|Doxorubicin|Cisplatin|5-FU
"Ruxolitinib|Hydroxyurea|Decitabine, Ruxolitinib",treatment,list_unique_chemotherapy_treatment_regimens,"treatment_list_unique_chemotherapy_treatment_regimens_Ruxolitinib|Hydroxyurea|Decitabine, Ruxolitinib"
"Fludarabine, Melphalan|Azacitidine|Sorafenib",treatment,list_unique_chemotherapy_treatment_regimens,"treatment_list_unique_chemotherapy_treatment_regimens_Fludarabine, Melphalan|Azacitidine|Sorafenib"
"7+3 (Cytarabine, Idarubicin)|HiDAC|FLAG-IDA (Cytarabine, Filgrastim, Fludarabine, Idarubicin)|Sorafenib|Hydroxyurea",treatment,list_unique_chemotherapy_treatment_regimens,"treatment_list_unique_chemotherapy_treatment_regimens_7+3 (Cytarabine, Idarubicin)|HiDAC|FLAG-IDA (Cytarabine, Filgrastim, Fludarabine, Idarubicin)|Sorafenib|Hydroxyurea"
"7+3 (Cytarabine, Idarubicin)|CLAG (Cladribine, Cytarabine, Filgrastim)|Azacitidine",treatment,list_unique_chemotherapy_treatment_regimens,"treatment_list_unique_chemotherapy_treatment_regimens_7+3 (Cytarabine, Idarubicin)|CLAG (Cladribine, Cytarabine, Filgrastim)|Azacitidine"
"Cytarabine|Sorafenib|Cytarabine, Daunorubicin, and Etoposide|Busulfan, Cyclophosphamide",treatment,list_unique_chemotherapy_treatment_regimens,"treatment_list_unique_chemotherapy_treatment_regimens_Cytarabine|Sorafenib|Cytarabine, Daunorubicin, and Etoposide|Busulfan, Cyclophosphamide"
"Vidaza|7+3 (Cytarabine, Idarubicin)|Lenalidomide|Hydroxyurea",treatment,list_unique_chemotherapy_treatment_regimens,"treatment_list_unique_chemotherapy_treatment_regimens_Vidaza|7+3 (Cytarabine, Idarubicin)|Lenalidomide|Hydroxyurea"
"HiDAC|Donor Lymphocyte Infusion|FLAG-IDA (Cytarabine, Filgrastim, Fludarabine, Idarubicin)|SWOG S1203 (7+3 +/- Vorinostat)|Hydroxyurea|Decitabine|Bu/Flu/TBI (Busulfan, Fludarabine, Total Body Irradiation)",treatment,list_unique_chemotherapy_treatment_regimens,"treatment_list_unique_chemotherapy_treatment_regimens_HiDAC|Donor Lymphocyte Infusion|FLAG-IDA (Cytarabine, Filgrastim, Fludarabine, Idarubicin)|SWOG S1203 (7+3 +/- Vorinostat)|Hydroxyurea|Decitabine|Bu/Flu/TBI (Busulfan, Fludarabine, Total Body Irradiation)"
"Busulfan, Fludarabine|7+3 (Cytarabine, Idarubicin)|Azacitidine|CLAG-M (Cladribine, Cytarabine, Mitoxantrone, Filgrastim)",treatment,list_unique_chemotherapy_treatment_regimens,"treatment_list_unique_chemotherapy_treatment_regimens_Busulfan, Fludarabine|7+3 (Cytarabine, Idarubicin)|Azacitidine|CLAG-M (Cladribine, Cytarabine, Mitoxantrone, Filgrastim)"
"FLAG (Fludarabine, High-dose Cytarabine, G-CSF)|Hydroxyurea|Decitabine|Fludarabine, Cyclophosphamide, TBI |Trametinib",treatment,list_unique_chemotherapy_treatment_regimens,"treatment_list_unique_chemotherapy_treatment_regimens_FLAG (Fludarabine, High-dose Cytarabine, G-CSF)|Hydroxyurea|Decitabine|Fludarabine, Cyclophosphamide, TBI |Trametinib"
"3+7 (Cytarabine, Daunorubicin)|FLAG-IDA (Cytarabine, Filgrastim, Fludarabine, Idarubicin)|FLAG (Fludarabine, High-dose Cytarabine, G-CSF)|Hydroxyurea",treatment,list_unique_chemotherapy_treatment_regimens,"treatment_list_unique_chemotherapy_treatment_regimens_3+7 (Cytarabine, Daunorubicin)|FLAG-IDA (Cytarabine, Filgrastim, Fludarabine, Idarubicin)|FLAG (Fludarabine, High-dose Cytarabine, G-CSF)|Hydroxyurea"
"HiDAC|AG-221|3+7 (Cytarabine, Daunorubicin)|Azacitidine|MEC (Cytarabine, Etoposide, Mitoxantrone)",treatment,list_unique_chemotherapy_treatment_regimens,"treatment_list_unique_chemotherapy_treatment_regimens_HiDAC|AG-221|3+7 (Cytarabine, Daunorubicin)|Azacitidine|MEC (Cytarabine, Etoposide, Mitoxantrone)"
"7+3 (Cytarabine, Idarubicin)|ATRA (Tretinoin)|FLAG-IDA (Cytarabine, Filgrastim, Fludarabine, Idarubicin)|anti-CD33|Azacitidine",treatment,list_unique_chemotherapy_treatment_regimens,"treatment_list_unique_chemotherapy_treatment_regimens_7+3 (Cytarabine, Idarubicin)|ATRA (Tretinoin)|FLAG-IDA (Cytarabine, Filgrastim, Fludarabine, Idarubicin)|anti-CD33|Azacitidine"
"HiDAC|Cyclophosphamide, Fludarabine, TBI|3+7 (Cytarabine, Daunorubicin)|MEC (Cytarabine, Etoposide, Mitoxantrone)",treatment,list_unique_chemotherapy_treatment_regimens,"treatment_list_unique_chemotherapy_treatment_regimens_HiDAC|Cyclophosphamide, Fludarabine, TBI|3+7 (Cytarabine, Daunorubicin)|MEC (Cytarabine, Etoposide, Mitoxantrone)"
"HiDAC|Cyclophosphamide, Fludarabine, TBI|3+7 (Cytarabine, Daunorubicin)|FLAG-IDA (Cytarabine, Filgrastim, Fludarabine, Idarubicin)",treatment,list_unique_chemotherapy_treatment_regimens,"treatment_list_unique_chemotherapy_treatment_regimens_HiDAC|Cyclophosphamide, Fludarabine, TBI|3+7 (Cytarabine, Daunorubicin)|FLAG-IDA (Cytarabine, Filgrastim, Fludarabine, Idarubicin)"
"CyBorD (Cyclophosphamide, Bortezomib, Dexamethasone)|RVD (Bortezomib, Dexamethasone, Lenalidomide)",treatment,list_unique_chemotherapy_treatment_regimens,"treatment_list_unique_chemotherapy_treatment_regimens_CyBorD (Cyclophosphamide, Bortezomib, Dexamethasone)|RVD (Bortezomib, Dexamethasone, Lenalidomide)"
"HiDAC|FLAG-IDA (Cytarabine, Filgrastim, Fludarabine, Idarubicin)",treatment,list_unique_chemotherapy_treatment_regimens,"treatment_list_unique_chemotherapy_treatment_regimens_HiDAC|FLAG-IDA (Cytarabine, Filgrastim, Fludarabine, Idarubicin)"
"Unknown|GCLAC (GCSF, Clofarabine & Cytarabine)",treatment,list_unique_chemotherapy_treatment_regimens,"treatment_list_unique_chemotherapy_treatment_regimens_Unknown|GCLAC (GCSF, Clofarabine & Cytarabine)"
"Azacitidine|Fludarabine, Melphalan, ATG",treatment,list_unique_chemotherapy_treatment_regimens,"treatment_list_unique_chemotherapy_treatment_regimens_Azacitidine|Fludarabine, Melphalan, ATG"
"Vidaza|Fludarabine, Melphalan|HiDAC|3+7 (Cytarabine, Daunorubicin)",treatment,list_unique_chemotherapy_treatment_regimens,"treatment_list_unique_chemotherapy_treatment_regimens_Vidaza|Fludarabine, Melphalan|HiDAC|3+7 (Cytarabine, Daunorubicin)"
"FLX925|7+3 (Cytarabine, Idarubicin)",treatment,list_unique_chemotherapy_treatment_regimens,"treatment_list_unique_chemotherapy_treatment_regimens_FLX925|7+3 (Cytarabine, Idarubicin)"
Cytarabine|Decitabine,treatment,list_unique_chemotherapy_treatment_regimens,treatment_list_unique_chemotherapy_treatment_regimens_Cytarabine|Decitabine
"7+3 (Cytarabine, Idarubicin)|Fludarabine, Cyclophosphamide, TBI",treatment,list_unique_chemotherapy_treatment_regimens,"treatment_list_unique_chemotherapy_treatment_regimens_7+3 (Cytarabine, Idarubicin)|Fludarabine, Cyclophosphamide, TBI"
"7+3 (Cytarabine, Idarubicin)|Sorafenib|MEC (Cytarabine, Etoposide, Mitoxantrone)|MiDAC|IMGN779 (Immunogen Trial)|Fludarabine, Cyclophosphamide, Thiotepa, TBI|ALRN-6924|Azacitidine, Midostaurin, Ponatinib",treatment,list_unique_chemotherapy_treatment_regimens,"treatment_list_unique_chemotherapy_treatment_regimens_7+3 (Cytarabine, Idarubicin)|Sorafenib|MEC (Cytarabine, Etoposide, Mitoxantrone)|MiDAC|IMGN779 (Immunogen Trial)|Fludarabine, Cyclophosphamide, Thiotepa, TBI|ALRN-6924|Azacitidine, Midostaurin, Ponatinib"
"Azacitidine|SWOG S0919 (Ida/Ara+Pravastatin) |Busulfan, Cyclophosphamide",treatment,list_unique_chemotherapy_treatment_regimens,"treatment_list_unique_chemotherapy_treatment_regimens_Azacitidine|SWOG S0919 (Ida/Ara+Pravastatin) |Busulfan, Cyclophosphamide"
Vidaza|Decitabine,treatment,list_unique_chemotherapy_treatment_regimens,treatment_list_unique_chemotherapy_treatment_regimens_Vidaza|Decitabine
"Busulfan, Fludarabine|5+2 (Cytarabine, Idarubicin)|HiDAC|7+3 (Cytarabine, Idarubicin, Bortezomib",treatment,list_unique_chemotherapy_treatment_regimens,"treatment_list_unique_chemotherapy_treatment_regimens_Busulfan, Fludarabine|5+2 (Cytarabine, Idarubicin)|HiDAC|7+3 (Cytarabine, Idarubicin, Bortezomib"
"7+3 (Cytarabine, Idarubicin)|Cytarabine|Etoposide, Mitoxantrone",treatment,list_unique_chemotherapy_treatment_regimens,"treatment_list_unique_chemotherapy_treatment_regimens_7+3 (Cytarabine, Idarubicin)|Cytarabine|Etoposide, Mitoxantrone"
"Fludarabine, Melphalan|MiDAC|7+3 (Cytarabine, Idarubicin) plus Sorafenib",treatment,list_unique_chemotherapy_treatment_regimens,"treatment_list_unique_chemotherapy_treatment_regimens_Fludarabine, Melphalan|MiDAC|7+3 (Cytarabine, Idarubicin) plus Sorafenib"
"Fludarabine, Melphalan|Ruxolitinib|7+3 (Cytarabine, Idarubicin)|FLAG-IDA (Cytarabine, Filgrastim, Fludarabine, Idarubicin)|MiDAC|Hydroxyurea",treatment,list_unique_chemotherapy_treatment_regimens,"treatment_list_unique_chemotherapy_treatment_regimens_Fludarabine, Melphalan|Ruxolitinib|7+3 (Cytarabine, Idarubicin)|FLAG-IDA (Cytarabine, Filgrastim, Fludarabine, Idarubicin)|MiDAC|Hydroxyurea"
"Fludarabine, Melphalan|Azacitidine|Hydroxyurea|Idarubicin and Cytarabine",treatment,list_unique_chemotherapy_treatment_regimens,"treatment_list_unique_chemotherapy_treatment_regimens_Fludarabine, Melphalan|Azacitidine|Hydroxyurea|Idarubicin and Cytarabine"
Vidaza|AG-221|Bortezomib|Cytarabine|Lenalidomide|Decitabine,treatment,list_unique_chemotherapy_treatment_regimens,treatment_list_unique_chemotherapy_treatment_regimens_Vidaza|AG-221|Bortezomib|Cytarabine|Lenalidomide|Decitabine
"S0919 Trial (Pravastatin, Idarubicin, Cytarabine)|Hydroxyurea",treatment,list_unique_chemotherapy_treatment_regimens,"treatment_list_unique_chemotherapy_treatment_regimens_S0919 Trial (Pravastatin, Idarubicin, Cytarabine)|Hydroxyurea"
"Bu/Cy/ATG|HiDAC|3+7 (Cytarabine, Daunorubicin)|Decitabine|Clofarabine, Cytarabine",treatment,list_unique_chemotherapy_treatment_regimens,"treatment_list_unique_chemotherapy_treatment_regimens_Bu/Cy/ATG|HiDAC|3+7 (Cytarabine, Daunorubicin)|Decitabine|Clofarabine, Cytarabine"
"HiDAC|CLAG (Cladribine, Cytarabine, Filgrastim)|3+7 (Cytarabine, Daunorubicin)|Cyclophosphamide, Etoposide, Cytarabine",treatment,list_unique_chemotherapy_treatment_regimens,"treatment_list_unique_chemotherapy_treatment_regimens_HiDAC|CLAG (Cladribine, Cytarabine, Filgrastim)|3+7 (Cytarabine, Daunorubicin)|Cyclophosphamide, Etoposide, Cytarabine"
"Fludarabine, Melphalan|7+3 (Cytarabine, Idarubicin)|Azacitidine|Decitabine|Fludarabine, Cytarabine",treatment,list_unique_chemotherapy_treatment_regimens,"treatment_list_unique_chemotherapy_treatment_regimens_Fludarabine, Melphalan|7+3 (Cytarabine, Idarubicin)|Azacitidine|Decitabine|Fludarabine, Cytarabine"
"Busulfan, Fludarabine|7+3 (Cytarabine, Idarubicin)|HiDAC|CLAG-M (Cladribine, Cytarabine, Mitoxantrone, Filgrastim)",treatment,list_unique_chemotherapy_treatment_regimens,"treatment_list_unique_chemotherapy_treatment_regimens_Busulfan, Fludarabine|7+3 (Cytarabine, Idarubicin)|HiDAC|CLAG-M (Cladribine, Cytarabine, Mitoxantrone, Filgrastim)"
"Busulfan, Fludarabine|7+3 (Cytarabine, Idarubicin) plus CX-01|IDAC",treatment,list_unique_chemotherapy_treatment_regimens,"treatment_list_unique_chemotherapy_treatment_regimens_Busulfan, Fludarabine|7+3 (Cytarabine, Idarubicin) plus CX-01|IDAC"
"Vidaza|7+3 (Cytarabine, Idarubicin)|HiDAC",treatment,list_unique_chemotherapy_treatment_regimens,"treatment_list_unique_chemotherapy_treatment_regimens_Vidaza|7+3 (Cytarabine, Idarubicin)|HiDAC"
"7+3 (Cytarabine, Idarubicin) plus Enasidenib|Busulfan, Cyclophosphamide",treatment,list_unique_chemotherapy_treatment_regimens,"treatment_list_unique_chemotherapy_treatment_regimens_7+3 (Cytarabine, Idarubicin) plus Enasidenib|Busulfan, Cyclophosphamide"
"7+3 (Cytarabine, Idarubicin)|Sunitinib|FLAG-IDA (Cytarabine, Filgrastim, Fludarabine, Idarubicin)|7+3 (Cytarabine, Idarubicin) plus Sorafenib|Hydroxyurea",treatment,list_unique_chemotherapy_treatment_regimens,"treatment_list_unique_chemotherapy_treatment_regimens_7+3 (Cytarabine, Idarubicin)|Sunitinib|FLAG-IDA (Cytarabine, Filgrastim, Fludarabine, Idarubicin)|7+3 (Cytarabine, Idarubicin) plus Sorafenib|Hydroxyurea"
"MiDAC|Idarubicin and Cytarabine|FLAG-IDA plus Midostaurin|Azacitidine, Midostaurin, Ponatinib|7+3 (Cytarabine, Idarubicin) plus Dasatinib",treatment,list_unique_chemotherapy_treatment_regimens,"treatment_list_unique_chemotherapy_treatment_regimens_MiDAC|Idarubicin and Cytarabine|FLAG-IDA plus Midostaurin|Azacitidine, Midostaurin, Ponatinib|7+3 (Cytarabine, Idarubicin) plus Dasatinib"
"AG-120|7+3 (Cytarabine, Idarubicin)|Cytarabine|Decitabine|ME (Etoposide, Mitoxantrone)|Fludarabine, Melphalan, ATG",treatment,list_unique_chemotherapy_treatment_regimens,"treatment_list_unique_chemotherapy_treatment_regimens_AG-120|7+3 (Cytarabine, Idarubicin)|Cytarabine|Decitabine|ME (Etoposide, Mitoxantrone)|Fludarabine, Melphalan, ATG"
"7+3 (Cytarabine, Idarubicin)|Decitabine|7+3 (Cytarabine, Idarubicin) plus Azacitidine|IDAC|Etoposide, Cytarabine",treatment,list_unique_chemotherapy_treatment_regimens,"treatment_list_unique_chemotherapy_treatment_regimens_7+3 (Cytarabine, Idarubicin)|Decitabine|7+3 (Cytarabine, Idarubicin) plus Azacitidine|IDAC|Etoposide, Cytarabine"
"7+3 (Cytarabine, Idarubicin)|MEC (Cytarabine, Etoposide, Mitoxantrone)|ME (Etoposide, Mitoxantrone)|Busulfan, Cyclophosphamide",treatment,list_unique_chemotherapy_treatment_regimens,"treatment_list_unique_chemotherapy_treatment_regimens_7+3 (Cytarabine, Idarubicin)|MEC (Cytarabine, Etoposide, Mitoxantrone)|ME (Etoposide, Mitoxantrone)|Busulfan, Cyclophosphamide"
"ATRA, Idarubicin|ATRA, Arsenic Trioxide",treatment,list_unique_chemotherapy_treatment_regimens,"treatment_list_unique_chemotherapy_treatment_regimens_ATRA, Idarubicin|ATRA, Arsenic Trioxide"
"HiDAC|7+3 (Cytarabine, Idarubicin) plus Crenolanib|Busulfan, Cyclophosphamide",treatment,list_unique_chemotherapy_treatment_regimens,"treatment_list_unique_chemotherapy_treatment_regimens_HiDAC|7+3 (Cytarabine, Idarubicin) plus Crenolanib|Busulfan, Cyclophosphamide"
Cytarabine,treatment,list_unique_chemotherapy_treatment_regimens,treatment_list_unique_chemotherapy_treatment_regimens_Cytarabine
"Busulfan, Fludarabine|IDAC plus Midostaurin|7+3 (Cytarabine, Daunorubicin) plus Sorafenib",treatment,list_unique_chemotherapy_treatment_regimens,"treatment_list_unique_chemotherapy_treatment_regimens_Busulfan, Fludarabine|IDAC plus Midostaurin|7+3 (Cytarabine, Daunorubicin) plus Sorafenib"
"Bellicum Trial (Flu/Cy/TBI + ATG + Rituximab then BPX-501)|Dasatinib|7+3 (Cytarabine, Idarubicin)|HiDAC|MEC (Cytarabine, Etoposide, Mitoxantrone)|Sorafenib|Methotrexate",treatment,list_unique_chemotherapy_treatment_regimens,"treatment_list_unique_chemotherapy_treatment_regimens_Bellicum Trial (Flu/Cy/TBI + ATG + Rituximab then BPX-501)|Dasatinib|7+3 (Cytarabine, Idarubicin)|HiDAC|MEC (Cytarabine, Etoposide, Mitoxantrone)|Sorafenib|Methotrexate"
"7+3 (Cytarabine, Idarubicin)|CLAG (Cladribine, Cytarabine, Filgrastim)|IDAC",treatment,list_unique_chemotherapy_treatment_regimens,"treatment_list_unique_chemotherapy_treatment_regimens_7+3 (Cytarabine, Idarubicin)|CLAG (Cladribine, Cytarabine, Filgrastim)|IDAC"
"7+3 (Cytarabine, Idarubicin)|HiDAC|FLAG-IDA (Cytarabine, Filgrastim, Fludarabine, Idarubicin)|MEC (Cytarabine, Etoposide, Mitoxantrone)|Fludarabine, Cyclophosphamide, TBI, Rituximab",treatment,list_unique_chemotherapy_treatment_regimens,"treatment_list_unique_chemotherapy_treatment_regimens_7+3 (Cytarabine, Idarubicin)|HiDAC|FLAG-IDA (Cytarabine, Filgrastim, Fludarabine, Idarubicin)|MEC (Cytarabine, Etoposide, Mitoxantrone)|Fludarabine, Cyclophosphamide, TBI, Rituximab"
"Vidaza, BI836858 (anti-CD33)",treatment,list_unique_chemotherapy_treatment_regimens,"treatment_list_unique_chemotherapy_treatment_regimens_Vidaza, BI836858 (anti-CD33)"
"GCLAC (GCSF, Clofarabine & Cytarabine)|Fludarabine, Cyclophosphamide, Thiotepa, TBI",treatment,list_unique_chemotherapy_treatment_regimens,"treatment_list_unique_chemotherapy_treatment_regimens_GCLAC (GCSF, Clofarabine & Cytarabine)|Fludarabine, Cyclophosphamide, Thiotepa, TBI"
"Vidaza|Fludarabine, Melphalan|7+3 (Cytarabine, Idarubicin)",treatment,list_unique_chemotherapy_treatment_regimens,"treatment_list_unique_chemotherapy_treatment_regimens_Vidaza|Fludarabine, Melphalan|7+3 (Cytarabine, Idarubicin)"
"AG-120|7+3 (Cytarabine, Idarubicin)|Azacitidine|MGD006 (CD123 x CD3) |MEC (Cytarabine, Etoposide, Mitoxantrone)|Decitabine|Incyte trial (azacitidine and JAK 1 inhibitor)",treatment,list_unique_chemotherapy_treatment_regimens,"treatment_list_unique_chemotherapy_treatment_regimens_AG-120|7+3 (Cytarabine, Idarubicin)|Azacitidine|MGD006 (CD123 x CD3) |MEC (Cytarabine, Etoposide, Mitoxantrone)|Decitabine|Incyte trial (azacitidine and JAK 1 inhibitor)"
"Busulfan, Fludarabine|7+3 (Cytarabine, Idarubicin) plus Crenolanib|IDAC",treatment,list_unique_chemotherapy_treatment_regimens,"treatment_list_unique_chemotherapy_treatment_regimens_Busulfan, Fludarabine|7+3 (Cytarabine, Idarubicin) plus Crenolanib|IDAC"
"7+3 (Cytarabine, Idarubicin)|HiDAC|ME (Etoposide, Mitoxantrone)|Decitabine",treatment,list_unique_chemotherapy_treatment_regimens,"treatment_list_unique_chemotherapy_treatment_regimens_7+3 (Cytarabine, Idarubicin)|HiDAC|ME (Etoposide, Mitoxantrone)|Decitabine"
"Fludarabine, Melphalan|7+3 (Cytarabine, Idarubicin) plus Samalizumab|MiDAC",treatment,list_unique_chemotherapy_treatment_regimens,"treatment_list_unique_chemotherapy_treatment_regimens_Fludarabine, Melphalan|7+3 (Cytarabine, Idarubicin) plus Samalizumab|MiDAC"
"7+3 (Cytarabine, Idarubicin)|HiDAC|FLAG-IDA (Cytarabine, Filgrastim, Fludarabine, Idarubicin)|FLAG (Fludarabine, High-dose Cytarabine, G-CSF)|Bu/Flu/TBI (Busulfan, Fludarabine, Total Body Irradiation)",treatment,list_unique_chemotherapy_treatment_regimens,"treatment_list_unique_chemotherapy_treatment_regimens_7+3 (Cytarabine, Idarubicin)|HiDAC|FLAG-IDA (Cytarabine, Filgrastim, Fludarabine, Idarubicin)|FLAG (Fludarabine, High-dose Cytarabine, G-CSF)|Bu/Flu/TBI (Busulfan, Fludarabine, Total Body Irradiation)"
"ATRA, Arsenic Trioxide, Idarubicin",treatment,list_unique_chemotherapy_treatment_regimens,"treatment_list_unique_chemotherapy_treatment_regimens_ATRA, Arsenic Trioxide, Idarubicin"
Dasatinib,treatment,list_unique_chemotherapy_treatment_regimens,treatment_list_unique_chemotherapy_treatment_regimens_Dasatinib
"Vidaza, BI836858 (anti-CD33)|Azacitidine|Enasidenib|Incyte trial (azacitidine and JAK 1 inhibitor)",treatment,list_unique_chemotherapy_treatment_regimens,"treatment_list_unique_chemotherapy_treatment_regimens_Vidaza, BI836858 (anti-CD33)|Azacitidine|Enasidenib|Incyte trial (azacitidine and JAK 1 inhibitor)"
"7+3 (Cytarabine, Idarubicin)|HiDAC + Midostaurin|Fludarabine, TBI",treatment,list_unique_chemotherapy_treatment_regimens,"treatment_list_unique_chemotherapy_treatment_regimens_7+3 (Cytarabine, Idarubicin)|HiDAC + Midostaurin|Fludarabine, TBI"
"Busulfan, Fludarabine, Thymoglobulin (Bu/Flu/ATG)|HiDAC|3+7 (Cytarabine, Daunorubicin)|Azacitidine|Clofarabine, Cytarabine",treatment,list_unique_chemotherapy_treatment_regimens,"treatment_list_unique_chemotherapy_treatment_regimens_Busulfan, Fludarabine, Thymoglobulin (Bu/Flu/ATG)|HiDAC|3+7 (Cytarabine, Daunorubicin)|Azacitidine|Clofarabine, Cytarabine"
"Midostaurin|Fludarabine, Cyclophosphamide, Thiotepa, TBI|7+3 (Cytarabine, Idarubicin) plus Enasidenib",treatment,list_unique_chemotherapy_treatment_regimens,"treatment_list_unique_chemotherapy_treatment_regimens_Midostaurin|Fludarabine, Cyclophosphamide, Thiotepa, TBI|7+3 (Cytarabine, Idarubicin) plus Enasidenib"
"Venetoclax, Idasanutlin|anti-CD123, Decitabine|Enasidenib|cd47mAb",treatment,list_unique_chemotherapy_treatment_regimens,"treatment_list_unique_chemotherapy_treatment_regimens_Venetoclax, Idasanutlin|anti-CD123, Decitabine|Enasidenib|cd47mAb"
"Imatinib|Cytarabine|MEC (Cytarabine, Etoposide, Mitoxantrone)|Decitabine",treatment,list_unique_chemotherapy_treatment_regimens,"treatment_list_unique_chemotherapy_treatment_regimens_Imatinib|Cytarabine|MEC (Cytarabine, Etoposide, Mitoxantrone)|Decitabine"
"Busulfan, Fludarabine, Thymoglobulin (Bu/Flu/ATG)|HiDAC|3+7 (Cytarabine, Daunorubicin)",treatment,list_unique_chemotherapy_treatment_regimens,"treatment_list_unique_chemotherapy_treatment_regimens_Busulfan, Fludarabine, Thymoglobulin (Bu/Flu/ATG)|HiDAC|3+7 (Cytarabine, Daunorubicin)"
"7+3 (Cytarabine, Idarubicin)|HiDAC|Decitabine, Venetoclax",treatment,list_unique_chemotherapy_treatment_regimens,"treatment_list_unique_chemotherapy_treatment_regimens_7+3 (Cytarabine, Idarubicin)|HiDAC|Decitabine, Venetoclax"
"3+7 (Cytarabine, Daunorubicin)|Gemtuzumab|Azacitidine|Decitabine",treatment,list_unique_chemotherapy_treatment_regimens,"treatment_list_unique_chemotherapy_treatment_regimens_3+7 (Cytarabine, Daunorubicin)|Gemtuzumab|Azacitidine|Decitabine"
"Fludarabine, Melphalan|7+3 (Cytarabine, Idarubicin)",treatment,list_unique_chemotherapy_treatment_regimens,"treatment_list_unique_chemotherapy_treatment_regimens_Fludarabine, Melphalan|7+3 (Cytarabine, Idarubicin)"
"Busulfan, Fludarabine|7+3 (Cytarabine, Idarubicin)|Cytarabine",treatment,list_unique_chemotherapy_treatment_regimens,"treatment_list_unique_chemotherapy_treatment_regimens_Busulfan, Fludarabine|7+3 (Cytarabine, Idarubicin)|Cytarabine"
"7+3 (Cytarabine, Idarubicin)|HiDAC|Fludarabine, Cyclophosphamide, Thiotepa, TBI",treatment,list_unique_chemotherapy_treatment_regimens,"treatment_list_unique_chemotherapy_treatment_regimens_7+3 (Cytarabine, Idarubicin)|HiDAC|Fludarabine, Cyclophosphamide, Thiotepa, TBI"
"HiDAC|7+3 (Cytarabine, Idarubicin)|Unknown|FLAG (Fludarabine, High-dose Cytarabine, G-CSF)",treatment,list_unique_chemotherapy_treatment_regimens,"treatment_list_unique_chemotherapy_treatment_regimens_HiDAC|7+3 (Cytarabine, Idarubicin)|Unknown|FLAG (Fludarabine, High-dose Cytarabine, G-CSF)"
Cytarabine|Azacitidine,treatment,list_unique_chemotherapy_treatment_regimens,treatment_list_unique_chemotherapy_treatment_regimens_Cytarabine|Azacitidine
"Vidaza|7+3 (Cytarabine, Idarubicin)|HiDAC|Unknown",treatment,list_unique_chemotherapy_treatment_regimens,"treatment_list_unique_chemotherapy_treatment_regimens_Vidaza|7+3 (Cytarabine, Idarubicin)|HiDAC|Unknown"
"Busulfan, Fludarabine|CLAG (Cladribine, Cytarabine, Filgrastim)|7+3 (Cytarabine, Idarubicin, Dexamethasone)",treatment,list_unique_chemotherapy_treatment_regimens,"treatment_list_unique_chemotherapy_treatment_regimens_Busulfan, Fludarabine|CLAG (Cladribine, Cytarabine, Filgrastim)|7+3 (Cytarabine, Idarubicin, Dexamethasone)"
"7+3 (Cytarabine, Daunorubicin) plus Sorafenib|HIDAC + Sorafenib|7+3 (Cytarabine, Idarubicin) plus Sorafenib",treatment,list_unique_chemotherapy_treatment_regimens,"treatment_list_unique_chemotherapy_treatment_regimens_7+3 (Cytarabine, Daunorubicin) plus Sorafenib|HIDAC + Sorafenib|7+3 (Cytarabine, Idarubicin) plus Sorafenib"
"FLAG (Fludarabine, High-dose Cytarabine, G-CSF)|Cytarabine, Daunorubicin, and Etoposide|Busulfan, Cyclophosphamide|Etoposide, Cytarabine",treatment,list_unique_chemotherapy_treatment_regimens,"treatment_list_unique_chemotherapy_treatment_regimens_FLAG (Fludarabine, High-dose Cytarabine, G-CSF)|Cytarabine, Daunorubicin, and Etoposide|Busulfan, Cyclophosphamide|Etoposide, Cytarabine"
"Ruxolitinib|7+3 (Cytarabine, Idarubicin)|HiDAC|MEC (Cytarabine, Etoposide, Mitoxantrone)|Sorafenib|Busulfan, Cyclophosphamide|Ibrutinib",treatment,list_unique_chemotherapy_treatment_regimens,"treatment_list_unique_chemotherapy_treatment_regimens_Ruxolitinib|7+3 (Cytarabine, Idarubicin)|HiDAC|MEC (Cytarabine, Etoposide, Mitoxantrone)|Sorafenib|Busulfan, Cyclophosphamide|Ibrutinib"
"GCLAM (G-CSF, Cladribine, Cytarabine, and Mitoxantrone) |7+3 (Cytarabine, Idarubicin)|Azacitidine",treatment,list_unique_chemotherapy_treatment_regimens,"treatment_list_unique_chemotherapy_treatment_regimens_GCLAM (G-CSF, Cladribine, Cytarabine, and Mitoxantrone) |7+3 (Cytarabine, Idarubicin)|Azacitidine"
"Fludarabine, Melphalan|Dasatinib|FLAG-IDA (Cytarabine, Filgrastim, Fludarabine, Idarubicin)|Azacitidine, Lenalidomide|Decitabine",treatment,list_unique_chemotherapy_treatment_regimens,"treatment_list_unique_chemotherapy_treatment_regimens_Fludarabine, Melphalan|Dasatinib|FLAG-IDA (Cytarabine, Filgrastim, Fludarabine, Idarubicin)|Azacitidine, Lenalidomide|Decitabine"
"Ruxolitinib|7+3 (Cytarabine, Idarubicin)|Azacitidine|Busulfan, Cyclophosphamide",treatment,list_unique_chemotherapy_treatment_regimens,"treatment_list_unique_chemotherapy_treatment_regimens_Ruxolitinib|7+3 (Cytarabine, Idarubicin)|Azacitidine|Busulfan, Cyclophosphamide"
"7+3 (Cytarabine, Idarubicin)|Azacitidine|FLAG (Fludarabine, High-dose Cytarabine, G-CSF)|Busulfan, Cyclophosphamide",treatment,list_unique_chemotherapy_treatment_regimens,"treatment_list_unique_chemotherapy_treatment_regimens_7+3 (Cytarabine, Idarubicin)|Azacitidine|FLAG (Fludarabine, High-dose Cytarabine, G-CSF)|Busulfan, Cyclophosphamide"
"Busulfan, Fludarabine, Thymoglobulin (Bu/Flu/ATG)|7+3 (Cytarabine, Idarubicin)|HiDAC",treatment,list_unique_chemotherapy_treatment_regimens,"treatment_list_unique_chemotherapy_treatment_regimens_Busulfan, Fludarabine, Thymoglobulin (Bu/Flu/ATG)|7+3 (Cytarabine, Idarubicin)|HiDAC"
"Decitabine|Azacitidine, BI 836858 (anti-CD33)",treatment,list_unique_chemotherapy_treatment_regimens,"treatment_list_unique_chemotherapy_treatment_regimens_Decitabine|Azacitidine, BI 836858 (anti-CD33)"
"FLAG-IDA (Cytarabine, Filgrastim, Fludarabine, Idarubicin)|Azacitidine|FLAG (Fludarabine, High-dose Cytarabine, G-CSF)|Busulfan, Cyclophosphamide",treatment,list_unique_chemotherapy_treatment_regimens,"treatment_list_unique_chemotherapy_treatment_regimens_FLAG-IDA (Cytarabine, Filgrastim, Fludarabine, Idarubicin)|Azacitidine|FLAG (Fludarabine, High-dose Cytarabine, G-CSF)|Busulfan, Cyclophosphamide"
"Busulfan, Fludarabine|HiDAC|3+7 (Cytarabine, Daunorubicin)",treatment,list_unique_chemotherapy_treatment_regimens,"treatment_list_unique_chemotherapy_treatment_regimens_Busulfan, Fludarabine|HiDAC|3+7 (Cytarabine, Daunorubicin)"
"Vidaza|7+3 (Cytarabine, Idarubicin)|Cytarabine, OXi4503|Velcade",treatment,list_unique_chemotherapy_treatment_regimens,"treatment_list_unique_chemotherapy_treatment_regimens_Vidaza|7+3 (Cytarabine, Idarubicin)|Cytarabine, OXi4503|Velcade"
"3+7 (Cytarabine, Daunorubicin)|FLAG-IDA (Cytarabine, Filgrastim, Fludarabine, Idarubicin)|Decitabine, MGB453|MiDAC|Methotrexate",treatment,list_unique_chemotherapy_treatment_regimens,"treatment_list_unique_chemotherapy_treatment_regimens_3+7 (Cytarabine, Daunorubicin)|FLAG-IDA (Cytarabine, Filgrastim, Fludarabine, Idarubicin)|Decitabine, MGB453|MiDAC|Methotrexate"
"Vidaza|3+7 (Cytarabine, Daunorubicin)|Azacitidine|Decitabine|Fludarabine, Cyclophosphamide, TBI",treatment,list_unique_chemotherapy_treatment_regimens,"treatment_list_unique_chemotherapy_treatment_regimens_Vidaza|3+7 (Cytarabine, Daunorubicin)|Azacitidine|Decitabine|Fludarabine, Cyclophosphamide, TBI"
"FLAG (Fludarabine, High-dose Cytarabine, G-CSF)",treatment,list_unique_chemotherapy_treatment_regimens,"treatment_list_unique_chemotherapy_treatment_regimens_FLAG (Fludarabine, High-dose Cytarabine, G-CSF)"
"Azacitidine, Sorafenib|7+3 (Cytarabine, Idarubicin)|HiDAC|Azacitidine, Trametinib",treatment,list_unique_chemotherapy_treatment_regimens,"treatment_list_unique_chemotherapy_treatment_regimens_Azacitidine, Sorafenib|7+3 (Cytarabine, Idarubicin)|HiDAC|Azacitidine, Trametinib"
"ADE (Cytarabine, Daunorubicin & Etoposide)|HiDAC|Cytarabine",treatment,list_unique_chemotherapy_treatment_regimens,"treatment_list_unique_chemotherapy_treatment_regimens_ADE (Cytarabine, Daunorubicin & Etoposide)|HiDAC|Cytarabine"
"5+2 (Cytarabine, Idarubicin)|7+3 (Cytarabine, Idarubicin)|CECA (Cyclophosphamide, Etoposide, Carboplatin, Cytosine)|Cytarabine, OXi4503",treatment,list_unique_chemotherapy_treatment_regimens,"treatment_list_unique_chemotherapy_treatment_regimens_5+2 (Cytarabine, Idarubicin)|7+3 (Cytarabine, Idarubicin)|CECA (Cyclophosphamide, Etoposide, Carboplatin, Cytosine)|Cytarabine, OXi4503"
"7+3 (Cytarabine, Idarubicin)|HiDAC|Decitabine|Busulfan, Cyclophosphamide",treatment,list_unique_chemotherapy_treatment_regimens,"treatment_list_unique_chemotherapy_treatment_regimens_7+3 (Cytarabine, Idarubicin)|HiDAC|Decitabine|Busulfan, Cyclophosphamide"
"HiDAC|3+7 (Cytarabine, Daunorubicin)|Busulfan, Cyclophosphamide",treatment,list_unique_chemotherapy_treatment_regimens,"treatment_list_unique_chemotherapy_treatment_regimens_HiDAC|3+7 (Cytarabine, Daunorubicin)|Busulfan, Cyclophosphamide"
"Fludarabine, Melphalan|7+3 (Cytarabine, Idarubicin) plus Midostaurin",treatment,list_unique_chemotherapy_treatment_regimens,"treatment_list_unique_chemotherapy_treatment_regimens_Fludarabine, Melphalan|7+3 (Cytarabine, Idarubicin) plus Midostaurin"
"GCLAM (G-CSF, Cladribine, Cytarabine, and Mitoxantrone) |ADE (Cytarabine, Daunorubicin & Etoposide)|HiDAC|Venetoclax (ABT-199), Azacitidine|MEC (Cytarabine, Etoposide, Mitoxantrone)|Cytarabine, Methotrexate",treatment,list_unique_chemotherapy_treatment_regimens,"treatment_list_unique_chemotherapy_treatment_regimens_GCLAM (G-CSF, Cladribine, Cytarabine, and Mitoxantrone) |ADE (Cytarabine, Daunorubicin & Etoposide)|HiDAC|Venetoclax (ABT-199), Azacitidine|MEC (Cytarabine, Etoposide, Mitoxantrone)|Cytarabine, Methotrexate"
AG-221|Azacitidine,treatment,list_unique_chemotherapy_treatment_regimens,treatment_list_unique_chemotherapy_treatment_regimens_AG-221|Azacitidine
"3+4 (Cytarabine, Idarubicin)|HiDAC|MiDAC|Busulfan, Cyclophosphamide",treatment,list_unique_chemotherapy_treatment_regimens,"treatment_list_unique_chemotherapy_treatment_regimens_3+4 (Cytarabine, Idarubicin)|HiDAC|MiDAC|Busulfan, Cyclophosphamide"
"7+3 (Cytarabine, Idarubicin) plus Midostaurin|Midostaurin|Busulfan, Cyclophosphamide",treatment,list_unique_chemotherapy_treatment_regimens,"treatment_list_unique_chemotherapy_treatment_regimens_7+3 (Cytarabine, Idarubicin) plus Midostaurin|Midostaurin|Busulfan, Cyclophosphamide"
"Azacitidine, Sorafenib|FLAG-IDA (Cytarabine, Filgrastim, Fludarabine, Idarubicin)|SY-1425 (Tamibarotene) plus Daratumumab|7+3 (Cytarabine, Idarubicin) plus Midostaurin|Busulfan, Cyclophosphamide|Cytarabine, Methotrexate",treatment,list_unique_chemotherapy_treatment_regimens,"treatment_list_unique_chemotherapy_treatment_regimens_Azacitidine, Sorafenib|FLAG-IDA (Cytarabine, Filgrastim, Fludarabine, Idarubicin)|SY-1425 (Tamibarotene) plus Daratumumab|7+3 (Cytarabine, Idarubicin) plus Midostaurin|Busulfan, Cyclophosphamide|Cytarabine, Methotrexate"
"7+3 (Cytarabine, Idarubicin)|Midostaurin|Fludarabine, Cyclophosphamide, Thiotepa, TBI",treatment,list_unique_chemotherapy_treatment_regimens,"treatment_list_unique_chemotherapy_treatment_regimens_7+3 (Cytarabine, Idarubicin)|Midostaurin|Fludarabine, Cyclophosphamide, Thiotepa, TBI"
Entospletinib,treatment,list_unique_chemotherapy_treatment_regimens,treatment_list_unique_chemotherapy_treatment_regimens_Entospletinib
"Fludarabine, Melphalan|7+3 (Cytarabine, Idarubicin)|HiDAC|FLAG-IDA (Cytarabine, Filgrastim, Fludarabine, Idarubicin)|Azacitidine|Radiation|Busulfan, Cyclophosphamide",treatment,list_unique_chemotherapy_treatment_regimens,"treatment_list_unique_chemotherapy_treatment_regimens_Fludarabine, Melphalan|7+3 (Cytarabine, Idarubicin)|HiDAC|FLAG-IDA (Cytarabine, Filgrastim, Fludarabine, Idarubicin)|Azacitidine|Radiation|Busulfan, Cyclophosphamide"
Azacitidine|Mitoxantrone,treatment,list_unique_chemotherapy_treatment_regimens,treatment_list_unique_chemotherapy_treatment_regimens_Azacitidine|Mitoxantrone
"7+3 (Cytarabine, Idarubicin)|HiDAC|FLAG (Fludarabine, High-dose Cytarabine, G-CSF)|FLAG-IDA, Gemtuzumab|Busulfan, Cyclophosphamide",treatment,list_unique_chemotherapy_treatment_regimens,"treatment_list_unique_chemotherapy_treatment_regimens_7+3 (Cytarabine, Idarubicin)|HiDAC|FLAG (Fludarabine, High-dose Cytarabine, G-CSF)|FLAG-IDA, Gemtuzumab|Busulfan, Cyclophosphamide"
"Azacitidine, Itacitinib|Azacitidine, BI 836858 (anti-CD33)",treatment,list_unique_chemotherapy_treatment_regimens,"treatment_list_unique_chemotherapy_treatment_regimens_Azacitidine, Itacitinib|Azacitidine, BI 836858 (anti-CD33)"
"HiDAC|7+3 (Cytarabine, Idarubicin, Dexamethasone)|Fludarabine, Melphalan, ATG",treatment,list_unique_chemotherapy_treatment_regimens,"treatment_list_unique_chemotherapy_treatment_regimens_HiDAC|7+3 (Cytarabine, Idarubicin, Dexamethasone)|Fludarabine, Melphalan, ATG"
"7+3 (Cytarabine, Idarubicin)|HAM (Cytarabine, Mitoxantrone) + Midostaurin|Busulfan, Cyclophosphamide",treatment,list_unique_chemotherapy_treatment_regimens,"treatment_list_unique_chemotherapy_treatment_regimens_7+3 (Cytarabine, Idarubicin)|HAM (Cytarabine, Mitoxantrone) + Midostaurin|Busulfan, Cyclophosphamide"
"Azacitidine, BI 836858 (anti-CD33)",treatment,list_unique_chemotherapy_treatment_regimens,"treatment_list_unique_chemotherapy_treatment_regimens_Azacitidine, BI 836858 (anti-CD33)"
"Fludarabine, Cyclophosphamide, Thiotepa, TBI|7+3 (Cytarabine, Idarubicin) plus Azacitidine",treatment,list_unique_chemotherapy_treatment_regimens,"treatment_list_unique_chemotherapy_treatment_regimens_Fludarabine, Cyclophosphamide, Thiotepa, TBI|7+3 (Cytarabine, Idarubicin) plus Azacitidine"
"7+3 (Cytarabine, Idarubicin)|HiDAC + Midostaurin|Decitabine, Sorafenib |Busulfan, Cyclophosphamide",treatment,list_unique_chemotherapy_treatment_regimens,"treatment_list_unique_chemotherapy_treatment_regimens_7+3 (Cytarabine, Idarubicin)|HiDAC + Midostaurin|Decitabine, Sorafenib |Busulfan, Cyclophosphamide"
"Fludarabine, Melphalan|7+3 (Cytarabine, Idarubicin, Dexamethasone)",treatment,list_unique_chemotherapy_treatment_regimens,"treatment_list_unique_chemotherapy_treatment_regimens_Fludarabine, Melphalan|7+3 (Cytarabine, Idarubicin, Dexamethasone)"
Enasidenib,treatment,list_unique_chemotherapy_treatment_regimens,treatment_list_unique_chemotherapy_treatment_regimens_Enasidenib
"5+2 (Cytarabine, Idarubicin)|Azacitidine|Gemtuzumab|MiDAC|Decitabine",treatment,list_unique_chemotherapy_treatment_regimens,"treatment_list_unique_chemotherapy_treatment_regimens_5+2 (Cytarabine, Idarubicin)|Azacitidine|Gemtuzumab|MiDAC|Decitabine"
"Bellicum Trial (Flu/Cy/TBI + ATG + Rituximab then BPX-501)|7+3 (Cytarabine, Idarubicin)|HiDAC",treatment,list_unique_chemotherapy_treatment_regimens,"treatment_list_unique_chemotherapy_treatment_regimens_Bellicum Trial (Flu/Cy/TBI + ATG + Rituximab then BPX-501)|7+3 (Cytarabine, Idarubicin)|HiDAC"
AG-221|Imatinib|Midostaurin|Interferon,treatment,list_unique_chemotherapy_treatment_regimens,treatment_list_unique_chemotherapy_treatment_regimens_AG-221|Imatinib|Midostaurin|Interferon
"Fludarabine, Melphalan|FLAG-IDA (Cytarabine, Filgrastim, Fludarabine, Idarubicin)|Azacitidine|MiDAC|7+3 (Cytarabine, Idarubicin) plus CX-01|IDAC",treatment,list_unique_chemotherapy_treatment_regimens,"treatment_list_unique_chemotherapy_treatment_regimens_Fludarabine, Melphalan|FLAG-IDA (Cytarabine, Filgrastim, Fludarabine, Idarubicin)|Azacitidine|MiDAC|7+3 (Cytarabine, Idarubicin) plus CX-01|IDAC"
"Fludarabine, Melphalan|Azacitidine|MiDAC",treatment,list_unique_chemotherapy_treatment_regimens,"treatment_list_unique_chemotherapy_treatment_regimens_Fludarabine, Melphalan|Azacitidine|MiDAC"
"Entospletinib, Azacitidine|Entospletinib",treatment,list_unique_chemotherapy_treatment_regimens,"treatment_list_unique_chemotherapy_treatment_regimens_Entospletinib, Azacitidine|Entospletinib"
"7+3 (Cytarabine, Daunorubicin) plus Gemtuzumab Ozogamicin plus Midostaurin",treatment,list_unique_chemotherapy_treatment_regimens,"treatment_list_unique_chemotherapy_treatment_regimens_7+3 (Cytarabine, Daunorubicin) plus Gemtuzumab Ozogamicin plus Midostaurin"
BP1001 plus LDAC,treatment,list_unique_chemotherapy_treatment_regimens,treatment_list_unique_chemotherapy_treatment_regimens_BP1001 plus LDAC
"Fludarabine, Melphalan|HiDAC|7+3 (Cytarabine, Idarubicin) plus Midostaurin",treatment,list_unique_chemotherapy_treatment_regimens,"treatment_list_unique_chemotherapy_treatment_regimens_Fludarabine, Melphalan|HiDAC|7+3 (Cytarabine, Idarubicin) plus Midostaurin"
"Vyxeos (Daunorubicin, Cytarabine - liposomal)",treatment,list_unique_chemotherapy_treatment_regimens,"treatment_list_unique_chemotherapy_treatment_regimens_Vyxeos (Daunorubicin, Cytarabine - liposomal)"
"7+3 (Cytarabine, Idarubicin)|Decitabine, MGB453|MEC (Cytarabine, Etoposide, Mitoxantrone)",treatment,list_unique_chemotherapy_treatment_regimens,"treatment_list_unique_chemotherapy_treatment_regimens_7+3 (Cytarabine, Idarubicin)|Decitabine, MGB453|MEC (Cytarabine, Etoposide, Mitoxantrone)"
"HiDAC + Midostaurin|Fludarabine, TBI|Azacitidine|7+3 (Cytarabine, Idarubicin) plus Midostaurin|Decitabine, Venetoclax",treatment,list_unique_chemotherapy_treatment_regimens,"treatment_list_unique_chemotherapy_treatment_regimens_HiDAC + Midostaurin|Fludarabine, TBI|Azacitidine|7+3 (Cytarabine, Idarubicin) plus Midostaurin|Decitabine, Venetoclax"
"7+3 (Cytarabine, Idarubicin)|Azacitidine|Decitabine",treatment,list_unique_chemotherapy_treatment_regimens,"treatment_list_unique_chemotherapy_treatment_regimens_7+3 (Cytarabine, Idarubicin)|Azacitidine|Decitabine"
"7+3 (Cytarabine, Idarubicin)|Methotrexate",treatment,list_unique_chemotherapy_treatment_regimens,"treatment_list_unique_chemotherapy_treatment_regimens_7+3 (Cytarabine, Idarubicin)|Methotrexate"
CPX-351 (Liposomal Cytarabine + Daunorubicin)|Lenalidomide|Azacitidine,treatment,list_unique_chemotherapy_treatment_regimens,treatment_list_unique_chemotherapy_treatment_regimens_CPX-351 (Liposomal Cytarabine + Daunorubicin)|Lenalidomide|Azacitidine
"Cytarabine|MEC (Cytarabine, Etoposide, Mitoxantrone)|Sorafenib|7+3 (Cytarabine, Daunorubicin) plus Midostaurin|Busulfan, Cyclophosphamide",treatment,list_unique_chemotherapy_treatment_regimens,"treatment_list_unique_chemotherapy_treatment_regimens_Cytarabine|MEC (Cytarabine, Etoposide, Mitoxantrone)|Sorafenib|7+3 (Cytarabine, Daunorubicin) plus Midostaurin|Busulfan, Cyclophosphamide"
"ATRA, Arsenic Trioxide, Idarubicin|ATRA, Arsenic Trioxide",treatment,list_unique_chemotherapy_treatment_regimens,"treatment_list_unique_chemotherapy_treatment_regimens_ATRA, Arsenic Trioxide, Idarubicin|ATRA, Arsenic Trioxide"
"Venetoclax (ABT-199), Azacitidine|Azacitidine",treatment,list_unique_chemotherapy_treatment_regimens,"treatment_list_unique_chemotherapy_treatment_regimens_Venetoclax (ABT-199), Azacitidine|Azacitidine"
"Fludarabine, Melphalan|5+2 (Cytarabine, Idarubicin)|7+3 (Cytarabine, Idarubicin)|Azacitidine|Decitabine",treatment,list_unique_chemotherapy_treatment_regimens,"treatment_list_unique_chemotherapy_treatment_regimens_Fludarabine, Melphalan|5+2 (Cytarabine, Idarubicin)|7+3 (Cytarabine, Idarubicin)|Azacitidine|Decitabine"
"Decitabine, anti-PD1, anti-TIM3|7+3 (Cytarabine, Idarubicin)|JNJ-40346527 (CSF1R inhibitor)|Mitoxantrone|FLAG, Midostaurin",treatment,list_unique_chemotherapy_treatment_regimens,"treatment_list_unique_chemotherapy_treatment_regimens_Decitabine, anti-PD1, anti-TIM3|7+3 (Cytarabine, Idarubicin)|JNJ-40346527 (CSF1R inhibitor)|Mitoxantrone|FLAG, Midostaurin"
"Azacitidine|7+3 (Cytarabine, Idarubicin) plus Midostaurin|Cytarabine, Midostaurin",treatment,list_unique_chemotherapy_treatment_regimens,"treatment_list_unique_chemotherapy_treatment_regimens_Azacitidine|7+3 (Cytarabine, Idarubicin) plus Midostaurin|Cytarabine, Midostaurin"
"7+3 (Cytarabine, Idarubicin) plus Gemtuzumab Ozogamicin",treatment,list_unique_chemotherapy_treatment_regimens,"treatment_list_unique_chemotherapy_treatment_regimens_7+3 (Cytarabine, Idarubicin) plus Gemtuzumab Ozogamicin"
"Decitabine, MGB453|7+3 (Cytarabine, Idarubicin) plus Sorafenib",treatment,list_unique_chemotherapy_treatment_regimens,"treatment_list_unique_chemotherapy_treatment_regimens_Decitabine, MGB453|7+3 (Cytarabine, Idarubicin) plus Sorafenib"
"MIDAC, Midostaurin|7+3 (Cytarabine, Idarubicin) plus Midostaurin|Methotrexate|Bu/Flu/TBI (Busulfan, Fludarabine, Total Body Irradiation)",treatment,list_unique_chemotherapy_treatment_regimens,"treatment_list_unique_chemotherapy_treatment_regimens_MIDAC, Midostaurin|7+3 (Cytarabine, Idarubicin) plus Midostaurin|Methotrexate|Bu/Flu/TBI (Busulfan, Fludarabine, Total Body Irradiation)"
"7+3 (Cytarabine, Idarubicin)|Decitabine|Busulfan, Cyclophosphamide",treatment,list_unique_chemotherapy_treatment_regimens,"treatment_list_unique_chemotherapy_treatment_regimens_7+3 (Cytarabine, Idarubicin)|Decitabine|Busulfan, Cyclophosphamide"
"7+3 (Cytarabine, Idarubicin)|HiDAC|FLAG-IDA, Gemtuzumab|Methotrexate",treatment,list_unique_chemotherapy_treatment_regimens,"treatment_list_unique_chemotherapy_treatment_regimens_7+3 (Cytarabine, Idarubicin)|HiDAC|FLAG-IDA, Gemtuzumab|Methotrexate"
"Fludarabine, Melphalan|Gilteritinib or Placebo|MIDAC, Midostaurin|7+3 (Cytarabine, Idarubicin) plus Midostaurin|Methotrexate",treatment,list_unique_chemotherapy_treatment_regimens,"treatment_list_unique_chemotherapy_treatment_regimens_Fludarabine, Melphalan|Gilteritinib or Placebo|MIDAC, Midostaurin|7+3 (Cytarabine, Idarubicin) plus Midostaurin|Methotrexate"
"HiDAC|Vyxeos (Daunorubicin, Cytarabine - liposomal)|MEC (Cytarabine, Etoposide, Mitoxantrone) plus Midostaurin",treatment,list_unique_chemotherapy_treatment_regimens,"treatment_list_unique_chemotherapy_treatment_regimens_HiDAC|Vyxeos (Daunorubicin, Cytarabine - liposomal)|MEC (Cytarabine, Etoposide, Mitoxantrone) plus Midostaurin"
"Fludarabine, Melphalan|7+3 (Cytarabine, Idarubicin)|MiDAC|HiDAC, Mitoxantrone, CPI-613|Methotrexate",treatment,list_unique_chemotherapy_treatment_regimens,"treatment_list_unique_chemotherapy_treatment_regimens_Fludarabine, Melphalan|7+3 (Cytarabine, Idarubicin)|MiDAC|HiDAC, Mitoxantrone, CPI-613|Methotrexate"
"Fludarabine, Melphalan|7+3 (Cytarabine, Idarubicin) plus Gemtuzumab Ozogamicin|HiDAC|FLAG (Fludarabine, High-dose Cytarabine, G-CSF)|FLAG-Ida-Mylotarg",treatment,list_unique_chemotherapy_treatment_regimens,"treatment_list_unique_chemotherapy_treatment_regimens_Fludarabine, Melphalan|7+3 (Cytarabine, Idarubicin) plus Gemtuzumab Ozogamicin|HiDAC|FLAG (Fludarabine, High-dose Cytarabine, G-CSF)|FLAG-Ida-Mylotarg"
"Fludarabine, Melphalan|5+2 (Cytarabine, Idarubicin)|7+3 (Cytarabine, Idarubicin)|Azacitidine",treatment,list_unique_chemotherapy_treatment_regimens,"treatment_list_unique_chemotherapy_treatment_regimens_Fludarabine, Melphalan|5+2 (Cytarabine, Idarubicin)|7+3 (Cytarabine, Idarubicin)|Azacitidine"
"7+3 (Cytarabine, Idarubicin)|SY-1425 (Tamibarotene) plus Daratumumab|Pexidartinib|Azacitidine, BI 836858 (anti-CD33)|Ruxolitinib, Venetoclax",treatment,list_unique_chemotherapy_treatment_regimens,"treatment_list_unique_chemotherapy_treatment_regimens_7+3 (Cytarabine, Idarubicin)|SY-1425 (Tamibarotene) plus Daratumumab|Pexidartinib|Azacitidine, BI 836858 (anti-CD33)|Ruxolitinib, Venetoclax"
"7+3 (Cytarabine, Idarubicin)|HiDAC|FLAG-IDA (Cytarabine, Filgrastim, Fludarabine, Idarubicin)|FLAG (Fludarabine, High-dose Cytarabine, G-CSF)|Fludarabine, Cyclophosphamide, TBI",treatment,list_unique_chemotherapy_treatment_regimens,"treatment_list_unique_chemotherapy_treatment_regimens_7+3 (Cytarabine, Idarubicin)|HiDAC|FLAG-IDA (Cytarabine, Filgrastim, Fludarabine, Idarubicin)|FLAG (Fludarabine, High-dose Cytarabine, G-CSF)|Fludarabine, Cyclophosphamide, TBI"
"Azacitidine, Ivosidenib|Ivosidenib",treatment,list_unique_chemotherapy_treatment_regimens,"treatment_list_unique_chemotherapy_treatment_regimens_Azacitidine, Ivosidenib|Ivosidenib"
"HAM (Cytarabine, Mitoxantrone)|Azacitidine|Vyxeos (Daunorubicin, Cytarabine - liposomal)|MBG453 (TIM-3 inhibitor)|Decitabine, Ruxolitinib",treatment,list_unique_chemotherapy_treatment_regimens,"treatment_list_unique_chemotherapy_treatment_regimens_HAM (Cytarabine, Mitoxantrone)|Azacitidine|Vyxeos (Daunorubicin, Cytarabine - liposomal)|MBG453 (TIM-3 inhibitor)|Decitabine, Ruxolitinib"
"Venetoclax (ABT-199), Azacitidine|Bu/Flu/TBI (Busulfan, Fludarabine, Total Body Irradiation)",treatment,list_unique_chemotherapy_treatment_regimens,"treatment_list_unique_chemotherapy_treatment_regimens_Venetoclax (ABT-199), Azacitidine|Bu/Flu/TBI (Busulfan, Fludarabine, Total Body Irradiation)"
"Gilteritinib (ASP2215)|Venetoclax (ABT-199), Azacitidine|Gilteritinib, Decitabine|PIM kinase inhibitor",treatment,list_unique_chemotherapy_treatment_regimens,"treatment_list_unique_chemotherapy_treatment_regimens_Gilteritinib (ASP2215)|Venetoclax (ABT-199), Azacitidine|Gilteritinib, Decitabine|PIM kinase inhibitor"
"Ruxolitinib, Vyxeos (Daunorubicin, Cytarabine - liposomal)",treatment,list_unique_chemotherapy_treatment_regimens,"treatment_list_unique_chemotherapy_treatment_regimens_Ruxolitinib, Vyxeos (Daunorubicin, Cytarabine - liposomal)"
"SY-1425 (Tamibarotene) plus Azacitidine|Ruxolitinib, Venetoclax",treatment,list_unique_chemotherapy_treatment_regimens,"treatment_list_unique_chemotherapy_treatment_regimens_SY-1425 (Tamibarotene) plus Azacitidine|Ruxolitinib, Venetoclax"
"7+3 (Cytarabine, Idarubicin)|Gilteritinib (ASP2215)|Venetoclax (ABT-199), Azacitidine|CSF1R inhibitor|IMGN779 (Immunogen Trial)|Decitabine",treatment,list_unique_chemotherapy_treatment_regimens,"treatment_list_unique_chemotherapy_treatment_regimens_7+3 (Cytarabine, Idarubicin)|Gilteritinib (ASP2215)|Venetoclax (ABT-199), Azacitidine|CSF1R inhibitor|IMGN779 (Immunogen Trial)|Decitabine"
"HIDAC + Gemtuzumab Ozogamicin|7+3 (Cytarabine, Daunorubicin) plus Gemtuzumab Ozogamicin plus Midostaurin|Busulfan, Cyclophosphamide",treatment,list_unique_chemotherapy_treatment_regimens,"treatment_list_unique_chemotherapy_treatment_regimens_HIDAC + Gemtuzumab Ozogamicin|7+3 (Cytarabine, Daunorubicin) plus Gemtuzumab Ozogamicin plus Midostaurin|Busulfan, Cyclophosphamide"
"Gilteritinib (ASP2215)|Azacitidine|RVD (Bortezomib, Dexamethasone, Lenalidomide)|7+3 (Cytarabine, Daunorubicin) plus Gemtuzumab Ozogamicin plus Midostaurin",treatment,list_unique_chemotherapy_treatment_regimens,"treatment_list_unique_chemotherapy_treatment_regimens_Gilteritinib (ASP2215)|Azacitidine|RVD (Bortezomib, Dexamethasone, Lenalidomide)|7+3 (Cytarabine, Daunorubicin) plus Gemtuzumab Ozogamicin plus Midostaurin"
"Gilteritinib or Placebo|HiDAC + Midostaurin|7+3 (Cytarabine, Daunorubicin) plus Gemtuzumab Ozogamicin plus Midostaurin|Busulfan, Cyclophosphamide",treatment,list_unique_chemotherapy_treatment_regimens,"treatment_list_unique_chemotherapy_treatment_regimens_Gilteritinib or Placebo|HiDAC + Midostaurin|7+3 (Cytarabine, Daunorubicin) plus Gemtuzumab Ozogamicin plus Midostaurin|Busulfan, Cyclophosphamide"
"Venetoclax (ABT-199), Azacitidine|Enasidenib|Ruxolitinib, Venetoclax",treatment,list_unique_chemotherapy_treatment_regimens,"treatment_list_unique_chemotherapy_treatment_regimens_Venetoclax (ABT-199), Azacitidine|Enasidenib|Ruxolitinib, Venetoclax"
"7+3 (Cytarabine, Idarubicin) plus Midostaurin",treatment,list_unique_chemotherapy_treatment_regimens,"treatment_list_unique_chemotherapy_treatment_regimens_7+3 (Cytarabine, Idarubicin) plus Midostaurin"
"Ruxolitinib|7+3 (Cytarabine, Idarubicin) plus Gemtuzumab Ozogamicin|FLAG-IDA (Cytarabine, Filgrastim, Fludarabine, Idarubicin)|Venetoclax (ABT-199), Azacitidine|MEC (Cytarabine, Etoposide, Mitoxantrone)|HIDAC + Gemtuzumab Ozogamicin|Busulfan, Cyclophosphamide",treatment,list_unique_chemotherapy_treatment_regimens,"treatment_list_unique_chemotherapy_treatment_regimens_Ruxolitinib|7+3 (Cytarabine, Idarubicin) plus Gemtuzumab Ozogamicin|FLAG-IDA (Cytarabine, Filgrastim, Fludarabine, Idarubicin)|Venetoclax (ABT-199), Azacitidine|MEC (Cytarabine, Etoposide, Mitoxantrone)|HIDAC + Gemtuzumab Ozogamicin|Busulfan, Cyclophosphamide"
"Cytarabine|Cytarabine, Mitoxantrone, Gemtuzumab ozogamicin|Cytarabine, Daunorubicin, and Etoposide|Clofarabine, Cytarabine|Busulfan, Cyclophosphamide",treatment,list_unique_chemotherapy_treatment_regimens,"treatment_list_unique_chemotherapy_treatment_regimens_Cytarabine|Cytarabine, Mitoxantrone, Gemtuzumab ozogamicin|Cytarabine, Daunorubicin, and Etoposide|Clofarabine, Cytarabine|Busulfan, Cyclophosphamide"
"Fludarabine, Melphalan|MiDAC|7+3 (Cytarabine, Daunorubicin) plus Gemtuzumab Ozogamicin plus Midostaurin",treatment,list_unique_chemotherapy_treatment_regimens,"treatment_list_unique_chemotherapy_treatment_regimens_Fludarabine, Melphalan|MiDAC|7+3 (Cytarabine, Daunorubicin) plus Gemtuzumab Ozogamicin plus Midostaurin"
"HiDAC|7+3 (Cytarabine, Daunorubicin) plus Crenolanib|Busulfan, Cyclophosphamide",treatment,list_unique_chemotherapy_treatment_regimens,"treatment_list_unique_chemotherapy_treatment_regimens_HiDAC|7+3 (Cytarabine, Daunorubicin) plus Crenolanib|Busulfan, Cyclophosphamide"
"Fludarabine, Melphalan|HiDAC|3+7 (Cytarabine, Daunorubicin)|FLAG-IDA (Cytarabine, Filgrastim, Fludarabine, Idarubicin)|Azacitidine|MEC (Cytarabine, Etoposide, Mitoxantrone)|Decitabine|Busulfan, Cyclophosphamide",treatment,list_unique_chemotherapy_treatment_regimens,"treatment_list_unique_chemotherapy_treatment_regimens_Fludarabine, Melphalan|HiDAC|3+7 (Cytarabine, Daunorubicin)|FLAG-IDA (Cytarabine, Filgrastim, Fludarabine, Idarubicin)|Azacitidine|MEC (Cytarabine, Etoposide, Mitoxantrone)|Decitabine|Busulfan, Cyclophosphamide"
"Busulfan, Fludarabine|Venetoclax (ABT-199), Azacitidine|7+3 (Cytarabine, Daunorubicin) plus Glasdegib/placebo|MiDAC plus Glasdegib/placebo",treatment,list_unique_chemotherapy_treatment_regimens,"treatment_list_unique_chemotherapy_treatment_regimens_Busulfan, Fludarabine|Venetoclax (ABT-199), Azacitidine|7+3 (Cytarabine, Daunorubicin) plus Glasdegib/placebo|MiDAC plus Glasdegib/placebo"
"Ruxolitinib|Azacitidine|7+3 (Cytarabine, Daunorubicin) plus Glasdegib/placebo|MiDAC plus Glasdegib/placebo|Busulfan, Cyclophosphamide",treatment,list_unique_chemotherapy_treatment_regimens,"treatment_list_unique_chemotherapy_treatment_regimens_Ruxolitinib|Azacitidine|7+3 (Cytarabine, Daunorubicin) plus Glasdegib/placebo|MiDAC plus Glasdegib/placebo|Busulfan, Cyclophosphamide"
"COG-AAML1031 (IT/IV Cytarabine, Daunorubicin, Etoposide, Mitoxantrone +/- Bortezomib or Sorafenib)|FLAG (Fludarabine, High-dose Cytarabine, G-CSF)|Decitabine|COG-AAML0431 (IT/IV Cytarabine, Daunorubicin, Etoposide, L-Asparaginase, Thioguanine)",treatment,list_unique_chemotherapy_treatment_regimens,"treatment_list_unique_chemotherapy_treatment_regimens_COG-AAML1031 (IT/IV Cytarabine, Daunorubicin, Etoposide, Mitoxantrone +/- Bortezomib or Sorafenib)|FLAG (Fludarabine, High-dose Cytarabine, G-CSF)|Decitabine|COG-AAML0431 (IT/IV Cytarabine, Daunorubicin, Etoposide, L-Asparaginase, Thioguanine)"
"Fludarabine, Melphalan|7+3 (Cytarabine, Idarubicin)|Enasidenib, Azacitidine|Enasidenib",treatment,list_unique_chemotherapy_treatment_regimens,"treatment_list_unique_chemotherapy_treatment_regimens_Fludarabine, Melphalan|7+3 (Cytarabine, Idarubicin)|Enasidenib, Azacitidine|Enasidenib"
"Fludarabine, Melphalan|HiDAC|Venetoclax (ABT-199), Azacitidine|FLAG (Fludarabine, High-dose Cytarabine, G-CSF)",treatment,list_unique_chemotherapy_treatment_regimens,"treatment_list_unique_chemotherapy_treatment_regimens_Fludarabine, Melphalan|HiDAC|Venetoclax (ABT-199), Azacitidine|FLAG (Fludarabine, High-dose Cytarabine, G-CSF)"
Consolidation|Induction|Experimental|Re-induction|Allogeneic - Matched Unrelated Donor,treatment,list_unique_treatment_stages,treatment_list_unique_treatment_stages_Consolidation|Induction|Experimental|Re-induction|Allogeneic - Matched Unrelated Donor
Consolidation|Salvage|Induction|Re-induction,treatment,list_unique_treatment_stages,treatment_list_unique_treatment_stages_Consolidation|Salvage|Induction|Re-induction
Consolidation|Induction|Supportive/Palliative Care,treatment,list_unique_treatment_stages,treatment_list_unique_treatment_stages_Consolidation|Induction|Supportive/Palliative Care
Allogeneic - Sibling|Consolidation|Unknown|Induction|Experimental|Intensification|Re-induction|Allogeneic - Matched Unrelated Donor,treatment,list_unique_treatment_stages,treatment_list_unique_treatment_stages_Allogeneic - Sibling|Consolidation|Unknown|Induction|Experimental|Intensification|Re-induction|Allogeneic - Matched Unrelated Donor
Induction|Experimental|Supportive/Palliative Care,treatment,list_unique_treatment_stages,treatment_list_unique_treatment_stages_Induction|Experimental|Supportive/Palliative Care
Consolidation|Induction|Experimental,treatment,list_unique_treatment_stages,treatment_list_unique_treatment_stages_Consolidation|Induction|Experimental
Consolidation|Induction|Experimental|Re-induction,treatment,list_unique_treatment_stages,treatment_list_unique_treatment_stages_Consolidation|Induction|Experimental|Re-induction
Salvage|Consolidation|Induction|Experimental|Supportive/Palliative Care,treatment,list_unique_treatment_stages,treatment_list_unique_treatment_stages_Salvage|Consolidation|Induction|Experimental|Supportive/Palliative Care
Allogeneic - Sibling|Induction|Experimental,treatment,list_unique_treatment_stages,treatment_list_unique_treatment_stages_Allogeneic - Sibling|Induction|Experimental
Consolidation|Induction|Experimental|CNS|Allogeneic - Matched Unrelated Donor,treatment,list_unique_treatment_stages,treatment_list_unique_treatment_stages_Consolidation|Induction|Experimental|CNS|Allogeneic - Matched Unrelated Donor
Consolidation|Salvage|Unknown|Induction|Re-induction|Supportive/Palliative Care|Allogeneic - Matched Unrelated Donor,treatment,list_unique_treatment_stages,treatment_list_unique_treatment_stages_Consolidation|Salvage|Unknown|Induction|Re-induction|Supportive/Palliative Care|Allogeneic - Matched Unrelated Donor
Salvage|Induction|Re-induction|Supportive/Palliative Care,treatment,list_unique_treatment_stages,treatment_list_unique_treatment_stages_Salvage|Induction|Re-induction|Supportive/Palliative Care
Allogeneic - Sibling|Consolidation|Induction|Re-induction,treatment,list_unique_treatment_stages,treatment_list_unique_treatment_stages_Allogeneic - Sibling|Consolidation|Induction|Re-induction
Salvage|Experimental|Maintenance|Re-induction,treatment,list_unique_treatment_stages,treatment_list_unique_treatment_stages_Salvage|Experimental|Maintenance|Re-induction
Consolidation|Induction|Allogeneic - Matched Unrelated Donor,treatment,list_unique_treatment_stages,treatment_list_unique_treatment_stages_Consolidation|Induction|Allogeneic - Matched Unrelated Donor
Consolidation|Induction|Experimental|Re-induction|Supportive/Palliative Care,treatment,list_unique_treatment_stages,treatment_list_unique_treatment_stages_Consolidation|Induction|Experimental|Re-induction|Supportive/Palliative Care
Consolidation|Salvage|Induction|Re-induction|Maintenance,treatment,list_unique_treatment_stages,treatment_list_unique_treatment_stages_Consolidation|Salvage|Induction|Re-induction|Maintenance
Experimental,treatment,list_unique_treatment_stages,treatment_list_unique_treatment_stages_Experimental
Consolidation|Induction|Re-induction|Allogeneic - Matched Unrelated Donor,treatment,list_unique_treatment_stages,treatment_list_unique_treatment_stages_Consolidation|Induction|Re-induction|Allogeneic - Matched Unrelated Donor
Consolidation|Salvage|Induction|Re-induction|Post-Transplant Relapse|Allogeneic - Matched Unrelated Donor,treatment,list_unique_treatment_stages,treatment_list_unique_treatment_stages_Consolidation|Salvage|Induction|Re-induction|Post-Transplant Relapse|Allogeneic - Matched Unrelated Donor
Allogeneic - Sibling|Consolidation|Induction,treatment,list_unique_treatment_stages,treatment_list_unique_treatment_stages_Allogeneic - Sibling|Consolidation|Induction
Supportive/Palliative Care,treatment,list_unique_treatment_stages,treatment_list_unique_treatment_stages_Supportive/Palliative Care
Consolidation|Induction,treatment,list_unique_treatment_stages,treatment_list_unique_treatment_stages_Consolidation|Induction
Unknown|Induction|Re-induction,treatment,list_unique_treatment_stages,treatment_list_unique_treatment_stages_Unknown|Induction|Re-induction
Induction,treatment,list_unique_treatment_stages,treatment_list_unique_treatment_stages_Induction
Hypomethylating/Low Dose Cytarabine|Salvage|Induction,treatment,list_unique_treatment_stages,treatment_list_unique_treatment_stages_Hypomethylating/Low Dose Cytarabine|Salvage|Induction
Induction|Maintenance|Symptom Control,treatment,list_unique_treatment_stages,treatment_list_unique_treatment_stages_Induction|Maintenance|Symptom Control
Consolidation|Salvage|Unknown|Induction|Re-induction|Maintenance|Allogeneic - Matched Unrelated Donor,treatment,list_unique_treatment_stages,treatment_list_unique_treatment_stages_Consolidation|Salvage|Unknown|Induction|Re-induction|Maintenance|Allogeneic - Matched Unrelated Donor
Induction|Maintenance,treatment,list_unique_treatment_stages,treatment_list_unique_treatment_stages_Induction|Maintenance
Maintenance,treatment,list_unique_treatment_stages,treatment_list_unique_treatment_stages_Maintenance
Induction|Experimental|Re-induction|Maintenance,treatment,list_unique_treatment_stages,treatment_list_unique_treatment_stages_Induction|Experimental|Re-induction|Maintenance
Hypomethylating/Low Dose Cytarabine|Salvage|Induction|Supportive/Palliative Care,treatment,list_unique_treatment_stages,treatment_list_unique_treatment_stages_Hypomethylating/Low Dose Cytarabine|Salvage|Induction|Supportive/Palliative Care
Hypomethylating/Low Dose Cytarabine|Induction,treatment,list_unique_treatment_stages,treatment_list_unique_treatment_stages_Hypomethylating/Low Dose Cytarabine|Induction
Induction|Re-induction,treatment,list_unique_treatment_stages,treatment_list_unique_treatment_stages_Induction|Re-induction
Salvage|Induction|Re-induction|Supportive/Palliative Care|Allogeneic - Matched Unrelated Donor,treatment,list_unique_treatment_stages,treatment_list_unique_treatment_stages_Salvage|Induction|Re-induction|Supportive/Palliative Care|Allogeneic - Matched Unrelated Donor
Hypomethylating/Low Dose Cytarabine|Salvage|Consolidation|Unknown|Induction|Re-induction,treatment,list_unique_treatment_stages,treatment_list_unique_treatment_stages_Hypomethylating/Low Dose Cytarabine|Salvage|Consolidation|Unknown|Induction|Re-induction
Consolidation|Induction|Re-induction,treatment,list_unique_treatment_stages,treatment_list_unique_treatment_stages_Consolidation|Induction|Re-induction
Consolidation|Salvage|Induction|Re-induction|Allogeneic - Matched Unrelated Donor,treatment,list_unique_treatment_stages,treatment_list_unique_treatment_stages_Consolidation|Salvage|Induction|Re-induction|Allogeneic - Matched Unrelated Donor
Allogeneic - Sibling|Hypomethylating/Low Dose Cytarabine|Consolidation|Salvage|Induction|Experimental|Re-induction,treatment,list_unique_treatment_stages,treatment_list_unique_treatment_stages_Allogeneic - Sibling|Hypomethylating/Low Dose Cytarabine|Consolidation|Salvage|Induction|Experimental|Re-induction
Induction|Re-induction|Allogeneic - Matched Unrelated Donor,treatment,list_unique_treatment_stages,treatment_list_unique_treatment_stages_Induction|Re-induction|Allogeneic - Matched Unrelated Donor
Induction|Intensification,treatment,list_unique_treatment_stages,treatment_list_unique_treatment_stages_Induction|Intensification
Hypomethylating/Low Dose Cytarabine|Maintenance,treatment,list_unique_treatment_stages,treatment_list_unique_treatment_stages_Hypomethylating/Low Dose Cytarabine|Maintenance
Salvage|Induction|Experimental|Re-induction,treatment,list_unique_treatment_stages,treatment_list_unique_treatment_stages_Salvage|Induction|Experimental|Re-induction
Salvage|Induction|Re-induction,treatment,list_unique_treatment_stages,treatment_list_unique_treatment_stages_Salvage|Induction|Re-induction
Maintenance|Supportive/Palliative Care,treatment,list_unique_treatment_stages,treatment_list_unique_treatment_stages_Maintenance|Supportive/Palliative Care
Allogeneic - Sibling|Consolidation|Salvage|Induction|Re-induction,treatment,list_unique_treatment_stages,treatment_list_unique_treatment_stages_Allogeneic - Sibling|Consolidation|Salvage|Induction|Re-induction
Allogeneic - Sibling|Consolidation|Salvage|Unknown|Induction|Re-induction,treatment,list_unique_treatment_stages,treatment_list_unique_treatment_stages_Allogeneic - Sibling|Consolidation|Salvage|Unknown|Induction|Re-induction
Consolidation|Salvage|Induction|Supportive/Palliative Care,treatment,list_unique_treatment_stages,treatment_list_unique_treatment_stages_Consolidation|Salvage|Induction|Supportive/Palliative Care
Hypomethylating/Low Dose Cytarabine|Consolidation|Induction|Experimental|Re-induction|Double Umbilical Cord Blood Transplant (DUCBT),treatment,list_unique_treatment_stages,treatment_list_unique_treatment_stages_Hypomethylating/Low Dose Cytarabine|Consolidation|Induction|Experimental|Re-induction|Double Umbilical Cord Blood Transplant (DUCBT)
Hypomethylating/Low Dose Cytarabine|Consolidation|Induction|Allogeneic - Mismatched Unrelated Donor,treatment,list_unique_treatment_stages,treatment_list_unique_treatment_stages_Hypomethylating/Low Dose Cytarabine|Consolidation|Induction|Allogeneic - Mismatched Unrelated Donor
Hypomethylating/Low Dose Cytarabine|Supportive/Palliative Care|Allogeneic - Matched Unrelated Donor,treatment,list_unique_treatment_stages,treatment_list_unique_treatment_stages_Hypomethylating/Low Dose Cytarabine|Supportive/Palliative Care|Allogeneic - Matched Unrelated Donor
Consolidation|Salvage|Induction|Experimental|Allogeneic - Matched Unrelated Donor,treatment,list_unique_treatment_stages,treatment_list_unique_treatment_stages_Consolidation|Salvage|Induction|Experimental|Allogeneic - Matched Unrelated Donor
Consolidation|Induction|Re-induction|Maintenance,treatment,list_unique_treatment_stages,treatment_list_unique_treatment_stages_Consolidation|Induction|Re-induction|Maintenance
Induction|Experimental,treatment,list_unique_treatment_stages,treatment_list_unique_treatment_stages_Induction|Experimental
Hypomethylating/Low Dose Cytarabine,treatment,list_unique_treatment_stages,treatment_list_unique_treatment_stages_Hypomethylating/Low Dose Cytarabine
Consolidation|Salvage|Induction,treatment,list_unique_treatment_stages,treatment_list_unique_treatment_stages_Consolidation|Salvage|Induction
Hypomethylating/Low Dose Cytarabine|Salvage|Unknown|Induction|Experimental|Re-induction,treatment,list_unique_treatment_stages,treatment_list_unique_treatment_stages_Hypomethylating/Low Dose Cytarabine|Salvage|Unknown|Induction|Experimental|Re-induction
Allogeneic - Sibling|Hypomethylating/Low Dose Cytarabine|Induction,treatment,list_unique_treatment_stages,treatment_list_unique_treatment_stages_Allogeneic - Sibling|Hypomethylating/Low Dose Cytarabine|Induction
Induction|Experimental|Re-induction|Supportive/Palliative Care,treatment,list_unique_treatment_stages,treatment_list_unique_treatment_stages_Induction|Experimental|Re-induction|Supportive/Palliative Care
Hypomethylating/Low Dose Cytarabine|Induction|Experimental|Maintenance,treatment,list_unique_treatment_stages,treatment_list_unique_treatment_stages_Hypomethylating/Low Dose Cytarabine|Induction|Experimental|Maintenance
Allogeneic - Sibling|Induction|Re-induction,treatment,list_unique_treatment_stages,treatment_list_unique_treatment_stages_Allogeneic - Sibling|Induction|Re-induction
Allogeneic - Sibling|Salvage|Induction|Re-induction|Symptom Control,treatment,list_unique_treatment_stages,treatment_list_unique_treatment_stages_Allogeneic - Sibling|Salvage|Induction|Re-induction|Symptom Control
Allogeneic - Sibling|Induction,treatment,list_unique_treatment_stages,treatment_list_unique_treatment_stages_Allogeneic - Sibling|Induction
Hypomethylating/Low Dose Cytarabine|Salvage|Induction|Maintenance|Re-induction,treatment,list_unique_treatment_stages,treatment_list_unique_treatment_stages_Hypomethylating/Low Dose Cytarabine|Salvage|Induction|Maintenance|Re-induction
Salvage|Induction|Experimental,treatment,list_unique_treatment_stages,treatment_list_unique_treatment_stages_Salvage|Induction|Experimental
Hypomethylating/Low Dose Cytarabine|Induction|Re-induction,treatment,list_unique_treatment_stages,treatment_list_unique_treatment_stages_Hypomethylating/Low Dose Cytarabine|Induction|Re-induction
Salvage|Experimental,treatment,list_unique_treatment_stages,treatment_list_unique_treatment_stages_Salvage|Experimental
Hypomethylating/Low Dose Cytarabine|Consolidation|Induction,treatment,list_unique_treatment_stages,treatment_list_unique_treatment_stages_Hypomethylating/Low Dose Cytarabine|Consolidation|Induction
Salvage|Induction|Re-induction|Symptom Control,treatment,list_unique_treatment_stages,treatment_list_unique_treatment_stages_Salvage|Induction|Re-induction|Symptom Control
Salvage|Unknown|Induction|Maintenance,treatment,list_unique_treatment_stages,treatment_list_unique_treatment_stages_Salvage|Unknown|Induction|Maintenance
Allogeneic - Sibling|Consolidation|Salvage|Induction,treatment,list_unique_treatment_stages,treatment_list_unique_treatment_stages_Allogeneic - Sibling|Consolidation|Salvage|Induction
Unknown,treatment,list_unique_treatment_stages,treatment_list_unique_treatment_stages_Unknown
Maintenance|Allogeneic - Matched Unrelated Donor,treatment,list_unique_treatment_stages,treatment_list_unique_treatment_stages_Maintenance|Allogeneic - Matched Unrelated Donor
Hypomethylating/Low Dose Cytarabine|Induction|Allogeneic - Mismatched Unrelated Donor,treatment,list_unique_treatment_stages,treatment_list_unique_treatment_stages_Hypomethylating/Low Dose Cytarabine|Induction|Allogeneic - Mismatched Unrelated Donor
Allogeneic - Sibling|Consolidation|Induction|Maintenance|Re-induction,treatment,list_unique_treatment_stages,treatment_list_unique_treatment_stages_Allogeneic - Sibling|Consolidation|Induction|Maintenance|Re-induction
Induction|Intensification|Re-induction,treatment,list_unique_treatment_stages,treatment_list_unique_treatment_stages_Induction|Intensification|Re-induction
Allogeneic - Sibling|Salvage|Induction|Supportive/Palliative Care,treatment,list_unique_treatment_stages,treatment_list_unique_treatment_stages_Allogeneic - Sibling|Salvage|Induction|Supportive/Palliative Care
Consolidation|Induction|Maintenance,treatment,list_unique_treatment_stages,treatment_list_unique_treatment_stages_Consolidation|Induction|Maintenance
Allogeneic - Sibling|Hypomethylating/Low Dose Cytarabine|Unknown|Induction,treatment,list_unique_treatment_stages,treatment_list_unique_treatment_stages_Allogeneic - Sibling|Hypomethylating/Low Dose Cytarabine|Unknown|Induction
Allogeneic - Sibling|Hypomethylating/Low Dose Cytarabine|Consolidation|Induction|Re-induction|Post-Transplant Relapse,treatment,list_unique_treatment_stages,treatment_list_unique_treatment_stages_Allogeneic - Sibling|Hypomethylating/Low Dose Cytarabine|Consolidation|Induction|Re-induction|Post-Transplant Relapse
Allogeneic - Sibling|Induction|Allogeneic - Matched Unrelated Donor,treatment,list_unique_treatment_stages,treatment_list_unique_treatment_stages_Allogeneic - Sibling|Induction|Allogeneic - Matched Unrelated Donor
Consolidation|Induction|Re-induction|Supportive/Palliative Care,treatment,list_unique_treatment_stages,treatment_list_unique_treatment_stages_Consolidation|Induction|Re-induction|Supportive/Palliative Care
Hypomethylating/Low Dose Cytarabine|Consolidation|Induction|Experimental,treatment,list_unique_treatment_stages,treatment_list_unique_treatment_stages_Hypomethylating/Low Dose Cytarabine|Consolidation|Induction|Experimental
Consolidation|Salvage|Induction|Allogeneic - Matched Unrelated Donor,treatment,list_unique_treatment_stages,treatment_list_unique_treatment_stages_Consolidation|Salvage|Induction|Allogeneic - Matched Unrelated Donor
Hypomethylating/Low Dose Cytarabine|Supportive/Palliative Care,treatment,list_unique_treatment_stages,treatment_list_unique_treatment_stages_Hypomethylating/Low Dose Cytarabine|Supportive/Palliative Care
Hypomethylating/Low Dose Cytarabine|Salvage|Consolidation|Induction,treatment,list_unique_treatment_stages,treatment_list_unique_treatment_stages_Hypomethylating/Low Dose Cytarabine|Salvage|Consolidation|Induction
Consolidation|Salvage|Induction|Experimental,treatment,list_unique_treatment_stages,treatment_list_unique_treatment_stages_Consolidation|Salvage|Induction|Experimental
Consolidation|Induction|Experimental|Allogeneic - Matched Unrelated Donor,treatment,list_unique_treatment_stages,treatment_list_unique_treatment_stages_Consolidation|Induction|Experimental|Allogeneic - Matched Unrelated Donor
Induction|Supportive/Palliative Care,treatment,list_unique_treatment_stages,treatment_list_unique_treatment_stages_Induction|Supportive/Palliative Care
Induction|Experimental|Re-induction,treatment,list_unique_treatment_stages,treatment_list_unique_treatment_stages_Induction|Experimental|Re-induction
Induction|Allogeneic - Matched Unrelated Donor,treatment,list_unique_treatment_stages,treatment_list_unique_treatment_stages_Induction|Allogeneic - Matched Unrelated Donor
Hypomethylating/Low Dose Cytarabine|Experimental,treatment,list_unique_treatment_stages,treatment_list_unique_treatment_stages_Hypomethylating/Low Dose Cytarabine|Experimental
Salvage|Induction,treatment,list_unique_treatment_stages,treatment_list_unique_treatment_stages_Salvage|Induction
Re-induction|Allogeneic - Matched Unrelated Donor,treatment,list_unique_treatment_stages,treatment_list_unique_treatment_stages_Re-induction|Allogeneic - Matched Unrelated Donor
Induction|Allogeneic - Mismatched Unrelated Donor,treatment,list_unique_treatment_stages,treatment_list_unique_treatment_stages_Induction|Allogeneic - Mismatched Unrelated Donor
Induction|Experimental|Re-induction|Allogeneic - Matched Unrelated Donor,treatment,list_unique_treatment_stages,treatment_list_unique_treatment_stages_Induction|Experimental|Re-induction|Allogeneic - Matched Unrelated Donor
Hypomethylating/Low Dose Cytarabine|Consolidation|Induction|Experimental|Re-induction,treatment,list_unique_treatment_stages,treatment_list_unique_treatment_stages_Hypomethylating/Low Dose Cytarabine|Consolidation|Induction|Experimental|Re-induction
Consolidation|Induction|CNS|Re-induction|Supportive/Palliative Care,treatment,list_unique_treatment_stages,treatment_list_unique_treatment_stages_Consolidation|Induction|CNS|Re-induction|Supportive/Palliative Care
Hypomethylating/Low Dose Cytarabine|Salvage|Induction|Maintenance,treatment,list_unique_treatment_stages,treatment_list_unique_treatment_stages_Hypomethylating/Low Dose Cytarabine|Salvage|Induction|Maintenance
Unknown|Induction,treatment,list_unique_treatment_stages,treatment_list_unique_treatment_stages_Unknown|Induction
Consolidation|Induction|Allogeneic - Mismatched Unrelated Donor,treatment,list_unique_treatment_stages,treatment_list_unique_treatment_stages_Consolidation|Induction|Allogeneic - Mismatched Unrelated Donor
Hypomethylating/Low Dose Cytarabine|Salvage|Unknown|Induction|Re-induction|Allogeneic - Matched Unrelated Donor,treatment,list_unique_treatment_stages,treatment_list_unique_treatment_stages_Hypomethylating/Low Dose Cytarabine|Salvage|Unknown|Induction|Re-induction|Allogeneic - Matched Unrelated Donor
Hypomethylating/Low Dose Cytarabine|Salvage|Unknown|Induction|Experimental,treatment,list_unique_treatment_stages,treatment_list_unique_treatment_stages_Hypomethylating/Low Dose Cytarabine|Salvage|Unknown|Induction|Experimental
Consolidation|Induction|Allogeneic - Mismatched Unrelated Donor|CNS|Re-induction,treatment,list_unique_treatment_stages,treatment_list_unique_treatment_stages_Consolidation|Induction|Allogeneic - Mismatched Unrelated Donor|CNS|Re-induction
Consolidation|Induction|Re-induction|Double Umbilical Cord Blood Transplant (DUCBT),treatment,list_unique_treatment_stages,treatment_list_unique_treatment_stages_Consolidation|Induction|Re-induction|Double Umbilical Cord Blood Transplant (DUCBT)
Salvage|Consolidation|Induction|Allogeneic - Matched Unrelated Donor,treatment,list_unique_treatment_stages,treatment_list_unique_treatment_stages_Salvage|Consolidation|Induction|Allogeneic - Matched Unrelated Donor
Hypomethylating/Low Dose Cytarabine|Consolidation|Induction|Allogeneic - Matched Unrelated Donor,treatment,list_unique_treatment_stages,treatment_list_unique_treatment_stages_Hypomethylating/Low Dose Cytarabine|Consolidation|Induction|Allogeneic - Matched Unrelated Donor
Hypomethylating/Low Dose Cytarabine|Experimental|Allogeneic - Child,treatment,list_unique_treatment_stages,treatment_list_unique_treatment_stages_Hypomethylating/Low Dose Cytarabine|Experimental|Allogeneic - Child
Consolidation|Induction|Maintenance|Supportive/Palliative Care,treatment,list_unique_treatment_stages,treatment_list_unique_treatment_stages_Consolidation|Induction|Maintenance|Supportive/Palliative Care
Hypomethylating/Low Dose Cytarabine|Consolidation|Induction|Re-induction,treatment,list_unique_treatment_stages,treatment_list_unique_treatment_stages_Hypomethylating/Low Dose Cytarabine|Consolidation|Induction|Re-induction
Induction|CNS|Re-induction,treatment,list_unique_treatment_stages,treatment_list_unique_treatment_stages_Induction|CNS|Re-induction
Hypomethylating/Low Dose Cytarabine|Salvage|Induction|Experimental,treatment,list_unique_treatment_stages,treatment_list_unique_treatment_stages_Hypomethylating/Low Dose Cytarabine|Salvage|Induction|Experimental
Induction|Maintenance|Re-induction,treatment,list_unique_treatment_stages,treatment_list_unique_treatment_stages_Induction|Maintenance|Re-induction
Hypomethylating/Low Dose Cytarabine|Consolidation|Induction|Re-induction|Supportive/Palliative Care|Allogeneic - Matched Unrelated Donor,treatment,list_unique_treatment_stages,treatment_list_unique_treatment_stages_Hypomethylating/Low Dose Cytarabine|Consolidation|Induction|Re-induction|Supportive/Palliative Care|Allogeneic - Matched Unrelated Donor
Experimental|Double Umbilical Cord Blood Transplant (DUCBT),treatment,list_unique_treatment_stages,treatment_list_unique_treatment_stages_Experimental|Double Umbilical Cord Blood Transplant (DUCBT)
Unknown|Supportive/Palliative Care,treatment,list_unique_treatment_stages,treatment_list_unique_treatment_stages_Unknown|Supportive/Palliative Care
Experimental|Supportive/Palliative Care,treatment,list_unique_treatment_stages,treatment_list_unique_treatment_stages_Experimental|Supportive/Palliative Care
Hypomethylating/Low Dose Cytarabine|Consolidation|Salvage|Induction|Re-induction|Double Umbilical Cord Blood Transplant (DUCBT),treatment,list_unique_treatment_stages,treatment_list_unique_treatment_stages_Hypomethylating/Low Dose Cytarabine|Consolidation|Salvage|Induction|Re-induction|Double Umbilical Cord Blood Transplant (DUCBT)
Salvage|Experimental|Supportive/Palliative Care,treatment,list_unique_treatment_stages,treatment_list_unique_treatment_stages_Salvage|Experimental|Supportive/Palliative Care
Consolidation|Salvage|Experimental,treatment,list_unique_treatment_stages,treatment_list_unique_treatment_stages_Consolidation|Salvage|Experimental
Hypomethylating/Low Dose Cytarabine|Unknown|Experimental,treatment,list_unique_treatment_stages,treatment_list_unique_treatment_stages_Hypomethylating/Low Dose Cytarabine|Unknown|Experimental
Induction|Re-induction|Supportive/Palliative Care,treatment,list_unique_treatment_stages,treatment_list_unique_treatment_stages_Induction|Re-induction|Supportive/Palliative Care
Allogeneic - Sibling|Hypomethylating/Low Dose Cytarabine|Consolidation|Induction|Experimental,treatment,list_unique_treatment_stages,treatment_list_unique_treatment_stages_Allogeneic - Sibling|Hypomethylating/Low Dose Cytarabine|Consolidation|Induction|Experimental
Consolidation|Induction|CNS|Allogeneic - Matched Unrelated Donor,treatment,list_unique_treatment_stages,treatment_list_unique_treatment_stages_Consolidation|Induction|CNS|Allogeneic - Matched Unrelated Donor
Consolidation|Induction|Double Umbilical Cord Blood Transplant (DUCBT),treatment,list_unique_treatment_stages,treatment_list_unique_treatment_stages_Consolidation|Induction|Double Umbilical Cord Blood Transplant (DUCBT)
Induction|Experimental|Maintenance,treatment,list_unique_treatment_stages,treatment_list_unique_treatment_stages_Induction|Experimental|Maintenance
Allogeneic - Sibling|Consolidation|Unknown|Induction|Re-induction,treatment,list_unique_treatment_stages,treatment_list_unique_treatment_stages_Allogeneic - Sibling|Consolidation|Unknown|Induction|Re-induction
Hypomethylating/Low Dose Cytarabine|Unknown|Induction|Experimental|Re-induction|Allogeneic - Matched Unrelated Donor,treatment,list_unique_treatment_stages,treatment_list_unique_treatment_stages_Hypomethylating/Low Dose Cytarabine|Unknown|Induction|Experimental|Re-induction|Allogeneic - Matched Unrelated Donor
Induction|Allogeneic - Mismatched Unrelated Donor|Re-induction|Maintenance,treatment,list_unique_treatment_stages,treatment_list_unique_treatment_stages_Induction|Allogeneic - Mismatched Unrelated Donor|Re-induction|Maintenance
Hypomethylating/Low Dose Cytarabine|Consolidation|Induction|Experimental|Allogeneic - Matched Unrelated Donor,treatment,list_unique_treatment_stages,treatment_list_unique_treatment_stages_Hypomethylating/Low Dose Cytarabine|Consolidation|Induction|Experimental|Allogeneic - Matched Unrelated Donor
Consolidation|Induction|Allogeneic - Mismatched Unrelated Donor|Re-induction,treatment,list_unique_treatment_stages,treatment_list_unique_treatment_stages_Consolidation|Induction|Allogeneic - Mismatched Unrelated Donor|Re-induction
Consolidation|Experimental,treatment,list_unique_treatment_stages,treatment_list_unique_treatment_stages_Consolidation|Experimental
Experimental|Re-induction|Double Umbilical Cord Blood Transplant (DUCBT),treatment,list_unique_treatment_stages,treatment_list_unique_treatment_stages_Experimental|Re-induction|Double Umbilical Cord Blood Transplant (DUCBT)
Hypomethylating/Low Dose Cytarabine|Consolidation|Induction|Allogeneic - Child,treatment,list_unique_treatment_stages,treatment_list_unique_treatment_stages_Hypomethylating/Low Dose Cytarabine|Consolidation|Induction|Allogeneic - Child
Hypomethylating/Low Dose Cytarabine|Induction|Re-induction|Supportive/Palliative Care,treatment,list_unique_treatment_stages,treatment_list_unique_treatment_stages_Hypomethylating/Low Dose Cytarabine|Induction|Re-induction|Supportive/Palliative Care
Induction|Double Umbilical Cord Blood Transplant (DUCBT),treatment,list_unique_treatment_stages,treatment_list_unique_treatment_stages_Induction|Double Umbilical Cord Blood Transplant (DUCBT)
Induction|Re-induction|Double Umbilical Cord Blood Transplant (DUCBT),treatment,list_unique_treatment_stages,treatment_list_unique_treatment_stages_Induction|Re-induction|Double Umbilical Cord Blood Transplant (DUCBT)
Consolidation|Salvage|Induction|Allogeneic - Mismatched Unrelated Donor|Re-induction,treatment,list_unique_treatment_stages,treatment_list_unique_treatment_stages_Consolidation|Salvage|Induction|Allogeneic - Mismatched Unrelated Donor|Re-induction
Hypomethylating/Low Dose Cytarabine|Experimental|Maintenance,treatment,list_unique_treatment_stages,treatment_list_unique_treatment_stages_Hypomethylating/Low Dose Cytarabine|Experimental|Maintenance
Allogeneic - Sibling|Hypomethylating/Low Dose Cytarabine|Consolidation|Induction|Maintenance,treatment,list_unique_treatment_stages,treatment_list_unique_treatment_stages_Allogeneic - Sibling|Hypomethylating/Low Dose Cytarabine|Consolidation|Induction|Maintenance
Hypomethylating/Low Dose Cytarabine|Consolidation|Salvage|Induction,treatment,list_unique_treatment_stages,treatment_list_unique_treatment_stages_Hypomethylating/Low Dose Cytarabine|Consolidation|Salvage|Induction
Allogeneic - Sibling|Consolidation|Induction|Maintenance,treatment,list_unique_treatment_stages,treatment_list_unique_treatment_stages_Allogeneic - Sibling|Consolidation|Induction|Maintenance
Hypomethylating/Low Dose Cytarabine|Consolidation|Salvage|Induction|Re-induction,treatment,list_unique_treatment_stages,treatment_list_unique_treatment_stages_Hypomethylating/Low Dose Cytarabine|Consolidation|Salvage|Induction|Re-induction
Allogeneic - Sibling|Consolidation|Unknown|Induction|Re-induction|Allogeneic - Matched Unrelated Donor,treatment,list_unique_treatment_stages,treatment_list_unique_treatment_stages_Allogeneic - Sibling|Consolidation|Unknown|Induction|Re-induction|Allogeneic - Matched Unrelated Donor
Allogeneic - Sibling|Hypomethylating/Low Dose Cytarabine|Salvage|Induction|Experimental|Intensification|Re-induction,treatment,list_unique_treatment_stages,treatment_list_unique_treatment_stages_Allogeneic - Sibling|Hypomethylating/Low Dose Cytarabine|Salvage|Induction|Experimental|Intensification|Re-induction
Allogeneic - Sibling|Salvage|Induction|Re-induction,treatment,list_unique_treatment_stages,treatment_list_unique_treatment_stages_Allogeneic - Sibling|Salvage|Induction|Re-induction
Consolidation|Induction|Allogeneic - Child|CNS|Re-induction,treatment,list_unique_treatment_stages,treatment_list_unique_treatment_stages_Consolidation|Induction|Allogeneic - Child|CNS|Re-induction
Induction|CNS,treatment,list_unique_treatment_stages,treatment_list_unique_treatment_stages_Induction|CNS
Consolidation|Maintenance,treatment,list_unique_treatment_stages,treatment_list_unique_treatment_stages_Consolidation|Maintenance
Consolidation|Unknown|Induction|Allogeneic - Matched Unrelated Donor,treatment,list_unique_treatment_stages,treatment_list_unique_treatment_stages_Consolidation|Unknown|Induction|Allogeneic - Matched Unrelated Donor
Hypomethylating/Low Dose Cytarabine|Consolidation|Induction|Allogeneic - Mismatched Unrelated Donor|Re-induction|Maintenance|Double Umbilical Cord Blood Transplant (DUCBT),treatment,list_unique_treatment_stages,treatment_list_unique_treatment_stages_Hypomethylating/Low Dose Cytarabine|Consolidation|Induction|Allogeneic - Mismatched Unrelated Donor|Re-induction|Maintenance|Double Umbilical Cord Blood Transplant (DUCBT)
Hypomethylating/Low Dose Cytarabine|Consolidation|Induction|Experimental|Supportive/Palliative Care,treatment,list_unique_treatment_stages,treatment_list_unique_treatment_stages_Hypomethylating/Low Dose Cytarabine|Consolidation|Induction|Experimental|Supportive/Palliative Care
Consolidation|Induction|Re-induction|Maintenance|Allogeneic - Matched Unrelated Donor,treatment,list_unique_treatment_stages,treatment_list_unique_treatment_stages_Consolidation|Induction|Re-induction|Maintenance|Allogeneic - Matched Unrelated Donor
Allogeneic - Sibling|Induction|Experimental|Re-induction|Post-Transplant Relapse,treatment,list_unique_treatment_stages,treatment_list_unique_treatment_stages_Allogeneic - Sibling|Induction|Experimental|Re-induction|Post-Transplant Relapse
Allogeneic - Sibling|Consolidation|Unknown|Induction|Re-induction|Maintenance|Supportive/Palliative Care,treatment,list_unique_treatment_stages,treatment_list_unique_treatment_stages_Allogeneic - Sibling|Consolidation|Unknown|Induction|Re-induction|Maintenance|Supportive/Palliative Care
Consolidation|Salvage|Induction|Re-induction|Maintenance|Supportive/Palliative Care,treatment,list_unique_treatment_stages,treatment_list_unique_treatment_stages_Consolidation|Salvage|Induction|Re-induction|Maintenance|Supportive/Palliative Care
Consolidation|Induction|Allogeneic - Child|Maintenance,treatment,list_unique_treatment_stages,treatment_list_unique_treatment_stages_Consolidation|Induction|Allogeneic - Child|Maintenance
Consolidation|Salvage|Unknown|Induction|Maintenance|Re-induction|Allogeneic - Matched Unrelated Donor,treatment,list_unique_treatment_stages,treatment_list_unique_treatment_stages_Consolidation|Salvage|Unknown|Induction|Maintenance|Re-induction|Allogeneic - Matched Unrelated Donor
Consolidation|Salvage|Induction|Experimental|Re-induction,treatment,list_unique_treatment_stages,treatment_list_unique_treatment_stages_Consolidation|Salvage|Induction|Experimental|Re-induction
Consolidation|Induction|Experimental|Maintenance,treatment,list_unique_treatment_stages,treatment_list_unique_treatment_stages_Consolidation|Induction|Experimental|Maintenance
Induction|Experimental|Maintenance|Supportive/Palliative Care,treatment,list_unique_treatment_stages,treatment_list_unique_treatment_stages_Induction|Experimental|Maintenance|Supportive/Palliative Care
Salvage|Supportive/Palliative Care,treatment,list_unique_treatment_stages,treatment_list_unique_treatment_stages_Salvage|Supportive/Palliative Care
Consolidation|Salvage|Induction|Experimental|Allogeneic - Mismatched Unrelated Donor,treatment,list_unique_treatment_stages,treatment_list_unique_treatment_stages_Consolidation|Salvage|Induction|Experimental|Allogeneic - Mismatched Unrelated Donor
Hypomethylating/Low Dose Cytarabine|Consolidation|Experimental,treatment,list_unique_treatment_stages,treatment_list_unique_treatment_stages_Hypomethylating/Low Dose Cytarabine|Consolidation|Experimental
Consolidation|Salvage|Induction|Double Umbilical Cord Blood Transplant (DUCBT),treatment,list_unique_treatment_stages,treatment_list_unique_treatment_stages_Consolidation|Salvage|Induction|Double Umbilical Cord Blood Transplant (DUCBT)
Salvage|Induction|Experimental|Maintenance,treatment,list_unique_treatment_stages,treatment_list_unique_treatment_stages_Salvage|Induction|Experimental|Maintenance
Salvage|Induction|Experimental|Frontline|Re-induction,treatment,list_unique_treatment_stages,treatment_list_unique_treatment_stages_Salvage|Induction|Experimental|Frontline|Re-induction
Symptom Control|Supportive/Palliative Care,treatment,list_unique_treatment_stages,treatment_list_unique_treatment_stages_Symptom Control|Supportive/Palliative Care
Induction|Frontline|Maintenance,treatment,list_unique_treatment_stages,treatment_list_unique_treatment_stages_Induction|Frontline|Maintenance
Allogeneic - Mismatched Unrelated Donor|Experimental|Maintenance,treatment,list_unique_treatment_stages,treatment_list_unique_treatment_stages_Allogeneic - Mismatched Unrelated Donor|Experimental|Maintenance
Salvage|Induction|Symptom Control,treatment,list_unique_treatment_stages,treatment_list_unique_treatment_stages_Salvage|Induction|Symptom Control
Induction|Allogeneic - Mismatched Unrelated Donor|Re-induction,treatment,list_unique_treatment_stages,treatment_list_unique_treatment_stages_Induction|Allogeneic - Mismatched Unrelated Donor|Re-induction
Hypomethylating/Low Dose Cytarabine|Induction|Supportive/Palliative Care,treatment,list_unique_treatment_stages,treatment_list_unique_treatment_stages_Hypomethylating/Low Dose Cytarabine|Induction|Supportive/Palliative Care
Allogeneic - Sibling|Hypomethylating/Low Dose Cytarabine|Consolidation|Induction|Re-induction|Supportive/Palliative Care,treatment,list_unique_treatment_stages,treatment_list_unique_treatment_stages_Allogeneic - Sibling|Hypomethylating/Low Dose Cytarabine|Consolidation|Induction|Re-induction|Supportive/Palliative Care
Allogeneic - Sibling|Salvage|Induction|Re-induction|Supportive/Palliative Care,treatment,list_unique_treatment_stages,treatment_list_unique_treatment_stages_Allogeneic - Sibling|Salvage|Induction|Re-induction|Supportive/Palliative Care
Induction|Supportive/Palliative Care|Allogeneic - Matched Unrelated Donor,treatment,list_unique_treatment_stages,treatment_list_unique_treatment_stages_Induction|Supportive/Palliative Care|Allogeneic - Matched Unrelated Donor
Unknown|Allogeneic - Matched Unrelated Donor,treatment,list_unique_treatment_stages,treatment_list_unique_treatment_stages_Unknown|Allogeneic - Matched Unrelated Donor
Allogeneic - Sibling|Induction|Maintenance,treatment,list_unique_treatment_stages,treatment_list_unique_treatment_stages_Allogeneic - Sibling|Induction|Maintenance
Consolidation|Induction|Allogeneic - Mismatched Unrelated Donor|Re-induction|Maintenance,treatment,list_unique_treatment_stages,treatment_list_unique_treatment_stages_Consolidation|Induction|Allogeneic - Mismatched Unrelated Donor|Re-induction|Maintenance
Hypomethylating/Low Dose Cytarabine|Experimental|Supportive/Palliative Care,treatment,list_unique_treatment_stages,treatment_list_unique_treatment_stages_Hypomethylating/Low Dose Cytarabine|Experimental|Supportive/Palliative Care
Induction|Re-induction|Supportive/Palliative Care|Allogeneic - Matched Unrelated Donor,treatment,list_unique_treatment_stages,treatment_list_unique_treatment_stages_Induction|Re-induction|Supportive/Palliative Care|Allogeneic - Matched Unrelated Donor
Consolidation|Salvage|Induction|Maintenance,treatment,list_unique_treatment_stages,treatment_list_unique_treatment_stages_Consolidation|Salvage|Induction|Maintenance
Consolidation|Salvage|Induction|Experimental|Post-Transplant Relapse|Allogeneic - Matched Unrelated Donor,treatment,list_unique_treatment_stages,treatment_list_unique_treatment_stages_Consolidation|Salvage|Induction|Experimental|Post-Transplant Relapse|Allogeneic - Matched Unrelated Donor
Induction|Re-induction|Maintenance|Supportive/Palliative Care,treatment,list_unique_treatment_stages,treatment_list_unique_treatment_stages_Induction|Re-induction|Maintenance|Supportive/Palliative Care
Allogeneic - Sibling|Consolidation|Induction|Experimental|CNS|Re-induction,treatment,list_unique_treatment_stages,treatment_list_unique_treatment_stages_Allogeneic - Sibling|Consolidation|Induction|Experimental|CNS|Re-induction
Salvage|Induction|Experimental|Re-induction|Maintenance,treatment,list_unique_treatment_stages,treatment_list_unique_treatment_stages_Salvage|Induction|Experimental|Re-induction|Maintenance
Consolidation|Induction|Allogeneic - Child,treatment,list_unique_treatment_stages,treatment_list_unique_treatment_stages_Consolidation|Induction|Allogeneic - Child
Salvage|Induction|Maintenance,treatment,list_unique_treatment_stages,treatment_list_unique_treatment_stages_Salvage|Induction|Maintenance
Induction|Double Umbilical Cord Blood Transplant (DUCBT)|Maintenance,treatment,list_unique_treatment_stages,treatment_list_unique_treatment_stages_Induction|Double Umbilical Cord Blood Transplant (DUCBT)|Maintenance
Consolidation|Induction|Intensification|Re-induction|Allogeneic - Matched Unrelated Donor,treatment,list_unique_treatment_stages,treatment_list_unique_treatment_stages_Consolidation|Induction|Intensification|Re-induction|Allogeneic - Matched Unrelated Donor
Salvage|Induction|Allogeneic - Mismatched Unrelated Donor|Experimental|Re-induction,treatment,list_unique_treatment_stages,treatment_list_unique_treatment_stages_Salvage|Induction|Allogeneic - Mismatched Unrelated Donor|Experimental|Re-induction
Salvage|Induction|Supportive/Palliative Care,treatment,list_unique_treatment_stages,treatment_list_unique_treatment_stages_Salvage|Induction|Supportive/Palliative Care
Induction|Frontline|Re-induction|Allogeneic - Matched Unrelated Donor,treatment,list_unique_treatment_stages,treatment_list_unique_treatment_stages_Induction|Frontline|Re-induction|Allogeneic - Matched Unrelated Donor
Allogeneic - Sibling|Induction|Experimental|Re-induction|Maintenance,treatment,list_unique_treatment_stages,treatment_list_unique_treatment_stages_Allogeneic - Sibling|Induction|Experimental|Re-induction|Maintenance
Induction|Double Umbilical Cord Blood Transplant (DUCBT)|Supportive/Palliative Care,treatment,list_unique_treatment_stages,treatment_list_unique_treatment_stages_Induction|Double Umbilical Cord Blood Transplant (DUCBT)|Supportive/Palliative Care
Consolidation|Unknown|Induction|Maintenance|Allogeneic - Matched Unrelated Donor,treatment,list_unique_treatment_stages,treatment_list_unique_treatment_stages_Consolidation|Unknown|Induction|Maintenance|Allogeneic - Matched Unrelated Donor
Salvage|Maintenance|Supportive/Palliative Care,treatment,list_unique_treatment_stages,treatment_list_unique_treatment_stages_Salvage|Maintenance|Supportive/Palliative Care
Consolidation|Salvage|Induction|Re-induction|Maintenance|Allogeneic - Matched Unrelated Donor,treatment,list_unique_treatment_stages,treatment_list_unique_treatment_stages_Consolidation|Salvage|Induction|Re-induction|Maintenance|Allogeneic - Matched Unrelated Donor
Symptom Control|Supportive/Palliative Care|Allogeneic - Matched Unrelated Donor,treatment,list_unique_treatment_stages,treatment_list_unique_treatment_stages_Symptom Control|Supportive/Palliative Care|Allogeneic - Matched Unrelated Donor
Consolidation|Induction|Allogeneic - Child|Maintenance|Re-induction,treatment,list_unique_treatment_stages,treatment_list_unique_treatment_stages_Consolidation|Induction|Allogeneic - Child|Maintenance|Re-induction
Allogeneic - Sibling|Induction|Re-induction|Maintenance,treatment,list_unique_treatment_stages,treatment_list_unique_treatment_stages_Allogeneic - Sibling|Induction|Re-induction|Maintenance
Consolidation|Induction|Supportive/Palliative Care|Allogeneic - Matched Unrelated Donor,treatment,list_unique_treatment_stages,treatment_list_unique_treatment_stages_Consolidation|Induction|Supportive/Palliative Care|Allogeneic - Matched Unrelated Donor
Induction|Re-induction|Maintenance|Allogeneic - Matched Unrelated Donor,treatment,list_unique_treatment_stages,treatment_list_unique_treatment_stages_Induction|Re-induction|Maintenance|Allogeneic - Matched Unrelated Donor
Salvage|Consolidation|Induction,treatment,list_unique_treatment_stages,treatment_list_unique_treatment_stages_Salvage|Consolidation|Induction
Consolidation|Induction|CNS|Maintenance|Allogeneic - Matched Unrelated Donor,treatment,list_unique_treatment_stages,treatment_list_unique_treatment_stages_Consolidation|Induction|CNS|Maintenance|Allogeneic - Matched Unrelated Donor
Induction|Experimental|Re-Induction,treatment,list_unique_treatment_stages,treatment_list_unique_treatment_stages_Induction|Experimental|Re-Induction
Haploidentical - Parent|Consolidation|Induction|Re-induction,treatment,list_unique_treatment_stages,treatment_list_unique_treatment_stages_Haploidentical - Parent|Consolidation|Induction|Re-induction
Salvage|Induction|Maintenance|Re-induction,treatment,list_unique_treatment_stages,treatment_list_unique_treatment_stages_Salvage|Induction|Maintenance|Re-induction
Induction|Intensification|Allogeneic - Matched Unrelated Donor,treatment,list_unique_treatment_stages,treatment_list_unique_treatment_stages_Induction|Intensification|Allogeneic - Matched Unrelated Donor
Consolidation|Salvage|Induction|Re-induction|Supportive/Palliative Care|Allogeneic - Matched Unrelated Donor,treatment,list_unique_treatment_stages,treatment_list_unique_treatment_stages_Consolidation|Salvage|Induction|Re-induction|Supportive/Palliative Care|Allogeneic - Matched Unrelated Donor
Consolidation|Induction|Maintenance|Allogeneic - Matched Unrelated Donor,treatment,list_unique_treatment_stages,treatment_list_unique_treatment_stages_Consolidation|Induction|Maintenance|Allogeneic - Matched Unrelated Donor
Salvage|Induction|Re-induction|Allogeneic - Matched Unrelated Donor,treatment,list_unique_treatment_stages,treatment_list_unique_treatment_stages_Salvage|Induction|Re-induction|Allogeneic - Matched Unrelated Donor
Complete Response,treatment,response_to_induction_tx,treatment_response_to_induction_tx_Complete Response
Refractory,treatment,response_to_induction_tx,treatment_response_to_induction_tx_Refractory
Unknown,treatment,response_to_induction_tx,treatment_response_to_induction_tx_Unknown
Complete Response i,treatment,response_to_induction_tx,treatment_response_to_induction_tx_Complete Response i
UNKNOWN,treatment,response_to_induction_tx,treatment_response_to_induction_tx_UNKNOWN
unknown,treatment,response_to_induction_tx,treatment_response_to_induction_tx_unknown
Standard Chemotherapy,treatment,type_induction_tx,treatment_type_induction_tx_Standard Chemotherapy
Targeted Therapy - Kinase Inhibitor(s),treatment,type_induction_tx,treatment_type_induction_tx_Targeted Therapy - Kinase Inhibitor(s)
Supportive/Palliative Care,treatment,type_induction_tx,treatment_type_induction_tx_Supportive/Palliative Care
Targeted Therapy - Other,treatment,type_induction_tx,treatment_type_induction_tx_Targeted Therapy - Other
Targeted Therapy - Kinase Inhibitor(s),treatment,most_recent_treatment_type,treatment_most_recent_treatment_type_Targeted Therapy - Kinase Inhibitor(s)
Standard Chemotherapy,treatment,most_recent_treatment_type,treatment_most_recent_treatment_type_Standard Chemotherapy
Targeted Therapy - Other,treatment,most_recent_treatment_type,treatment_most_recent_treatment_type_Targeted Therapy - Other
Supportive/Palliative Care,treatment,most_recent_treatment_type,treatment_most_recent_treatment_type_Supportive/Palliative Care
Bone Marrow Transplant,treatment,most_recent_treatment_type,treatment_most_recent_treatment_type_Bone Marrow Transplant
DLI,treatment,most_recent_treatment_type,treatment_most_recent_treatment_type_DLI
NONE,treatment,most_recent_treatment_type,treatment_most_recent_treatment_type_NONE
Unknown,treatment,most_recent_treatment_type,treatment_most_recent_treatment_type_Unknown
Other,treatment,most_recent_treatment_type,treatment_most_recent_treatment_type_Other
Intrathecal,treatment,most_recent_treatment_type,treatment_most_recent_treatment_type_Intrathecal
Sorafenib,treatment,current_regimen,treatment_current_regimen_Sorafenib
"FLAG-IDA (Cytarabine, Filgrastim, Fludarabine, Idarubicin)",treatment,current_regimen,"treatment_current_regimen_FLAG-IDA (Cytarabine, Filgrastim, Fludarabine, Idarubicin)"
Quizartinib,treatment,current_regimen,treatment_current_regimen_Quizartinib
Mitoxantrone,treatment,current_regimen,treatment_current_regimen_Mitoxantrone
AC220 (Ambit),treatment,current_regimen,treatment_current_regimen_AC220 (Ambit)
Hydroxyurea,treatment,current_regimen,treatment_current_regimen_Hydroxyurea
"Etoposide, Mitoxantrone",treatment,current_regimen,"treatment_current_regimen_Etoposide, Mitoxantrone"
"Busulfan, Cyclophosphamide",treatment,current_regimen,"treatment_current_regimen_Busulfan, Cyclophosphamide"
Decitabine,treatment,current_regimen,treatment_current_regimen_Decitabine
"Fludarabine, Melphalan",treatment,current_regimen,"treatment_current_regimen_Fludarabine, Melphalan"
Donor Lymphocyte Infusion,treatment,current_regimen,treatment_current_regimen_Donor Lymphocyte Infusion
"Bu/Flu/TBI (Busulfan, Fludarabine, Total Body Irradiation)",treatment,current_regimen,"treatment_current_regimen_Bu/Flu/TBI (Busulfan, Fludarabine, Total Body Irradiation)"
Cytarabine,treatment,current_regimen,treatment_current_regimen_Cytarabine
NONE,treatment,current_regimen,treatment_current_regimen_NONE
"Cyclophosphamide, Fludarabine, TBI",treatment,current_regimen,"treatment_current_regimen_Cyclophosphamide, Fludarabine, TBI"
Ruxolitinib,treatment,current_regimen,treatment_current_regimen_Ruxolitinib
"Decitabine, Sirolimus",treatment,current_regimen,"treatment_current_regimen_Decitabine, Sirolimus"
Azacitidine,treatment,current_regimen,treatment_current_regimen_Azacitidine
HiDAC,treatment,current_regimen,treatment_current_regimen_HiDAC
MiDAC,treatment,current_regimen,treatment_current_regimen_MiDAC
"3+7 (Cytarabine, Daunorubicin)",treatment,current_regimen,"treatment_current_regimen_3+7 (Cytarabine, Daunorubicin)"
"Azacitidine, Lenalidomide",treatment,current_regimen,"treatment_current_regimen_Azacitidine, Lenalidomide"
Idarubicin,treatment,current_regimen,treatment_current_regimen_Idarubicin
"Cyclophosphamide, TBI",treatment,current_regimen,"treatment_current_regimen_Cyclophosphamide, TBI"
Crenolanib,treatment,current_regimen,treatment_current_regimen_Crenolanib
"5+2 (Cytarabine, Idarubicin)",treatment,current_regimen,"treatment_current_regimen_5+2 (Cytarabine, Idarubicin)"
"Etoposide, TBI",treatment,current_regimen,"treatment_current_regimen_Etoposide, TBI"
"MEC (Cytarabine, Etoposide, Mitoxantrone)",treatment,current_regimen,"treatment_current_regimen_MEC (Cytarabine, Etoposide, Mitoxantrone)"
"COG-AAML1031 (IT/IV Cytarabine, Daunorubicin, Etoposide, Mitoxantrone +/- Bortezomib or Sorafenib)",treatment,current_regimen,"treatment_current_regimen_COG-AAML1031 (IT/IV Cytarabine, Daunorubicin, Etoposide, Mitoxantrone +/- Bortezomib or Sorafenib)"
"Busulfan, Fludarabine",treatment,current_regimen,"treatment_current_regimen_Busulfan, Fludarabine"
Cladribine,treatment,current_regimen,treatment_current_regimen_Cladribine
Dasatinib,treatment,current_regimen,treatment_current_regimen_Dasatinib
"Treo/Flu/TBI (Treosulfan, Fludarabine, Total Body Irradiation)",treatment,current_regimen,"treatment_current_regimen_Treo/Flu/TBI (Treosulfan, Fludarabine, Total Body Irradiation)"
"COG-AAML0531 (Cytarabine, Daunorubicin, Etoposide, L-Asparaginase, Mitoxantrone +/- Gemtuzumab)",treatment,current_regimen,"treatment_current_regimen_COG-AAML0531 (Cytarabine, Daunorubicin, Etoposide, L-Asparaginase, Mitoxantrone +/- Gemtuzumab)"
"7+3 (Cytarabine, Idarubicin)",treatment,current_regimen,"treatment_current_regimen_7+3 (Cytarabine, Idarubicin)"
"GCLAM (G-CSF, Cladribine, Cytarabine, and Mitoxantrone)",treatment,current_regimen,"treatment_current_regimen_GCLAM (G-CSF, Cladribine, Cytarabine, and Mitoxantrone)"
"ATRA, Arsenic Trioxide",treatment,current_regimen,"treatment_current_regimen_ATRA, Arsenic Trioxide"
"Azacitidine, Gemtuzumab",treatment,current_regimen,"treatment_current_regimen_Azacitidine, Gemtuzumab"
"Stanford Protocol 9153 (TLI, ATG)",treatment,current_regimen,"treatment_current_regimen_Stanford Protocol 9153 (TLI, ATG)"
"Temozolomide, Vorinostat",treatment,current_regimen,"treatment_current_regimen_Temozolomide, Vorinostat"
"Fludarabine, Melphalan, ATG",treatment,current_regimen,"treatment_current_regimen_Fludarabine, Melphalan, ATG"
"Decitabine, Midostaurin",treatment,current_regimen,"treatment_current_regimen_Decitabine, Midostaurin"
"CLAG-M (Cladribine, Cytarabine, Mitoxantrone, Filgrastim)",treatment,current_regimen,"treatment_current_regimen_CLAG-M (Cladribine, Cytarabine, Mitoxantrone, Filgrastim)"
"Fludarabine, BCNU, Melphalan",treatment,current_regimen,"treatment_current_regimen_Fludarabine, BCNU, Melphalan"
"GCLAC (GCSF, Clofarabine & Cytarabine)",treatment,current_regimen,"treatment_current_regimen_GCLAC (GCSF, Clofarabine & Cytarabine)"
"S0919 Trial (Pravastatin, Idarubicin, Cytarabine)",treatment,current_regimen,"treatment_current_regimen_S0919 Trial (Pravastatin, Idarubicin, Cytarabine)"
"Fludarabine, Cyclophosphamide, TBI",treatment,current_regimen,"treatment_current_regimen_Fludarabine, Cyclophosphamide, TBI"
"Fludarabine, TBI",treatment,current_regimen,"treatment_current_regimen_Fludarabine, TBI"
AG-221,treatment,current_regimen,treatment_current_regimen_AG-221
Bevacizumab,treatment,current_regimen,treatment_current_regimen_Bevacizumab
"Clofarabine, Cyclophosphamide, Etoposide",treatment,current_regimen,"treatment_current_regimen_Clofarabine, Cyclophosphamide, Etoposide"
CPX-351 (Liposomal Cytarabine + Daunorubicin),treatment,current_regimen,treatment_current_regimen_CPX-351 (Liposomal Cytarabine + Daunorubicin)
"CLAG (Cladribine, Cytarabine, Filgrastim)",treatment,current_regimen,"treatment_current_regimen_CLAG (Cladribine, Cytarabine, Filgrastim)"
"Decitabine, Hydroxyurea",treatment,current_regimen,"treatment_current_regimen_Decitabine, Hydroxyurea"
Fludarabine,treatment,current_regimen,treatment_current_regimen_Fludarabine
SWOG S1203 (7+3 +/- Vorinostat),treatment,current_regimen,treatment_current_regimen_SWOG S1203 (7+3 +/- Vorinostat)
Trametinib,treatment,current_regimen,treatment_current_regimen_Trametinib
SGN-CD33A,treatment,current_regimen,treatment_current_regimen_SGN-CD33A
"Azacitidine, MLN4924",treatment,current_regimen,"treatment_current_regimen_Azacitidine, MLN4924"
"Busulfan, Fludarabine, Thymoglobulin (Bu/Flu/ATG)",treatment,current_regimen,"treatment_current_regimen_Busulfan, Fludarabine, Thymoglobulin (Bu/Flu/ATG)"
Stanford Protocol 9022 (BU/CY),treatment,current_regimen,treatment_current_regimen_Stanford Protocol 9022 (BU/CY)
"FLAG (Fludarabine, High-dose Cytarabine, G-CSF)",treatment,current_regimen,"treatment_current_regimen_FLAG (Fludarabine, High-dose Cytarabine, G-CSF)"
"HAM (Cytarabine, Mitoxantrone)",treatment,current_regimen,"treatment_current_regimen_HAM (Cytarabine, Mitoxantrone)"
Ponatinib,treatment,current_regimen,treatment_current_regimen_Ponatinib
Bu/Cy/TBI,treatment,current_regimen,treatment_current_regimen_Bu/Cy/TBI
"Busulfan, Cyclophosphamide, Thymoglobulin",treatment,current_regimen,"treatment_current_regimen_Busulfan, Cyclophosphamide, Thymoglobulin"
Bu/Cy/ATG,treatment,current_regimen,treatment_current_regimen_Bu/Cy/ATG
"APML4 Protocol (ATRA, Arsenic Trioxide, Idarubicin)",treatment,current_regimen,"treatment_current_regimen_APML4 Protocol (ATRA, Arsenic Trioxide, Idarubicin)"
"MEC, Lenalidomide",treatment,current_regimen,"treatment_current_regimen_MEC, Lenalidomide"
"R-CEOP (Cyclophosphamide, Etoposide, Prednisolone, Rituximab, Vincristine)",treatment,current_regimen,"treatment_current_regimen_R-CEOP (Cyclophosphamide, Etoposide, Prednisolone, Rituximab, Vincristine)"
"Cyclophoshamide, TBI, ATG",treatment,current_regimen,"treatment_current_regimen_Cyclophoshamide, TBI, ATG"
"Azacitidine, Sorafenib",treatment,current_regimen,"treatment_current_regimen_Azacitidine, Sorafenib"
"Fludarabine, Melphalan, TBI",treatment,current_regimen,"treatment_current_regimen_Fludarabine, Melphalan, TBI"
"Fludarabine, Melphalan, TBI, ATG",treatment,current_regimen,"treatment_current_regimen_Fludarabine, Melphalan, TBI, ATG"
"R-CVP (Rituximab, Cyclophosphamide, Vincristine, Prednisolone)",treatment,current_regimen,"treatment_current_regimen_R-CVP (Rituximab, Cyclophosphamide, Vincristine, Prednisolone)"
Binimetinib (MEK162),treatment,current_regimen,treatment_current_regimen_Binimetinib (MEK162)
"Decitabine, ABT-199",treatment,current_regimen,"treatment_current_regimen_Decitabine, ABT-199"
Rituximab,treatment,current_regimen,treatment_current_regimen_Rituximab
"Azacitidine, Itacitinib",treatment,current_regimen,"treatment_current_regimen_Azacitidine, Itacitinib"
"Venetoclax (ABT-199), Azacitidine",treatment,current_regimen,"treatment_current_regimen_Venetoclax (ABT-199), Azacitidine"
"Clofarabine, Cytarabine",treatment,current_regimen,"treatment_current_regimen_Clofarabine, Cytarabine"
"Cytarabine, Mitoxantrone",treatment,current_regimen,"treatment_current_regimen_Cytarabine, Mitoxantrone"
"7+3 (Cytarabine, Idarubicin) plus Crenolanib",treatment,current_regimen,"treatment_current_regimen_7+3 (Cytarabine, Idarubicin) plus Crenolanib"
"TBI, VP-16",treatment,current_regimen,"treatment_current_regimen_TBI, VP-16"
"Fludarabine, Cyclophosphamide, Thiotepa, TBI",treatment,current_regimen,"treatment_current_regimen_Fludarabine, Cyclophosphamide, Thiotepa, TBI"
"ATRA, 6-MP, Methotrexate",treatment,current_regimen,"treatment_current_regimen_ATRA, 6-MP, Methotrexate"
"Vincristine, Dexamethasone",treatment,current_regimen,"treatment_current_regimen_Vincristine, Dexamethasone"
Incyte trial (azacitidine and JAK 1 inhibitor),treatment,current_regimen,treatment_current_regimen_Incyte trial (azacitidine and JAK 1 inhibitor)
Etoposide,treatment,current_regimen,treatment_current_regimen_Etoposide
AG-120,treatment,current_regimen,treatment_current_regimen_AG-120
Unknown,treatment,current_regimen,treatment_current_regimen_Unknown
"Fludarabine, Melphalan, ATG, Methotrexate",treatment,current_regimen,"treatment_current_regimen_Fludarabine, Melphalan, ATG, Methotrexate"
Midostaurin,treatment,current_regimen,treatment_current_regimen_Midostaurin
"7+3 (Cytarabine, Idarubicin) plus Sorafenib",treatment,current_regimen,"treatment_current_regimen_7+3 (Cytarabine, Idarubicin) plus Sorafenib"
Ibrutinib,treatment,current_regimen,treatment_current_regimen_Ibrutinib
"Busulfan, Fludarabine, Cyclophosphamide, Thymoglobulin (Bu/Flu/Cy/ATG)",treatment,current_regimen,"treatment_current_regimen_Busulfan, Fludarabine, Cyclophosphamide, Thymoglobulin (Bu/Flu/Cy/ATG)"
Bellicum Trial (Flu/Cy/TBI + ATG + Rituximab then BPX-501),treatment,current_regimen,treatment_current_regimen_Bellicum Trial (Flu/Cy/TBI + ATG + Rituximab then BPX-501)
"ADE (Cytarabine, Daunorubicin & Etoposide)",treatment,current_regimen,"treatment_current_regimen_ADE (Cytarabine, Daunorubicin & Etoposide)"
Radiation,treatment,current_regimen,treatment_current_regimen_Radiation
Cyclophosphamide,treatment,current_regimen,treatment_current_regimen_Cyclophosphamide
"Methotrexate, Mercaptopurine, Tretinoin",treatment,current_regimen,"treatment_current_regimen_Methotrexate, Mercaptopurine, Tretinoin"
"Fludarabine, Cytarabine",treatment,current_regimen,"treatment_current_regimen_Fludarabine, Cytarabine"
IDAC,treatment,current_regimen,treatment_current_regimen_IDAC
Vidaza,treatment,current_regimen,treatment_current_regimen_Vidaza
"Cytarabine, OXi4503",treatment,current_regimen,"treatment_current_regimen_Cytarabine, OXi4503"
Paclitaxel,treatment,current_regimen,treatment_current_regimen_Paclitaxel
"Decitabine, Ruxolitinib",treatment,current_regimen,"treatment_current_regimen_Decitabine, Ruxolitinib"
anti-CD33,treatment,current_regimen,treatment_current_regimen_anti-CD33
"RVD (Bortezomib, Dexamethasone, Lenalidomide)",treatment,current_regimen,"treatment_current_regimen_RVD (Bortezomib, Dexamethasone, Lenalidomide)"
FLX925,treatment,current_regimen,treatment_current_regimen_FLX925
IMGN779 (Immunogen Trial),treatment,current_regimen,treatment_current_regimen_IMGN779 (Immunogen Trial)
Sunitinib,treatment,current_regimen,treatment_current_regimen_Sunitinib
Idarubicin and Cytarabine,treatment,current_regimen,treatment_current_regimen_Idarubicin and Cytarabine
"Etoposide, Cytarabine",treatment,current_regimen,"treatment_current_regimen_Etoposide, Cytarabine"
Lenalidomide,treatment,current_regimen,treatment_current_regimen_Lenalidomide
"Fludarabine, Cyclophosphamide, TBI, Rituximab",treatment,current_regimen,"treatment_current_regimen_Fludarabine, Cyclophosphamide, TBI, Rituximab"
"Vidaza, BI836858 (anti-CD33)",treatment,current_regimen,"treatment_current_regimen_Vidaza, BI836858 (anti-CD33)"
"ATRA, Arsenic Trioxide, Idarubicin",treatment,current_regimen,"treatment_current_regimen_ATRA, Arsenic Trioxide, Idarubicin"
Enasidenib,treatment,current_regimen,treatment_current_regimen_Enasidenib
"Decitabine, Venetoclax",treatment,current_regimen,"treatment_current_regimen_Decitabine, Venetoclax"
HIDAC + Sorafenib,treatment,current_regimen,treatment_current_regimen_HIDAC + Sorafenib
Velcade,treatment,current_regimen,treatment_current_regimen_Velcade
"Decitabine, MGB453",treatment,current_regimen,"treatment_current_regimen_Decitabine, MGB453"
"Azacitidine, Trametinib",treatment,current_regimen,"treatment_current_regimen_Azacitidine, Trametinib"
"3+4 (Cytarabine, Idarubicin)",treatment,current_regimen,"treatment_current_regimen_3+4 (Cytarabine, Idarubicin)"
SY-1425 (Tamibarotene) plus Daratumumab,treatment,current_regimen,treatment_current_regimen_SY-1425 (Tamibarotene) plus Daratumumab
Entospletinib,treatment,current_regimen,treatment_current_regimen_Entospletinib
"Azacitidine, BI 836858 (anti-CD33)",treatment,current_regimen,"treatment_current_regimen_Azacitidine, BI 836858 (anti-CD33)"
"Decitabine, Sorafenib",treatment,current_regimen,"treatment_current_regimen_Decitabine, Sorafenib"
Gemtuzumab,treatment,current_regimen,treatment_current_regimen_Gemtuzumab
"Entospletinib, Azacitidine",treatment,current_regimen,"treatment_current_regimen_Entospletinib, Azacitidine"
"7+3 (Cytarabine, Daunorubicin) plus Gemtuzumab Ozogamicin plus Midostaurin",treatment,current_regimen,"treatment_current_regimen_7+3 (Cytarabine, Daunorubicin) plus Gemtuzumab Ozogamicin plus Midostaurin"
BP1001 plus LDAC,treatment,current_regimen,treatment_current_regimen_BP1001 plus LDAC
"Vyxeos (Daunorubicin, Cytarabine - liposomal)",treatment,current_regimen,"treatment_current_regimen_Vyxeos (Daunorubicin, Cytarabine - liposomal)"
Methotrexate,treatment,current_regimen,treatment_current_regimen_Methotrexate
"Cytarabine, Midostaurin",treatment,current_regimen,"treatment_current_regimen_Cytarabine, Midostaurin"
"7+3 (Cytarabine, Idarubicin) plus Gemtuzumab Ozogamicin",treatment,current_regimen,"treatment_current_regimen_7+3 (Cytarabine, Idarubicin) plus Gemtuzumab Ozogamicin"
Gilteritinib or Placebo,treatment,current_regimen,treatment_current_regimen_Gilteritinib or Placebo
"MEC (Cytarabine, Etoposide, Mitoxantrone) plus Midostaurin",treatment,current_regimen,"treatment_current_regimen_MEC (Cytarabine, Etoposide, Mitoxantrone) plus Midostaurin"
"Ruxolitinib, Venetoclax",treatment,current_regimen,"treatment_current_regimen_Ruxolitinib, Venetoclax"
Ivosidenib,treatment,current_regimen,treatment_current_regimen_Ivosidenib
PIM kinase inhibitor,treatment,current_regimen,treatment_current_regimen_PIM kinase inhibitor
"Ruxolitinib, Vyxeos (Daunorubicin, Cytarabine - liposomal)",treatment,current_regimen,"treatment_current_regimen_Ruxolitinib, Vyxeos (Daunorubicin, Cytarabine - liposomal)"
Gilteritinib (ASP2215),treatment,current_regimen,treatment_current_regimen_Gilteritinib (ASP2215)
"7+3 (Cytarabine, Idarubicin) plus Midostaurin",treatment,current_regimen,"treatment_current_regimen_7+3 (Cytarabine, Idarubicin) plus Midostaurin"
Experimental,treatment,current_stage,treatment_current_stage_Experimental
Salvage,treatment,current_stage,treatment_current_stage_Salvage
Supportive/Palliative Care,treatment,current_stage,treatment_current_stage_Supportive/Palliative Care
Re-induction,treatment,current_stage,treatment_current_stage_Re-induction
Allogeneic - Sibling,treatment,current_stage,treatment_current_stage_Allogeneic - Sibling
Allogeneic - Matched Unrelated Donor,treatment,current_stage,treatment_current_stage_Allogeneic - Matched Unrelated Donor
Unknown,treatment,current_stage,treatment_current_stage_Unknown
Consolidation,treatment,current_stage,treatment_current_stage_Consolidation
NONE,treatment,current_stage,treatment_current_stage_NONE
Induction,treatment,current_stage,treatment_current_stage_Induction
Symptom Control,treatment,current_stage,treatment_current_stage_Symptom Control
Maintenance,treatment,current_stage,treatment_current_stage_Maintenance
Hypomethylating/Low Dose Cytarabine,treatment,current_stage,treatment_current_stage_Hypomethylating/Low Dose Cytarabine
Intensification,treatment,current_stage,treatment_current_stage_Intensification
Allogeneic - Mismatched Unrelated Donor,treatment,current_stage,treatment_current_stage_Allogeneic - Mismatched Unrelated Donor
Post-Transplant Relapse,treatment,current_stage,treatment_current_stage_Post-Transplant Relapse
Allogeneic - Child,treatment,current_stage,treatment_current_stage_Allogeneic - Child
Double Umbilical Cord Blood Transplant (DUCBT),treatment,current_stage,treatment_current_stage_Double Umbilical Cord Blood Transplant (DUCBT)
CNS,treatment,current_stage,treatment_current_stage_CNS
Haploidentical - Parent,treatment,current_stage,treatment_current_stage_Haploidentical - Parent
Dead,clinical_outcome,vital_status,clinical_outcome_vital_status_Dead
Unknown,clinical_outcome,vital_status,clinical_outcome_vital_status_Unknown
Alive,clinical_outcome,vital_status,clinical_outcome_vital_status_Alive
Dead-Disease,clinical_outcome,cause_of_death,clinical_outcome_cause_of_death_Dead-Disease
Dead-Unknown,clinical_outcome,cause_of_death,clinical_outcome_cause_of_death_Dead-Unknown
Dead-Treatment,clinical_outcome,cause_of_death,clinical_outcome_cause_of_death_Dead-Treatment
Alive,clinical_outcome,cause_of_death,clinical_outcome_cause_of_death_Alive
Dead-Other,clinical_outcome,cause_of_death,clinical_outcome_cause_of_death_Dead-Other
bi,labreports,cebpa_biallelic,labreports_cebpa_biallelic_bi
mono,labreports,cebpa_biallelic,labreports_cebpa_biallelic_mono
M1,labreports,fab_blast_morphology,labreports_fab_blast_morphology_M1
M4,labreports,fab_blast_morphology,labreports_fab_blast_morphology_M4
M2,labreports,fab_blast_morphology,labreports_fab_blast_morphology_M2
NOS,labreports,fab_blast_morphology,labreports_fab_blast_morphology_NOS
M0,labreports,fab_blast_morphology,labreports_fab_blast_morphology_M0
M5,labreports,fab_blast_morphology,labreports_fab_blast_morphology_M5
M3,labreports,fab_blast_morphology,labreports_fab_blast_morphology_M3
M6,labreports,fab_blast_morphology,labreports_fab_blast_morphology_M6
M7,labreports,fab_blast_morphology,labreports_fab_blast_morphology_M7
M4eo,labreports,fab_blast_morphology,labreports_fab_blast_morphology_M4eo
M5a,labreports,fab_blast_morphology,labreports_fab_blast_morphology_M5a
M6b,labreports,fab_blast_morphology,labreports_fab_blast_morphology_M6b
M0/M1,labreports,fab_blast_morphology,labreports_fab_blast_morphology_M0/M1
M6a,labreports,fab_blast_morphology,labreports_fab_blast_morphology_M6a
M5b,labreports,fab_blast_morphology,labreports_fab_blast_morphology_M5b
"CD7, CD13, CD33, partial CD34, dim CD45, CD117, CD123, HLA-DR and MPO positive",labreports,surface_antigens_immunohistochemical_stains,"labreports_surface_antigens_immunohistochemical_stains_CD7, CD13, CD33, partial CD34, dim CD45, CD117, CD123, HLA-DR and MPO positive"
"partial CD7, variable CD13, CD33, partial CD34,CD38, CD58, CD117, CD123, and partial HLA-DR positive",labreports,surface_antigens_immunohistochemical_stains,"labreports_surface_antigens_immunohistochemical_stains_partial CD7, variable CD13, CD33, partial CD34,CD38, CD58, CD117, CD123, and partial HLA-DR positive"
"partial CD7, CD13, CD33, CD38, dim CD45, dimCD58, CD117, CD123, and HLA-DR",labreports,surface_antigens_immunohistochemical_stains,"labreports_surface_antigens_immunohistochemical_stains_partial CD7, CD13, CD33, CD38, dim CD45, dimCD58, CD117, CD123, and HLA-DR"
"CD13, CD33, dimCD45, CD56, partial CD117, MPO/positive",labreports,surface_antigens_immunohistochemical_stains,"labreports_surface_antigens_immunohistochemical_stains_CD13, CD33, dimCD45, CD56, partial CD117, MPO/positive"
"CD13, CD33, CD38, CD56, CD117, and MPO positive",labreports,surface_antigens_immunohistochemical_stains,"labreports_surface_antigens_immunohistochemical_stains_CD13, CD33, CD38, CD56, CD117, and MPO positive"
"CD13, CD33, CD34, CD38, CD117,CD123, dim HLA-DR, partial MPO",labreports,surface_antigens_immunohistochemical_stains,"labreports_surface_antigens_immunohistochemical_stains_CD13, CD33, CD34, CD38, CD117,CD123, dim HLA-DR, partial MPO"
"CD2, dim CD4, partial CD7, partial/dim CD64, CD13, partial CD22, dim CD33, partial CD34, CD117, CD123, HLA-DR, partial cCD79, partial TdT, partial PAX/5 and partial MPO positive",labreports,surface_antigens_immunohistochemical_stains,"labreports_surface_antigens_immunohistochemical_stains_CD2, dim CD4, partial CD7, partial/dim CD64, CD13, partial CD22, dim CD33, partial CD34, CD117, CD123, HLA-DR, partial cCD79, partial TdT, partial PAX/5 and partial MPO positive"
"CD11b, CD13, CD33, dim CD56, CD64, CD117, and dim MPO positive, CD34 negative, HLA-DR negative",labreports,surface_antigens_immunohistochemical_stains,"labreports_surface_antigens_immunohistochemical_stains_CD11b, CD13, CD33, dim CD56, CD64, CD117, and dim MPO positive, CD34 negative, HLA-DR negative"
"CD13, dim CD33, CD56, and CD117 positive",labreports,surface_antigens_immunohistochemical_stains,"labreports_surface_antigens_immunohistochemical_stains_CD13, dim CD33, CD56, and CD117 positive"
"dim CD4, partial CD7, CD13, CD33, CD34, dim CD45, dim CD56, variable CD64, CD117, CD123, HLA-DR and MPO positive",labreports,surface_antigens_immunohistochemical_stains,"labreports_surface_antigens_immunohistochemical_stains_dim CD4, partial CD7, CD13, CD33, CD34, dim CD45, dim CD56, variable CD64, CD117, CD123, HLA-DR and MPO positive"
"CD7, CD13, CD33, CD34, CD117, CD123, HLA-DR, and MPO-positive",labreports,surface_antigens_immunohistochemical_stains,"labreports_surface_antigens_immunohistochemical_stains_CD7, CD13, CD33, CD34, CD117, CD123, HLA-DR, and MPO-positive"
"CD7, CD13, CD33, CD34, CD117, CD123 and HLA-DR positive",labreports,surface_antigens_immunohistochemical_stains,"labreports_surface_antigens_immunohistochemical_stains_CD7, CD13, CD33, CD34, CD117, CD123 and HLA-DR positive"
"Blast immunophenotype: dim CD4, variable CD11b, CD13, CD33, partial CD34, dim CD45, variable CD64, partial CD117, CD123, HLA-DR and MPO positive; Promonocyte immunophenotype: dim CD4, CD11b, CD13, CD33, CD45, bright CD64, CD123, HLA-DR, and dim MPO positive",labreports,surface_antigens_immunohistochemical_stains,"labreports_surface_antigens_immunohistochemical_stains_Blast immunophenotype: dim CD4, variable CD11b, CD13, CD33, partial CD34, dim CD45, variable CD64, partial CD117, CD123, HLA-DR and MPO positive; Promonocyte immunophenotype: dim CD4, CD11b, CD13, CD33, CD45, bright CD64, CD123, HLA-DR, and dim MPO positive"
"CD13, CD33, partial CD34, CD38, CD117 and CD123",labreports,surface_antigens_immunohistochemical_stains,"labreports_surface_antigens_immunohistochemical_stains_CD13, CD33, partial CD34, CD38, CD117 and CD123"
"partial CD7, CD13, CD33, partial CD34, partial dim CD64, CD117, and CD123 positive",labreports,surface_antigens_immunohistochemical_stains,"labreports_surface_antigens_immunohistochemical_stains_partial CD7, CD13, CD33, partial CD34, partial dim CD64, CD117, and CD123 positive"
"partial CD7, CD13, CD33, partial CD34, CD58, CD64, CD117, and CD123 positive",labreports,surface_antigens_immunohistochemical_stains,"labreports_surface_antigens_immunohistochemical_stains_partial CD7, CD13, CD33, partial CD34, CD58, CD64, CD117, and CD123 positive"
"CD7, CD13, CD33, CD34, CD117, CD123, and HLA-DR-positive",labreports,surface_antigens_immunohistochemical_stains,"labreports_surface_antigens_immunohistochemical_stains_CD7, CD13, CD33, CD34, CD117, CD123, and HLA-DR-positive"
"partial CD7, CD11b, CD13, CD33, CD34, partial CD64, partial CD117, CD123, HLA-DR, and TdT-positive.",labreports,surface_antigens_immunohistochemical_stains,"labreports_surface_antigens_immunohistochemical_stains_partial CD7, CD11b, CD13, CD33, CD34, partial CD64, partial CD117, CD123, HLA-DR, and TdT-positive."
"partial CD7, dim CD11b, dim CD13, CD22, dim CD33, bright CD34, CD38, dim CD45, partial CD117, CD123, HLA-DR, and TdT positive",labreports,surface_antigens_immunohistochemical_stains,"labreports_surface_antigens_immunohistochemical_stains_partial CD7, dim CD11b, dim CD13, CD22, dim CD33, bright CD34, CD38, dim CD45, partial CD117, CD123, HLA-DR, and TdT positive"
"CD34, CD38, CD58, CD117, dimCD123, HLA-DR, TDT",labreports,surface_antigens_immunohistochemical_stains,"labreports_surface_antigens_immunohistochemical_stains_CD34, CD38, CD58, CD117, dimCD123, HLA-DR, TDT"
"CD7, CD11b, CD13, CD33, variable CD34, dim CD64, CD117, CD123, HLA-DR and MPO positive",labreports,surface_antigens_immunohistochemical_stains,"labreports_surface_antigens_immunohistochemical_stains_CD7, CD11b, CD13, CD33, variable CD34, dim CD64, CD117, CD123, HLA-DR and MPO positive"
"CD7, CD13, CD33, partial CD34, CD38, dim CD45, CD58, CD71, CD117, CD123, and HLA-DR-positive",labreports,surface_antigens_immunohistochemical_stains,"labreports_surface_antigens_immunohistochemical_stains_CD7, CD13, CD33, partial CD34, CD38, dim CD45, CD58, CD71, CD117, CD123, and HLA-DR-positive"
"CD13, CD33, CD34, CD38, CD58, dim CD64, dim CD117, TdT and partial MPO",labreports,surface_antigens_immunohistochemical_stains,"labreports_surface_antigens_immunohistochemical_stains_CD13, CD33, CD34, CD38, CD58, dim CD64, dim CD117, TdT and partial MPO"
"Blast Immunphenotype: CD13, CD33, CD34, CD38, dim CD45, CD117, CD123, and HLA-DR positive; Promonocyte Immunophenotype: CD11b, CD13, CD14, CD33, CD64, and HLA-DR",labreports,surface_antigens_immunohistochemical_stains,"labreports_surface_antigens_immunohistochemical_stains_Blast Immunphenotype: CD13, CD33, CD34, CD38, dim CD45, CD117, CD123, and HLA-DR positive; Promonocyte Immunophenotype: CD11b, CD13, CD14, CD33, CD64, and HLA-DR"
"CD13, CD33, partial CD56, CD58, CD64, dim CD117, CD123and partial/dim cMPO positive",labreports,surface_antigens_immunohistochemical_stains,"labreports_surface_antigens_immunohistochemical_stains_CD13, CD33, partial CD56, CD58, CD64, dim CD117, CD123and partial/dim cMPO positive"
"CD11b, CD13, CD14, CD15, variable CD16, dim CD33, CD58, bright CD64, HLA-DR positive",labreports,surface_antigens_immunohistochemical_stains,"labreports_surface_antigens_immunohistochemical_stains_CD11b, CD13, CD14, CD15, variable CD16, dim CD33, CD58, bright CD64, HLA-DR positive"
"CD13, CD33, CD34, CD38, CD117, and dim HLA-DR positive",labreports,surface_antigens_immunohistochemical_stains,"labreports_surface_antigens_immunohistochemical_stains_CD13, CD33, CD34, CD38, CD117, and dim HLA-DR positive"
"partial CD7, CD13, CD25, CD33, partial CD34, dim CD45, CD117, CD123, and partial HLA-DR positive",labreports,surface_antigens_immunohistochemical_stains,"labreports_surface_antigens_immunohistochemical_stains_partial CD7, CD13, CD25, CD33, partial CD34, dim CD45, CD117, CD123, and partial HLA-DR positive"
"CD13, CD34, CD38, CD117, CD123, HLA-DR",labreports,surface_antigens_immunohistochemical_stains,"labreports_surface_antigens_immunohistochemical_stains_CD13, CD34, CD38, CD117, CD123, HLA-DR"
"dim/partial CD7, CD13, CD34, CD38, CD58, CD117, CD123,and HLA-DR positive",labreports,surface_antigens_immunohistochemical_stains,"labreports_surface_antigens_immunohistochemical_stains_dim/partial CD7, CD13, CD34, CD38, CD58, CD117, CD123,and HLA-DR positive"
"dim/partial CD7, CD13, CD33, CD34, variable CD38, CD58,variable CD117, CD123, and HLA-DR positive",labreports,surface_antigens_immunohistochemical_stains,"labreports_surface_antigens_immunohistochemical_stains_dim/partial CD7, CD13, CD33, CD34, variable CD38, CD58,variable CD117, CD123, and HLA-DR positive"
"CD13, CD33, CD38, CD58, dim CD64, CD117, and CD123",labreports,surface_antigens_immunohistochemical_stains,"labreports_surface_antigens_immunohistochemical_stains_CD13, CD33, CD38, CD58, dim CD64, CD117, and CD123"
"partial CD7, CD13, CD33, CD117, CD123, dim HLA-DR, and MPO positive",labreports,surface_antigens_immunohistochemical_stains,"labreports_surface_antigens_immunohistochemical_stains_partial CD7, CD13, CD33, CD117, CD123, dim HLA-DR, and MPO positive"
"dim CD4, CD13, dim CD15, dim CD33, CD38, CD58,CD64, CD117, CD123, dim HLA-DR, and cMPO",labreports,surface_antigens_immunohistochemical_stains,"labreports_surface_antigens_immunohistochemical_stains_dim CD4, CD13, dim CD15, dim CD33, CD38, CD58,CD64, CD117, CD123, dim HLA-DR, and cMPO"
"Blast phenotype:  CD13, partial CD33, CD34, CD38, CD58, CD123, HLA-DR and TdT-positive; Monocytic phenotype:  CD11b, CD14, CD33, CD38, CD58, CD64 and HLA-DR-positive",labreports,surface_antigens_immunohistochemical_stains,"labreports_surface_antigens_immunohistochemical_stains_Blast phenotype:  CD13, partial CD33, CD34, CD38, CD58, CD123, HLA-DR and TdT-positive; Monocytic phenotype:  CD11b, CD14, CD33, CD38, CD58, CD64 and HLA-DR-positive"
"CD13, CD33, CD34, CD56, CD117, dim CD123, HLA-DR, partial TdT positive",labreports,surface_antigens_immunohistochemical_stains,"labreports_surface_antigens_immunohistochemical_stains_CD13, CD33, CD34, CD56, CD117, dim CD123, HLA-DR, partial TdT positive"
"CD13, CD33, CD34, CD117, dim CD123, HLA-DR,partial MPO (+)",labreports,surface_antigens_immunohistochemical_stains,"labreports_surface_antigens_immunohistochemical_stains_CD13, CD33, CD34, CD117, dim CD123, HLA-DR,partial MPO (+)"
"dim CD33, CD38, CD58, CD117, dim CD123, and MPO positive",labreports,surface_antigens_immunohistochemical_stains,"labreports_surface_antigens_immunohistochemical_stains_dim CD33, CD38, CD58, CD117, dim CD123, and MPO positive"
"CD13, CD33, partial CD34, CD64, CD117, CD123, and MPO-positive",labreports,surface_antigens_immunohistochemical_stains,"labreports_surface_antigens_immunohistochemical_stains_CD13, CD33, partial CD34, CD64, CD117, CD123, and MPO-positive"
"CD2 , CD7 , CD13 , CD34 , dim CD45 , CD117 , HLA-DR , TdT positive",labreports,surface_antigens_immunohistochemical_stains,"labreports_surface_antigens_immunohistochemical_stains_CD2 , CD7 , CD13 , CD34 , dim CD45 , CD117 , HLA-DR , TdT positive"
"CD11b, dim CD13, dim CD14, CD33, CD34, dim CD38, partialCD56, CD58, partial CD64, CD117, CD123, dim HLA-DR, and MPO",labreports,surface_antigens_immunohistochemical_stains,"labreports_surface_antigens_immunohistochemical_stains_CD11b, dim CD13, dim CD14, CD33, CD34, dim CD38, partialCD56, CD58, partial CD64, CD117, CD123, dim HLA-DR, and MPO"
"CD2(-), CD4(dim +), CD7(-), CD11b(partial +), CD13(partial +), CD14(partial +), CD15(variably and slightly bright +), CD16 (-), CD33(variably bright +), CD34(-), CD36(partial +), CD38(variably +), CD45(variably +), CD56(+), CD64(partial +), CD117(-), HLA-DR(partial dim +), MPO(+), TdT(-). (92% population of medium-sized to large cells)",labreports,surface_antigens_immunohistochemical_stains,"labreports_surface_antigens_immunohistochemical_stains_CD2(-), CD4(dim +), CD7(-), CD11b(partial +), CD13(partial +), CD14(partial +), CD15(variably and slightly bright +), CD16 (-), CD33(variably bright +), CD34(-), CD36(partial +), CD38(variably +), CD45(variably +), CD56(+), CD64(partial +), CD117(-), HLA-DR(partial dim +), MPO(+), TdT(-). (92% population of medium-sized to large cells)"
"CD13, CD33, CD34, CD38, CD58, CD117, and MPO",labreports,surface_antigens_immunohistochemical_stains,"labreports_surface_antigens_immunohistochemical_stains_CD13, CD33, CD34, CD38, CD58, CD117, and MPO"
"CD2(-), CD4(-), CD7(+), CD11b(partial dim +), CD13(+), CD14(-), CD15(-), CD16(-), CD33 (variably +), CD34(+), CD36(-), CD38(variably +), CD45(moderate to slightly dim +), CD56(-), CD64(partial +), CD117 (variably +), HLA-DR(partial +), MPO(-), and TdT(-). (Immunophenotypic analysis reveals a 50% population of medium-sized to large cells)",labreports,surface_antigens_immunohistochemical_stains,"labreports_surface_antigens_immunohistochemical_stains_CD2(-), CD4(-), CD7(+), CD11b(partial dim +), CD13(+), CD14(-), CD15(-), CD16(-), CD33 (variably +), CD34(+), CD36(-), CD38(variably +), CD45(moderate to slightly dim +), CD56(-), CD64(partial +), CD117 (variably +), HLA-DR(partial +), MPO(-), and TdT(-). (Immunophenotypic analysis reveals a 50% population of medium-sized to large cells)"
"CD11b, variable CD13, variable CD14, CD15, variable CD16, CD33, CD38, CD56, CD58, CD64, dim HLA-DR positive",labreports,surface_antigens_immunohistochemical_stains,"labreports_surface_antigens_immunohistochemical_stains_CD11b, variable CD13, variable CD14, CD15, variable CD16, CD33, CD38, CD56, CD58, CD64, dim HLA-DR positive"
"partial CD11b, dim CD13, dim CD19, dim CD33, CD34,variable CD38, CD58, dim CD64, CD117, CD123, HLA-DR, dim MPO, and dim TDT",labreports,surface_antigens_immunohistochemical_stains,"labreports_surface_antigens_immunohistochemical_stains_partial CD11b, dim CD13, dim CD19, dim CD33, CD34,variable CD38, CD58, dim CD64, CD117, CD123, HLA-DR, dim MPO, and dim TDT"
CD34+ myeloblasts (60%) and a small population of monoblasts (5%),labreports,surface_antigens_immunohistochemical_stains,labreports_surface_antigens_immunohistochemical_stains_CD34+ myeloblasts (60%) and a small population of monoblasts (5%)
"CD4(few +), CD7(-), CD11b(-), CD13(-), CD14(-), CD15(partial +), CD16(-), CD34(-), CD36(-), CD38(+), CD45(+), CD56(few +), CD64(-), CD117(partial +), HLA-DR(-), MPO(+) and TdT (+)",labreports,surface_antigens_immunohistochemical_stains,"labreports_surface_antigens_immunohistochemical_stains_CD4(few +), CD7(-), CD11b(-), CD13(-), CD14(-), CD15(partial +), CD16(-), CD34(-), CD36(-), CD38(+), CD45(+), CD56(few +), CD64(-), CD117(partial +), HLA-DR(-), MPO(+) and TdT (+)"
"CD11b, CD13, dimCD14, CD15, dim CD16, CD33, CD56, CD58, CD64, CD123, and HLA-DR positive",labreports,surface_antigens_immunohistochemical_stains,"labreports_surface_antigens_immunohistochemical_stains_CD11b, CD13, dimCD14, CD15, dim CD16, CD33, CD56, CD58, CD64, CD123, and HLA-DR positive"
"CD13, dim CD14, CD33, CD34, CD38, CD58, CD123, CD117, HLA-DR, partial cTdT and cMPO positive",labreports,surface_antigens_immunohistochemical_stains,"labreports_surface_antigens_immunohistochemical_stains_CD13, dim CD14, CD33, CD34, CD38, CD58, CD123, CD117, HLA-DR, partial cTdT and cMPO positive"
"CD13, dim CD33, CD34, CD38, CD58, CD117, HLA-DR, and partial MPO",labreports,surface_antigens_immunohistochemical_stains,"labreports_surface_antigens_immunohistochemical_stains_CD13, dim CD33, CD34, CD38, CD58, CD117, HLA-DR, and partial MPO"
"CD13, CD33, CD34, CD56, CD71, CD117, HLA-DR, MPO-positive",labreports,surface_antigens_immunohistochemical_stains,"labreports_surface_antigens_immunohistochemical_stains_CD13, CD33, CD34, CD56, CD71, CD117, HLA-DR, MPO-positive"
"CD7, CD13, CD33, partial CD34, CD117, CD123, HLA-DR, MPO +",labreports,surface_antigens_immunohistochemical_stains,"labreports_surface_antigens_immunohistochemical_stains_CD7, CD13, CD33, partial CD34, CD117, CD123, HLA-DR, MPO +"
"partial CD7, CD13, CD33, CD34, partial CD56, CD58, HLA-DR, and partial MPO-positive CD117, CD123,",labreports,surface_antigens_immunohistochemical_stains,"labreports_surface_antigens_immunohistochemical_stains_partial CD7, CD13, CD33, CD34, partial CD56, CD58, HLA-DR, and partial MPO-positive CD117, CD123,"
"partial CD7, partial CD11b, CD13, CD33, dim CD45, CD58, partial CD64, partial CD117, CD123, dimHLA-DR, MPO positive",labreports,surface_antigens_immunohistochemical_stains,"labreports_surface_antigens_immunohistochemical_stains_partial CD7, partial CD11b, CD13, CD33, dim CD45, CD58, partial CD64, partial CD117, CD123, dimHLA-DR, MPO positive"
"- 14% Myeloid blasts: CD13, CD34, CD38, CD58, partial CD64, CD117, CD123, HLA-DR, and MPO positive - 30% Monoblasts/promonocytes: CD11b, CD13, CD14, CD38, CD58, bright CD64, HLA-DR, and MPO",labreports,surface_antigens_immunohistochemical_stains,"labreports_surface_antigens_immunohistochemical_stains_- 14% Myeloid blasts: CD13, CD34, CD38, CD58, partial CD64, CD117, CD123, HLA-DR, and MPO positive - 30% Monoblasts/promonocytes: CD11b, CD13, CD14, CD38, CD58, bright CD64, HLA-DR, and MPO"
"increased CD117 positive, partial CD34 positive myeloblasts, representing approximately 91% of the leukocytes, consistent with acute myeloid leukemia",labreports,surface_antigens_immunohistochemical_stains,"labreports_surface_antigens_immunohistochemical_stains_increased CD117 positive, partial CD34 positive myeloblasts, representing approximately 91% of the leukocytes, consistent with acute myeloid leukemia"
"partial CD7, CD13, CD33, CD34, CD38, CD58, CD117, CD123, TdT, and HLA-DR positive",labreports,surface_antigens_immunohistochemical_stains,"labreports_surface_antigens_immunohistochemical_stains_partial CD7, CD13, CD33, CD34, CD38, CD58, CD117, CD123, TdT, and HLA-DR positive"
"positive for CD34, CD117, CD13, CD33, and HLA-DR",labreports,surface_antigens_immunohistochemical_stains,"labreports_surface_antigens_immunohistochemical_stains_positive for CD34, CD117, CD13, CD33, and HLA-DR"
"CD11b, dim/partial CD13, CD14, CD33, CD38, CD58, CD64, partial CD117, dim/partial CD123, and HLA-DR positive",labreports,surface_antigens_immunohistochemical_stains,"labreports_surface_antigens_immunohistochemical_stains_CD11b, dim/partial CD13, CD14, CD33, CD38, CD58, CD64, partial CD117, dim/partial CD123, and HLA-DR positive"
"CD11b, CD13, CD33, CD38, CD58, CD64, dim CD117, CD123, MPO+",labreports,surface_antigens_immunohistochemical_stains,"labreports_surface_antigens_immunohistochemical_stains_CD11b, CD13, CD33, CD38, CD58, CD64, dim CD117, CD123, MPO+"
"atypical monocytic cells expressing weaker than normal CD13 and CD33, with increased promonocytes/monoblasts representing approximately 44% of the leukocytes, (and increased atypical CD117 positive, CD34 negative myeloblasts showing weak expression of aberrant CD7 and representing approximately 14% of the leukocytes)",labreports,surface_antigens_immunohistochemical_stains,"labreports_surface_antigens_immunohistochemical_stains_atypical monocytic cells expressing weaker than normal CD13 and CD33, with increased promonocytes/monoblasts representing approximately 44% of the leukocytes, (and increased atypical CD117 positive, CD34 negative myeloblasts showing weak expression of aberrant CD7 and representing approximately 14% of the leukocytes)"
"partial CD2, CD13, CD33, partial CD34, CD117, CD123, MPO-positive",labreports,surface_antigens_immunohistochemical_stains,"labreports_surface_antigens_immunohistochemical_stains_partial CD2, CD13, CD33, partial CD34, CD117, CD123, MPO-positive"
"CD2(-), CD7(partial and variably +), CD13(+), CD14(-), CD15(-), CD33(bright +), CD34(+), CD36(variably +), CD38(bright +), CD45(+), CD64(-), CD117(variably +), HLA-DR(partial +).",labreports,surface_antigens_immunohistochemical_stains,"labreports_surface_antigens_immunohistochemical_stains_CD2(-), CD7(partial and variably +), CD13(+), CD14(-), CD15(-), CD33(bright +), CD34(+), CD36(variably +), CD38(bright +), CD45(+), CD64(-), CD117(variably +), HLA-DR(partial +)."
"CD13, dim CD33, CD34, CD38, CD58, dim/partial CD64, CD117, dim CD123, HLA-DR, and MPO",labreports,surface_antigens_immunohistochemical_stains,"labreports_surface_antigens_immunohistochemical_stains_CD13, dim CD33, CD34, CD38, CD58, dim/partial CD64, CD117, dim CD123, HLA-DR, and MPO"
"CD2(-), CD4(partial dim +), CD7(partial +), CD11b(-), CD13(+), CD14(-), CD15(-), CD16(-), CD33(partial +), CD34(+), CD36 (-), CD38(variably +), CD45(moderately +), CD56(-), CD64(-), CD117(+), HLA-DR(-) MPO(-), and TdT(-)",labreports,surface_antigens_immunohistochemical_stains,"labreports_surface_antigens_immunohistochemical_stains_CD2(-), CD4(partial dim +), CD7(partial +), CD11b(-), CD13(+), CD14(-), CD15(-), CD16(-), CD33(partial +), CD34(+), CD36 (-), CD38(variably +), CD45(moderately +), CD56(-), CD64(-), CD117(+), HLA-DR(-) MPO(-), and TdT(-)"
"partial CD7 ,dim/partial CD10 , CD13 , CD33 , CD34 , CD38 , CD56 , CD64 , dim CD123 , HLA-DR , and MPO positive",labreports,surface_antigens_immunohistochemical_stains,"labreports_surface_antigens_immunohistochemical_stains_partial CD7 ,dim/partial CD10 , CD13 , CD33 , CD34 , CD38 , CD56 , CD64 , dim CD123 , HLA-DR , and MPO positive"
"Myeloid blast immunophenotype: CD13, dim CD33, CD34, CD38, CD58, CD117, HLA-DR and MPO positive | Promonocyte immunophenotype: CD11b, CD13, CD14, CD33, CD38, CD56, CD58, CD64 and HLA-DR positive",labreports,surface_antigens_immunohistochemical_stains,"labreports_surface_antigens_immunohistochemical_stains_Myeloid blast immunophenotype: CD13, dim CD33, CD34, CD38, CD58, CD117, HLA-DR and MPO positive | Promonocyte immunophenotype: CD11b, CD13, CD14, CD33, CD38, CD56, CD58, CD64 and HLA-DR positive"
"CD13, dim CD33, CD34, partal CD117, dim CD123, HLA-DR, MPO, and partial dim TdT",labreports,surface_antigens_immunohistochemical_stains,"labreports_surface_antigens_immunohistochemical_stains_CD13, dim CD33, CD34, partal CD117, dim CD123, HLA-DR, MPO, and partial dim TdT"
"dim CD7, CD13, CD33, CD34, CD38, partial CD56,CD58, CD117, CD123, dim HLA-DR, and MPO",labreports,surface_antigens_immunohistochemical_stains,"labreports_surface_antigens_immunohistochemical_stains_dim CD7, CD13, CD33, CD34, CD38, partial CD56,CD58, CD117, CD123, dim HLA-DR, and MPO"
"CD7, CD13, CD33, CD58, partial CD61, CD71, and Factor 8 positive",labreports,surface_antigens_immunohistochemical_stains,"labreports_surface_antigens_immunohistochemical_stains_CD7, CD13, CD33, CD58, partial CD61, CD71, and Factor 8 positive"
"CD13, CD33, CD34, dim CD45, partial CD56, CD58, dim CD117, HLA-DR, MPO, and partial TdT-positive",labreports,surface_antigens_immunohistochemical_stains,"labreports_surface_antigens_immunohistochemical_stains_CD13, CD33, CD34, dim CD45, partial CD56, CD58, dim CD117, HLA-DR, MPO, and partial TdT-positive"
"CD7(partial +), CD15(partial +), CD33(bright +), CD34(partial +), CD45(+), and CD117(variably +). (80% population of variably-sized cells)",labreports,surface_antigens_immunohistochemical_stains,"labreports_surface_antigens_immunohistochemical_stains_CD7(partial +), CD15(partial +), CD33(bright +), CD34(partial +), CD45(+), and CD117(variably +). (80% population of variably-sized cells)"
"CD13, CD33, CD34, CD117, dim CD123, and HLA-DR-positive",labreports,surface_antigens_immunohistochemical_stains,"labreports_surface_antigens_immunohistochemical_stains_CD13, CD33, CD34, CD117, dim CD123, and HLA-DR-positive"
"Blast phenotype: CD13, CD33, CD34, CD38, CD58, dim CD123, HLA-DR-positive - Monocytic phenotype: CD11b, CD13, CD14, CD33, CD58, CD64, HLA-DR-positive",labreports,surface_antigens_immunohistochemical_stains,"labreports_surface_antigens_immunohistochemical_stains_Blast phenotype: CD13, CD33, CD34, CD38, CD58, dim CD123, HLA-DR-positive - Monocytic phenotype: CD11b, CD13, CD14, CD33, CD58, CD64, HLA-DR-positive"
"dim/partial CD7, variable CD13, CD33, dim/partial CD64, CD117, CD123, HLA-DR and cMPO positive",labreports,surface_antigens_immunohistochemical_stains,"labreports_surface_antigens_immunohistochemical_stains_dim/partial CD7, variable CD13, CD33, dim/partial CD64, CD117, CD123, HLA-DR and cMPO positive"
"CD34, CD4(dim), CD7, CD11c(dim), CD13, CD33(dim),CD38, CD117, and HLA-DR",labreports,surface_antigens_immunohistochemical_stains,"labreports_surface_antigens_immunohistochemical_stains_CD34, CD4(dim), CD7, CD11c(dim), CD13, CD33(dim),CD38, CD117, and HLA-DR"
"CD117,HLA-DR, CD13 and CD33. Blasts also show partial expression of CD34, CD7, CD11c, CD38, CD15, dim CD64, and dim CD4",labreports,surface_antigens_immunohistochemical_stains,"labreports_surface_antigens_immunohistochemical_stains_CD117,HLA-DR, CD13 and CD33. Blasts also show partial expression of CD34, CD7, CD11c, CD38, CD15, dim CD64, and dim CD4"
"CD2(partial +), CD4(-), CD7(-), CD11b(-), CD13(+), CD14(-), CD15(-), CD16(-), CD33(bright +), CD34(-), CD36(-), CD38(variable +), CD45(moderately +), CD56(-), CD64(+), CD117(+), HLA-DR(-), MPO(+), TdT(-) (Labs conducted twice on day of specimen collection. This is result 1 of 2 on 8/6/2013.) | CD2(partial +), CD4(-), CD7(-), CD11b(-), CD13(+), CD14(-), CD15(partial +), CD16(-), CD33(bright +), CD34(-), CD36(-), CD38(variably +), CD45 (variably +), CD56(-), CD64(+), CD117(+), HLA-DR(-) (Labs conducted twice on day of specimen collection. This is result 2 of 2 on 8/6/2013.)",labreports,surface_antigens_immunohistochemical_stains,"labreports_surface_antigens_immunohistochemical_stains_CD2(partial +), CD4(-), CD7(-), CD11b(-), CD13(+), CD14(-), CD15(-), CD16(-), CD33(bright +), CD34(-), CD36(-), CD38(variable +), CD45(moderately +), CD56(-), CD64(+), CD117(+), HLA-DR(-), MPO(+), TdT(-) (Labs conducted twice on day of specimen collection. This is result 1 of 2 on 8/6/2013.) | CD2(partial +), CD4(-), CD7(-), CD11b(-), CD13(+), CD14(-), CD15(partial +), CD16(-), CD33(bright +), CD34(-), CD36(-), CD38(variably +), CD45 (variably +), CD56(-), CD64(+), CD117(+), HLA-DR(-) (Labs conducted twice on day of specimen collection. This is result 2 of 2 on 8/6/2013.)"
"CD45, DIM CD64, DIM CD13, DIM CD33, CD15, CD38, MPO, CD11C, DIM CD4, DIM PARTIAL CD19, CD117, AND HLA-DR",labreports,surface_antigens_immunohistochemical_stains,"labreports_surface_antigens_immunohistochemical_stains_CD45, DIM CD64, DIM CD13, DIM CD33, CD15, CD38, MPO, CD11C, DIM CD4, DIM PARTIAL CD19, CD117, AND HLA-DR"
"Positive (ABNORMAL CD34+ BLAST POPULATION, 11%, EXPRESSING CD117, CD15,CD13, CD33 (DIM), AND HLA-DR, WITH ABERRANT EXPRESSION OF CD19(DIM-PARTIAL) AND CD22 (DIM-PARTIAL)ABNORMAL MONOCYTIC POPULATION EXPRESSING CD64, CD14, CD34(DIM), CD2 (DIM), CD7 (DIM), AND CD8 (DIM-PARTIAL))",labreports,surface_antigens_immunohistochemical_stains,"labreports_surface_antigens_immunohistochemical_stains_Positive (ABNORMAL CD34+ BLAST POPULATION, 11%, EXPRESSING CD117, CD15,CD13, CD33 (DIM), AND HLA-DR, WITH ABERRANT EXPRESSION OF CD19(DIM-PARTIAL) AND CD22 (DIM-PARTIAL)ABNORMAL MONOCYTIC POPULATION EXPRESSING CD64, CD14, CD34(DIM), CD2 (DIM), CD7 (DIM), AND CD8 (DIM-PARTIAL))"
"CD34, CD117, CD38, MPO, CD11c (dim),CD13, CD33, CD15, and HLA-DR,CD7 and CD56 (partial)",labreports,surface_antigens_immunohistochemical_stains,"labreports_surface_antigens_immunohistochemical_stains_CD34, CD117, CD38, MPO, CD11c (dim),CD13, CD33, CD15, and HLA-DR,CD7 and CD56 (partial)"
"CD11b, CD13, CD14, CD33, CD64, CD56, CD123 and HLA-DR positive",labreports,surface_antigens_immunohistochemical_stains,"labreports_surface_antigens_immunohistochemical_stains_CD11b, CD13, CD14, CD33, CD64, CD56, CD123 and HLA-DR positive"
"dim/partial CD13, CD33, CD38, CD56, CD58, CD64, partialCD117, CD123 and HLA-DR positive",labreports,surface_antigens_immunohistochemical_stains,"labreports_surface_antigens_immunohistochemical_stains_dim/partial CD13, CD33, CD38, CD56, CD58, CD64, partialCD117, CD123 and HLA-DR positive"
"CD2(dim +), CD7(-), CD13(partial dim +), CD14(-), CD15(partial +), CD33(+), CD34(+), CD38(partial +), CD45(moderately +), CD117(partial +), HLA-DR(variably +)",labreports,surface_antigens_immunohistochemical_stains,"labreports_surface_antigens_immunohistochemical_stains_CD2(dim +), CD7(-), CD13(partial dim +), CD14(-), CD15(partial +), CD33(+), CD34(+), CD38(partial +), CD45(moderately +), CD117(partial +), HLA-DR(variably +)"
""" CD4(subset), CD11c(partial), CD13(partial), CD14(partial), CD15(partial), CD33(subset), CD34(subset), CD38, CD64(subset), CD117(subset), HLA-DR and MPO""",labreports,surface_antigens_immunohistochemical_stains,"labreports_surface_antigens_immunohistochemical_stains_"" CD4(subset), CD11c(partial), CD13(partial), CD14(partial), CD15(partial), CD33(subset), CD34(subset), CD38, CD64(subset), CD117(subset), HLA-DR and MPO"""
"CD34, CD117, CD38, DIM CD13, CD33, HLA-DR, AND PARTIAL CD7",labreports,surface_antigens_immunohistochemical_stains,"labreports_surface_antigens_immunohistochemical_stains_CD34, CD117, CD38, DIM CD13, CD33, HLA-DR, AND PARTIAL CD7"
"partialCD4, partialCD15, dimCD33, CD34, CD38, dimCD45, CD117, HLA-DR, TdT, MPO",labreports,surface_antigens_immunohistochemical_stains,"labreports_surface_antigens_immunohistochemical_stains_partialCD4, partialCD15, dimCD33, CD34, CD38, dimCD45, CD117, HLA-DR, TdT, MPO"
"CD13, CD33, CD34, CD56, CD58, dim CD64, CD117 and partial HLA-DR.",labreports,surface_antigens_immunohistochemical_stains,"labreports_surface_antigens_immunohistochemical_stains_CD13, CD33, CD34, CD56, CD58, dim CD64, CD117 and partial HLA-DR."
"CD4, CD11b, CD13, CD14, partial CD16, CD33, CD38, partial CD56, CD58, CD64, CD123, and HLA-DR positive",labreports,surface_antigens_immunohistochemical_stains,"labreports_surface_antigens_immunohistochemical_stains_CD4, CD11b, CD13, CD14, partial CD16, CD33, CD38, partial CD56, CD58, CD64, CD123, and HLA-DR positive"
"CD34+, EXPRESSING CD13, CD33,MPO, AND HLA-DR, WITH ABERRANT COEXPRESSION OF CD15 AND CD117, AND PARTIAL LOSS OF CD38",labreports,surface_antigens_immunohistochemical_stains,"labreports_surface_antigens_immunohistochemical_stains_CD34+, EXPRESSING CD13, CD33,MPO, AND HLA-DR, WITH ABERRANT COEXPRESSION OF CD15 AND CD117, AND PARTIAL LOSS OF CD38"
"CD64, DIM CD14, BRIGHT CD56, CD13, AND CD33,SUBSET EXPRESSING CD34",labreports,surface_antigens_immunohistochemical_stains,"labreports_surface_antigens_immunohistochemical_stains_CD64, DIM CD14, BRIGHT CD56, CD13, AND CD33,SUBSET EXPRESSING CD34"
"brightCD4, partialCD11b, brightCD15, brightCD33, partialCD36, partialCD38, CD45, brightCD64, partialCD117, HLA-DR (86% population of cells)",labreports,surface_antigens_immunohistochemical_stains,"labreports_surface_antigens_immunohistochemical_stains_brightCD4, partialCD11b, brightCD15, brightCD33, partialCD36, partialCD38, CD45, brightCD64, partialCD117, HLA-DR (86% population of cells)"
"CD2(-), CD4(-), CD7(-), CD11b(-), CD13(variably +), CD14(-), CD15(partial+), CD16(-), CD22(few +), CD33(dim + to -), CD34(+), CD36(-), CD38(variably +), CD41(-), CD45(variably +), CD56(-), CD61(-), CD64(-), CD117(variably +), HLA-DR(partial +), Gly-A(-), MPO(+), TdT(partial +)",labreports,surface_antigens_immunohistochemical_stains,"labreports_surface_antigens_immunohistochemical_stains_CD2(-), CD4(-), CD7(-), CD11b(-), CD13(variably +), CD14(-), CD15(partial+), CD16(-), CD22(few +), CD33(dim + to -), CD34(+), CD36(-), CD38(variably +), CD41(-), CD45(variably +), CD56(-), CD61(-), CD64(-), CD117(variably +), HLA-DR(partial +), Gly-A(-), MPO(+), TdT(partial +)"
"Blasts (15-20%): CD11b, CD13, CD33, CD34, CD38, CD58, partial CD64, CD117, and HLA-DR, and partial TdT positive - Aberrant monocytic population (20%): CD11b, CD13, CD14, bright CD33, dim CD56, CD64, and HLA-DR positive",labreports,surface_antigens_immunohistochemical_stains,"labreports_surface_antigens_immunohistochemical_stains_Blasts (15-20%): CD11b, CD13, CD33, CD34, CD38, CD58, partial CD64, CD117, and HLA-DR, and partial TdT positive - Aberrant monocytic population (20%): CD11b, CD13, CD14, bright CD33, dim CD56, CD64, and HLA-DR positive"
"Myeloid blasts:CD13, CD33, CD34, CD38, CD58, dimCD64, CD117, and HLA-DR+    Promonocytes/immature monocytes:CD11b, CD13, CD14, CD33, CD64, and HLA-DR+",labreports,surface_antigens_immunohistochemical_stains,"labreports_surface_antigens_immunohistochemical_stains_Myeloid blasts:CD13, CD33, CD34, CD38, CD58, dimCD64, CD117, and HLA-DR+    Promonocytes/immature monocytes:CD11b, CD13, CD14, CD33, CD64, and HLA-DR+"
"CD4+, CD33+, CD117+, HLA-DR+ myeloblasts",labreports,surface_antigens_immunohistochemical_stains,"labreports_surface_antigens_immunohistochemical_stains_CD4+, CD33+, CD117+, HLA-DR+ myeloblasts"
"CD13, dim CD33, CD34, CD38, dim CD45, CD58, CD71, CD117,CD123, HLA-DR, and TdT positive",labreports,surface_antigens_immunohistochemical_stains,"labreports_surface_antigens_immunohistochemical_stains_CD13, dim CD33, CD34, CD38, dim CD45, CD58, CD71, CD117,CD123, HLA-DR, and TdT positive"
"The atypical, previously identified myeloid blast population (CD117+/CD34-) is not seen. Lymphocytes are about 5%, and mostly T cells which have a reversed CD4:CD8 ratio and no antigen aberrancy. B cells are essentially absent, and NK cells are not increased",labreports,surface_antigens_immunohistochemical_stains,"labreports_surface_antigens_immunohistochemical_stains_The atypical, previously identified myeloid blast population (CD117+/CD34-) is not seen. Lymphocytes are about 5%, and mostly T cells which have a reversed CD4:CD8 ratio and no antigen aberrancy. B cells are essentially absent, and NK cells are not increased"
"Myeloid blasts (21%): CD13, CD33, CD34, CD38, CD58, CD117, CD123, HLA-DR, and MPO positive. Promonocytic/monocytic cells (55%): CD11b, CD13, CD14, CD33, dim/partial CD34, CD38, CD58, CD64, variable CD123, HLA-DR, and MPO-positive. (Included both populations of cells)",labreports,surface_antigens_immunohistochemical_stains,"labreports_surface_antigens_immunohistochemical_stains_Myeloid blasts (21%): CD13, CD33, CD34, CD38, CD58, CD117, CD123, HLA-DR, and MPO positive. Promonocytic/monocytic cells (55%): CD11b, CD13, CD14, CD33, dim/partial CD34, CD38, CD58, CD64, variable CD123, HLA-DR, and MPO-positive. (Included both populations of cells)"
"CD2(-), CD4(dim +), CD10(-), CD11b(-), CD13(+), CD14(-), CD15(variably +), CD16(-), CD33(bright +), CD34(-), CD36(-), CD38(+), CD45(moderately +), CD56(-), CD64 (partial +), CD117(variably +), HLA-DR(-), MPO(+), TdT(-).",labreports,surface_antigens_immunohistochemical_stains,"labreports_surface_antigens_immunohistochemical_stains_CD2(-), CD4(dim +), CD10(-), CD11b(-), CD13(+), CD14(-), CD15(variably +), CD16(-), CD33(bright +), CD34(-), CD36(-), CD38(+), CD45(moderately +), CD56(-), CD64 (partial +), CD117(variably +), HLA-DR(-), MPO(+), TdT(-)."
"CD2(-), CD7(-), CD11b(-), CD13(variably +), CD14(-), CD15(variably +), CD16(-), CD33(+), CD34(variably +), CD36(-), CD38(+), CD45(+), CD56(-), CD64(partial +), CD117(+), HLA-DR(+)",labreports,surface_antigens_immunohistochemical_stains,"labreports_surface_antigens_immunohistochemical_stains_CD2(-), CD7(-), CD11b(-), CD13(variably +), CD14(-), CD15(variably +), CD16(-), CD33(+), CD34(variably +), CD36(-), CD38(+), CD45(+), CD56(-), CD64(partial +), CD117(+), HLA-DR(+)"
"CD2(-), CD4(partial dim +), CD7(partial +), CD11b(partial +), CD13(partial +), CD15(-), CD19(-), CD22(partial +), CD33(partial and variably +), CD34(variably +), CD36(partial +), CD38(variably +), CD45(partial +), CD56(-), CD64(partial +), CD117 (partial +), HLA-DR(+), TdT(partial +), MPO(-)",labreports,surface_antigens_immunohistochemical_stains,"labreports_surface_antigens_immunohistochemical_stains_CD2(-), CD4(partial dim +), CD7(partial +), CD11b(partial +), CD13(partial +), CD15(-), CD19(-), CD22(partial +), CD33(partial and variably +), CD34(variably +), CD36(partial +), CD38(variably +), CD45(partial +), CD56(-), CD64(partial +), CD117 (partial +), HLA-DR(+), TdT(partial +), MPO(-)"
"CD11b, partial CD13, CD33, CD38, CD56, CD58, CD64, partial CD117, CD123, and HLA-DR+",labreports,surface_antigens_immunohistochemical_stains,"labreports_surface_antigens_immunohistochemical_stains_CD11b, partial CD13, CD33, CD38, CD56, CD58, CD64, partial CD117, CD123, and HLA-DR+"
"CD4(partial dim +), CD7(-), CD10(-), CD11b(-), CD13(+), CD14(-), CD15(-), CD16(-), CD19(-), CD20(-), CD22(-), CD33(variably +), CD34(+), CD36(-), CD38(variably +), CD45 (variably +), CD56(-), CD64(-), CD79a(-) | CD117(variably +), HLA-DR (variably +), MPO(predominantly -), TdT(-)",labreports,surface_antigens_immunohistochemical_stains,"labreports_surface_antigens_immunohistochemical_stains_CD4(partial dim +), CD7(-), CD10(-), CD11b(-), CD13(+), CD14(-), CD15(-), CD16(-), CD19(-), CD20(-), CD22(-), CD33(variably +), CD34(+), CD36(-), CD38(variably +), CD45 (variably +), CD56(-), CD64(-), CD79a(-) | CD117(variably +), HLA-DR (variably +), MPO(predominantly -), TdT(-)"
"CD2(-), CD4(-), CD7(-), CD8(-), CD10(-), CD11b(partial +), CD13(+), CD14(-), CD15(-), CD16(-), CD19(-), CD20(-), CD22(-), CD33(variable and bright +), CD34(variably +) (Within this population, there is a small subset of cells (1.7% of total events) that is CD10(partial +), CD13(partial +), CD19(+), CD20(partial +), CD22(partial +), CD33(+), CD34(variably +), CD38(+), CD45(+), CD79a(+), CD117(partial +), HLA-DR(+) and TdT(partial +).) | CD36(-), CD38(variably +), CD45(moderately +), CD56(-), CD64(partial +), CD117(variably +), HLA-DR(variably +).",labreports,surface_antigens_immunohistochemical_stains,"labreports_surface_antigens_immunohistochemical_stains_CD2(-), CD4(-), CD7(-), CD8(-), CD10(-), CD11b(partial +), CD13(+), CD14(-), CD15(-), CD16(-), CD19(-), CD20(-), CD22(-), CD33(variable and bright +), CD34(variably +) (Within this population, there is a small subset of cells (1.7% of total events) that is CD10(partial +), CD13(partial +), CD19(+), CD20(partial +), CD22(partial +), CD33(+), CD34(variably +), CD38(+), CD45(+), CD79a(+), CD117(partial +), HLA-DR(+) and TdT(partial +).) | CD36(-), CD38(variably +), CD45(moderately +), CD56(-), CD64(partial +), CD117(variably +), HLA-DR(variably +)."
"Large population of atypical CD117 positive, bright myeloperoxidase positive, CD34 negative, HLA-DR negative immature myeloid cells, representing approximately 90% of the leukocytes.",labreports,surface_antigens_immunohistochemical_stains,"labreports_surface_antigens_immunohistochemical_stains_Large population of atypical CD117 positive, bright myeloperoxidase positive, CD34 negative, HLA-DR negative immature myeloid cells, representing approximately 90% of the leukocytes."
"CD34+ CD38, CD13,CD33, CD117, HLA-DR, DIM CD7, PARTIAL CD11C, CD2(SUBSET), CD15(MINOR SUBSET), DIM cCD79a(MINOR SUBSET), AND PARTIAL CD4",labreports,surface_antigens_immunohistochemical_stains,"labreports_surface_antigens_immunohistochemical_stains_CD34+ CD38, CD13,CD33, CD117, HLA-DR, DIM CD7, PARTIAL CD11C, CD2(SUBSET), CD15(MINOR SUBSET), DIM cCD79a(MINOR SUBSET), AND PARTIAL CD4"
"Large population of atypical CD34 positive myeloblasts (weak CD4+, weak CD33+), representing approximately 78% of the leukocytes suggestive of acute myeloid leukemia",labreports,surface_antigens_immunohistochemical_stains,"labreports_surface_antigens_immunohistochemical_stains_Large population of atypical CD34 positive myeloblasts (weak CD4+, weak CD33+), representing approximately 78% of the leukocytes suggestive of acute myeloid leukemia"
"CD1a(-), CD2(-), surface CD3(-), cytoplasmic CD3(partial dim +), CD4(partial dim +), CD5(dim +), CD7(+), CD8(-), CD10(-), CD11b(partial +), CD13(+), CD14(-), CD15(-), CD16 (-), CD22(partial dim +), CD33(variably +), CD34(+), CD36(-), CD38(partial +), CD45(variably +), CD56(variably +), CD64(-), | CD117(variably +), HLA-DR(partial +), MPO(-), and TdT(+)",labreports,surface_antigens_immunohistochemical_stains,"labreports_surface_antigens_immunohistochemical_stains_CD1a(-), CD2(-), surface CD3(-), cytoplasmic CD3(partial dim +), CD4(partial dim +), CD5(dim +), CD7(+), CD8(-), CD10(-), CD11b(partial +), CD13(+), CD14(-), CD15(-), CD16 (-), CD22(partial dim +), CD33(variably +), CD34(+), CD36(-), CD38(partial +), CD45(variably +), CD56(variably +), CD64(-), | CD117(variably +), HLA-DR(partial +), MPO(-), and TdT(+)"
"Increased CD34 positive myeloblasts, representing approximately 55% of the leukocytes",labreports,surface_antigens_immunohistochemical_stains,"labreports_surface_antigens_immunohistochemical_stains_Increased CD34 positive myeloblasts, representing approximately 55% of the leukocytes"
"CD13, CD33, CD34, partial CD56, CD58, CD117, partial CD123, and HLA-DR positive",labreports,surface_antigens_immunohistochemical_stains,"labreports_surface_antigens_immunohistochemical_stains_CD13, CD33, CD34, partial CD56, CD58, CD117, partial CD123, and HLA-DR positive"
"CD13, CD33,CD34, CD38, dimCD56, CD58, CD117, and HLA-DR+",labreports,surface_antigens_immunohistochemical_stains,"labreports_surface_antigens_immunohistochemical_stains_CD13, CD33,CD34, CD38, dimCD56, CD58, CD117, and HLA-DR+"
"CD34, partial CD117, CD38, CD33, partial CD13,partial CD11C, CD4, partial CD14, partial CD64, partial CD2, and HLA-DR",labreports,surface_antigens_immunohistochemical_stains,"labreports_surface_antigens_immunohistochemical_stains_CD34, partial CD117, CD38, CD33, partial CD13,partial CD11C, CD4, partial CD14, partial CD64, partial CD2, and HLA-DR"
"Increased atypical myeloblasts (partial CD34+, weak CD7+, partial CD61+), representing approximately 91% of the leukocytes, consistent with persistent acute myeloid leukemia.",labreports,surface_antigens_immunohistochemical_stains,"labreports_surface_antigens_immunohistochemical_stains_Increased atypical myeloblasts (partial CD34+, weak CD7+, partial CD61+), representing approximately 91% of the leukocytes, consistent with persistent acute myeloid leukemia."
"CD34(partial +), CD13(+), CD14(-), CD15(few +), CD30(-), CD33(+), CD38(variably +), CD45 (moderately +), CD64(variably +), CD4(partial +), CD117(+), CD123(variably +), HLA-DR(+), CD79a(-), CD22(-), intracellular CD3(-), TdT(-), MPO(partial +), other myeloid and lymphoid antigens(-).",labreports,surface_antigens_immunohistochemical_stains,"labreports_surface_antigens_immunohistochemical_stains_CD34(partial +), CD13(+), CD14(-), CD15(few +), CD30(-), CD33(+), CD38(variably +), CD45 (moderately +), CD64(variably +), CD4(partial +), CD117(+), CD123(variably +), HLA-DR(+), CD79a(-), CD22(-), intracellular CD3(-), TdT(-), MPO(partial +), other myeloid and lymphoid antigens(-)."
"CD2(-), CD4(partial dim +), CD5(-),CD7(-), CD11b(-), CD15(partial +/subset bright +), CD16(-), CD22(partial +), CD33(bright +), CD34(partial +), CD36(partial +), CD38(variably +), CD41(partial +), CD45(moderately +), CD56(-), CD61(partial +), CD64(-), CD71(+), CD117(+), HLA-DR(variably +), Gly-A(-).",labreports,surface_antigens_immunohistochemical_stains,"labreports_surface_antigens_immunohistochemical_stains_CD2(-), CD4(partial dim +), CD5(-),CD7(-), CD11b(-), CD15(partial +/subset bright +), CD16(-), CD22(partial +), CD33(bright +), CD34(partial +), CD36(partial +), CD38(variably +), CD41(partial +), CD45(moderately +), CD56(-), CD61(partial +), CD64(-), CD71(+), CD117(+), HLA-DR(variably +), Gly-A(-)."
"dim CD5, CD13, dim CD33, CD34, variable CD38, CD58, CD117, dim CD123 and HLA-DR positive",labreports,surface_antigens_immunohistochemical_stains,"labreports_surface_antigens_immunohistochemical_stains_dim CD5, CD13, dim CD33, CD34, variable CD38, CD58, CD117, dim CD123 and HLA-DR positive"
"CD13, partial CD33, CD34, partial CD56, partial CD64, CD117, partial CD123, HLA-DR and MPO-positive",labreports,surface_antigens_immunohistochemical_stains,"labreports_surface_antigens_immunohistochemical_stains_CD13, partial CD33, CD34, partial CD56, partial CD64, CD117, partial CD123, HLA-DR and MPO-positive"
The findings reveal a slightly expanded population of myeloblasts with an essentially unremarkable immunophenotype. There is no definitive immunophenotypic evidence of a hematolymphoid malignancy.,labreports,surface_antigens_immunohistochemical_stains,labreports_surface_antigens_immunohistochemical_stains_The findings reveal a slightly expanded population of myeloblasts with an essentially unremarkable immunophenotype. There is no definitive immunophenotypic evidence of a hematolymphoid malignancy.
"CD7(+), CD11b(-), CD13(dim +), CD14(-), CD15(partial +), CD16(-), CD33(variably +/subset bright +), CD34(+), CD36(-), CD38(+), CD45(+), CD56(partial +), CD64(partial +), CD117(+), HLA-DR(+), MPO(+), TdT(-).",labreports,surface_antigens_immunohistochemical_stains,"labreports_surface_antigens_immunohistochemical_stains_CD7(+), CD11b(-), CD13(dim +), CD14(-), CD15(partial +), CD16(-), CD33(variably +/subset bright +), CD34(+), CD36(-), CD38(+), CD45(+), CD56(partial +), CD64(partial +), CD117(+), HLA-DR(+), MPO(+), TdT(-)."
"Atypical myeloblasts (partial CD7+) representing approximately 35% of the total leukocytes. 31% of the leukocytes are lymphocytes, 1% are monocytes, 33% are myeloid cells, and 35% are atypical cells with dim CD45. (Most of the atypical cells are CD34 positive myeloid blasts that express CD13, weak CD33, weak CD117, partial weak CD7 (about one fourth), HLA-DR, and weak myeloperoxidase and but do not express CD14(MO2), CD42b, CD61, or CD64. The myeloid cells demonstrate phenotypically normal expression patterns for the markers evaluated, including CD10, CD13, CD16, CD33, and CD64)",labreports,surface_antigens_immunohistochemical_stains,"labreports_surface_antigens_immunohistochemical_stains_Atypical myeloblasts (partial CD7+) representing approximately 35% of the total leukocytes. 31% of the leukocytes are lymphocytes, 1% are monocytes, 33% are myeloid cells, and 35% are atypical cells with dim CD45. (Most of the atypical cells are CD34 positive myeloid blasts that express CD13, weak CD33, weak CD117, partial weak CD7 (about one fourth), HLA-DR, and weak myeloperoxidase and but do not express CD14(MO2), CD42b, CD61, or CD64. The myeloid cells demonstrate phenotypically normal expression patterns for the markers evaluated, including CD10, CD13, CD16, CD33, and CD64)"
"CD34, PARTIAL CD38, CD33, CD13, CD64, PARTIAL CD11C, PARTIAL CD19, HLA-DR, PARTIAL CD15, CD117, AND MPO",labreports,surface_antigens_immunohistochemical_stains,"labreports_surface_antigens_immunohistochemical_stains_CD34, PARTIAL CD38, CD33, CD13, CD64, PARTIAL CD11C, PARTIAL CD19, HLA-DR, PARTIAL CD15, CD117, AND MPO"
"CD38, CD7, CD13, partial CD33, partial CD11c, dim CD5, dim CD19, CD4, HLA-DR, partial CD15, and partial CD117",labreports,surface_antigens_immunohistochemical_stains,"labreports_surface_antigens_immunohistochemical_stains_CD38, CD7, CD13, partial CD33, partial CD11c, dim CD5, dim CD19, CD4, HLA-DR, partial CD15, and partial CD117"
"CD34, CD4, CD13, CD15, partial CD33, CD38, partial CD117, partial CD11c, HLA-DR, MPO and TdT",labreports,surface_antigens_immunohistochemical_stains,"labreports_surface_antigens_immunohistochemical_stains_CD34, CD4, CD13, CD15, partial CD33, CD38, partial CD117, partial CD11c, HLA-DR, MPO and TdT"
"Large population of promonocytes/monoblasts that represent approximately 88% of the leukocytes, consider acute monoblastic leukemia.",labreports,surface_antigens_immunohistochemical_stains,"labreports_surface_antigens_immunohistochemical_stains_Large population of promonocytes/monoblasts that represent approximately 88% of the leukocytes, consider acute monoblastic leukemia."
"CD7, CD13, CD33, partial CD34, CD38, CD58, CD117, CD123,HLA-DR, and MPO positive",labreports,surface_antigens_immunohistochemical_stains,"labreports_surface_antigens_immunohistochemical_stains_CD7, CD13, CD33, partial CD34, CD38, CD58, CD117, CD123,HLA-DR, and MPO positive"
"partial CD13, CD15, CD33, CD56, CD38, CD58, CD64, dimCD123, HLA-DR and MPO positive",labreports,surface_antigens_immunohistochemical_stains,"labreports_surface_antigens_immunohistochemical_stains_partial CD13, CD15, CD33, CD56, CD38, CD58, CD64, dimCD123, HLA-DR and MPO positive"
"CD13, dimCD19, partial CD33, partial CD34, CD38, CD58, dim cCD79a, CD117, and TdT positive.",labreports,surface_antigens_immunohistochemical_stains,"labreports_surface_antigens_immunohistochemical_stains_CD13, dimCD19, partial CD33, partial CD34, CD38, CD58, dim cCD79a, CD117, and TdT positive."
"CD13, CD33, CD38, partial CD56 (7%), CD58, CD117, CD123, and partial MPO positive",labreports,surface_antigens_immunohistochemical_stains,"labreports_surface_antigens_immunohistochemical_stains_CD13, CD33, CD38, partial CD56 (7%), CD58, CD117, CD123, and partial MPO positive"
"CD38, CD56, CD13(dim), CD64, CD11c, CD4, CD56, HLA-DR, and CD15",labreports,surface_antigens_immunohistochemical_stains,"labreports_surface_antigens_immunohistochemical_stains_CD38, CD56, CD13(dim), CD64, CD11c, CD4, CD56, HLA-DR, and CD15"
"CD13, CD14, CD16, CD33, CD64 and HLA-DR",labreports,surface_antigens_immunohistochemical_stains,"labreports_surface_antigens_immunohistochemical_stains_CD13, CD14, CD16, CD33, CD64 and HLA-DR"
"CD2(-),CD4(dim +), CD7(partial +), CD11b(partial +), CD13(+), CD14(-), CD15(partial dim +), CD16(-), CD33(slightly bright +),CD34(+), CD36(equivocal), CD38(partial dim +), CD45(+), CD56(variably +), CD64(-), CD117(+), HLA-DR(+/variable).",labreports,surface_antigens_immunohistochemical_stains,"labreports_surface_antigens_immunohistochemical_stains_CD2(-),CD4(dim +), CD7(partial +), CD11b(partial +), CD13(+), CD14(-), CD15(partial dim +), CD16(-), CD33(slightly bright +),CD34(+), CD36(equivocal), CD38(partial dim +), CD45(+), CD56(variably +), CD64(-), CD117(+), HLA-DR(+/variable)."
"CD7, CD13, CD33, CD34, CD38, CD64, CD123, HLA-DR, and MPO",labreports,surface_antigens_immunohistochemical_stains,"labreports_surface_antigens_immunohistochemical_stains_CD7, CD13, CD33, CD34, CD38, CD64, CD123, HLA-DR, and MPO"
"CD34, CD117, CD38, CD56 (minor subset), partial CD13, partial CD33, CD11c, and HLA-DR",labreports,surface_antigens_immunohistochemical_stains,"labreports_surface_antigens_immunohistochemical_stains_CD34, CD117, CD38, CD56 (minor subset), partial CD13, partial CD33, CD11c, and HLA-DR"
"CD2(-), CD4(partial +), CD7(-), CD11b(partial +), CD13(+), CD14(-), CD15(partial +), CD16(-), CD33(bright +), CD34(partial +), CD36(-), CD38(variably +), CD45(variably +), CD56(partial +), CD64(-), CD117(partial +), HLA-DR(partial dim +)",labreports,surface_antigens_immunohistochemical_stains,"labreports_surface_antigens_immunohistochemical_stains_CD2(-), CD4(partial +), CD7(-), CD11b(partial +), CD13(+), CD14(-), CD15(partial +), CD16(-), CD33(bright +), CD34(partial +), CD36(-), CD38(variably +), CD45(variably +), CD56(partial +), CD64(-), CD117(partial +), HLA-DR(partial dim +)"
"CD13, CD33, CD34, CD38, CD58, CD117, CD123 and HLA-DR positive",labreports,surface_antigens_immunohistochemical_stains,"labreports_surface_antigens_immunohistochemical_stains_CD13, CD33, CD34, CD38, CD58, CD117, CD123 and HLA-DR positive"
"CD2 (-), CD4(+), CD7(+), CD11b(-), CD13(+), CD14(-), CD15(-), CD16(-), CD33(+), CD34(bright +), CD36(-), CD38(variable +), CD45(moderately +), CD56(-), CD64(-), CD117(+), HLA-DR(+).",labreports,surface_antigens_immunohistochemical_stains,"labreports_surface_antigens_immunohistochemical_stains_CD2 (-), CD4(+), CD7(+), CD11b(-), CD13(+), CD14(-), CD15(-), CD16(-), CD33(+), CD34(bright +), CD36(-), CD38(variable +), CD45(moderately +), CD56(-), CD64(-), CD117(+), HLA-DR(+)."
"CD2(-), CD4(variably +), CD7(-), CD11b(-), CD13(+), CD14(-), CD15(-), CD16(-), CD33(+), CD34(+), CD36(-), CD38(partial +), CD45(+), CD56(-), CD64(-), CD117(+), HLA-DR(+), TdT(-), MPO(-)",labreports,surface_antigens_immunohistochemical_stains,"labreports_surface_antigens_immunohistochemical_stains_CD2(-), CD4(variably +), CD7(-), CD11b(-), CD13(+), CD14(-), CD15(-), CD16(-), CD33(+), CD34(+), CD36(-), CD38(partial +), CD45(+), CD56(-), CD64(-), CD117(+), HLA-DR(+), TdT(-), MPO(-)"
"CD13, partial CD33, CD34, CD38, moderate CD45, CD58, CD117, CD123, TdT, and partial MPO positive.",labreports,surface_antigens_immunohistochemical_stains,"labreports_surface_antigens_immunohistochemical_stains_CD13, partial CD33, CD34, CD38, moderate CD45, CD58, CD117, CD123, TdT, and partial MPO positive."
"partial CD7, CD13, partial CD33, CD34, partial CD38, CD58, CD117, dim/partial CD123, partial TdT, HLA-DR positive.",labreports,surface_antigens_immunohistochemical_stains,"labreports_surface_antigens_immunohistochemical_stains_partial CD7, CD13, partial CD33, CD34, partial CD38, CD58, CD117, dim/partial CD123, partial TdT, HLA-DR positive."
"CD13, CD33, CD38, CD58, CD117, CD123, HLA-DR, and MPO positive (Myeloid blast phenotype) | CD11b, variable CD13, CD14, CD33, dimCD56, CD64, HLA-DR-positive (Monocytic phenotype)",labreports,surface_antigens_immunohistochemical_stains,"labreports_surface_antigens_immunohistochemical_stains_CD13, CD33, CD38, CD58, CD117, CD123, HLA-DR, and MPO positive (Myeloid blast phenotype) | CD11b, variable CD13, CD14, CD33, dimCD56, CD64, HLA-DR-positive (Monocytic phenotype)"
"CD34, CD38 (dim), CD13, CD33 (dim),CD64 (partial), CD11c, CD4 (partial), CD15, CD117, HLA-DR, and MPO(partial).",labreports,surface_antigens_immunohistochemical_stains,"labreports_surface_antigens_immunohistochemical_stains_CD34, CD38 (dim), CD13, CD33 (dim),CD64 (partial), CD11c, CD4 (partial), CD15, CD117, HLA-DR, and MPO(partial)."
"CD117+, HLA-DR negative, partial CD34+ (Right inguinal biopsy)",labreports,surface_antigens_immunohistochemical_stains,"labreports_surface_antigens_immunohistochemical_stains_CD117+, HLA-DR negative, partial CD34+ (Right inguinal biopsy)"
"CD13, dim CD33, CD34, CD38, CD58, CD117, CD123, dim/partial HLA-DR, and MPO positive",labreports,surface_antigens_immunohistochemical_stains,"labreports_surface_antigens_immunohistochemical_stains_CD13, dim CD33, CD34, CD38, CD58, CD117, CD123, dim/partial HLA-DR, and MPO positive"
"CD10, CD13, CD33, CD34, CD56 and HLA-DR positive",labreports,surface_antigens_immunohistochemical_stains,"labreports_surface_antigens_immunohistochemical_stains_CD10, CD13, CD33, CD34, CD56 and HLA-DR positive"
"dim CD13, CD33, CD34, CD117, CD123, and dim HLADR",labreports,surface_antigens_immunohistochemical_stains,"labreports_surface_antigens_immunohistochemical_stains_dim CD13, CD33, CD34, CD117, CD123, and dim HLADR"
"CD13, CD33, CD34, partial CD56,variable CD117, dim CD123, and dim HLA-DR+",labreports,surface_antigens_immunohistochemical_stains,"labreports_surface_antigens_immunohistochemical_stains_CD13, CD33, CD34, partial CD56,variable CD117, dim CD123, and dim HLA-DR+"
"CD34, CD117, CD2,PARTIAL CD4, CD13, CD33, CD38, PARTIAL CD64, PARTIAL CD11c, HLA-DR AND DIM MPO",labreports,surface_antigens_immunohistochemical_stains,"labreports_surface_antigens_immunohistochemical_stains_CD34, CD117, CD2,PARTIAL CD4, CD13, CD33, CD38, PARTIAL CD64, PARTIAL CD11c, HLA-DR AND DIM MPO"
"Large population of atypical myelomonocytic cells (CD4+, bright CD64+, MPO positive, partial CD14), representing 85% of the total leukocytes",labreports,surface_antigens_immunohistochemical_stains,"labreports_surface_antigens_immunohistochemical_stains_Large population of atypical myelomonocytic cells (CD4+, bright CD64+, MPO positive, partial CD14), representing 85% of the total leukocytes"
"partial CD7, CD13, dim CD33, CD34, CD38, CD58, CD117, CD123, HLA-DR, and TdT-positive",labreports,surface_antigens_immunohistochemical_stains,"labreports_surface_antigens_immunohistochemical_stains_partial CD7, CD13, dim CD33, CD34, CD38, CD58, CD117, CD123, HLA-DR, and TdT-positive"
"Increased atypical CD56 positive, weak CD117 positive myelomonocytic cells representing approximately 23% of the leukocytes",labreports,surface_antigens_immunohistochemical_stains,"labreports_surface_antigens_immunohistochemical_stains_Increased atypical CD56 positive, weak CD117 positive myelomonocytic cells representing approximately 23% of the leukocytes"
"CD4, CD11b, CD15, CD33, bright CD34, CD38, CD58, CD64,CD71, CD117, CD123, HLA-DR and dim/partial MPO positive",labreports,surface_antigens_immunohistochemical_stains,"labreports_surface_antigens_immunohistochemical_stains_CD4, CD11b, CD15, CD33, bright CD34, CD38, CD58, CD64,CD71, CD117, CD123, HLA-DR and dim/partial MPO positive"
"CD2(-), CD4(partial dim +), CD7(partial dim +), CD11b(-), CD13(+), CD14(-), CD15(+), CD16(-), CD19(-), CD20(-), CD22(few dim +), CD25(-), CD33(+), CD34(+), CD36 (-), CD38(variably +), CD45(moderately +), CD56(-), CD64(few dim +), CD79a(-), CD117(+), CD123(+) (PB) | HLA-DR(variably +), MPO(+), TdT(+). (PB)",labreports,surface_antigens_immunohistochemical_stains,"labreports_surface_antigens_immunohistochemical_stains_CD2(-), CD4(partial dim +), CD7(partial dim +), CD11b(-), CD13(+), CD14(-), CD15(+), CD16(-), CD19(-), CD20(-), CD22(few dim +), CD25(-), CD33(+), CD34(+), CD36 (-), CD38(variably +), CD45(moderately +), CD56(-), CD64(few dim +), CD79a(-), CD117(+), CD123(+) (PB) | HLA-DR(variably +), MPO(+), TdT(+). (PB)"
"CD13, CD33, CD34, CD38, CD58, CD117, CD123, and partial HLA-DR",labreports,surface_antigens_immunohistochemical_stains,"labreports_surface_antigens_immunohistochemical_stains_CD13, CD33, CD34, CD38, CD58, CD117, CD123, and partial HLA-DR"
"dim/partial CD7, CD13, dim CD33, CD34, CD38, CD58, CD117, CD123, and HLA-DR positive",labreports,surface_antigens_immunohistochemical_stains,"labreports_surface_antigens_immunohistochemical_stains_dim/partial CD7, CD13, dim CD33, CD34, CD38, CD58, CD117, CD123, and HLA-DR positive"
"dim CD11b, CD13, CD33, partial CD34, dim CD45, dim CD64, CD117, CD123, and dim HLA-DR+",labreports,surface_antigens_immunohistochemical_stains,"labreports_surface_antigens_immunohistochemical_stains_dim CD11b, CD13, CD33, partial CD34, dim CD45, dim CD64, CD117, CD123, and dim HLA-DR+"
"CD13, CD33, partial CD34, partial CD38, dim partial CD64, CD117 and CD123 positive",labreports,surface_antigens_immunohistochemical_stains,"labreports_surface_antigens_immunohistochemical_stains_CD13, CD33, partial CD34, partial CD38, dim partial CD64, CD117 and CD123 positive"
"CD2(-), CD4(+), CD5(equivocal), CD7(-), CD11b(+), CD13(-), CD14(partial +), CD15(+), CD16(-), CD33 (bright +), CD34(-), CD36(+), CD38(variably +), CD45(variably +), CD56(+), CD64(+), CD117(partial +), HLA-DR(+)",labreports,surface_antigens_immunohistochemical_stains,"labreports_surface_antigens_immunohistochemical_stains_CD2(-), CD4(+), CD5(equivocal), CD7(-), CD11b(+), CD13(-), CD14(partial +), CD15(+), CD16(-), CD33 (bright +), CD34(-), CD36(+), CD38(variably +), CD45(variably +), CD56(+), CD64(+), CD117(partial +), HLA-DR(+)"
"CD2(-), CD4(+), CD7(-), CD11b(partial +), CD13(partial +), CD14(partial +),CD15(variably +), CD16(-), CD33(variably +), CD34(-), CD36(+), CD38(variably +), CD45(variably +), CD56 (variable +), CD64(partial +), CD117(-), HLA-DR(+).",labreports,surface_antigens_immunohistochemical_stains,"labreports_surface_antigens_immunohistochemical_stains_CD2(-), CD4(+), CD7(-), CD11b(partial +), CD13(partial +), CD14(partial +),CD15(variably +), CD16(-), CD33(variably +), CD34(-), CD36(+), CD38(variably +), CD45(variably +), CD56 (variable +), CD64(partial +), CD117(-), HLA-DR(+)."
"CD2(-), CD4(-), CD7(-), CD11b(-), CD13(+), CD14(-), CD15(few +), CD16(-), CD33(+), CD34(bright +), CD33(-), CD38(dim and variably +), CD45(+), CD56(-), CD64(-), CD117(+), HLA-DR(+) (6.2% population)",labreports,surface_antigens_immunohistochemical_stains,"labreports_surface_antigens_immunohistochemical_stains_CD2(-), CD4(-), CD7(-), CD11b(-), CD13(+), CD14(-), CD15(few +), CD16(-), CD33(+), CD34(bright +), CD33(-), CD38(dim and variably +), CD45(+), CD56(-), CD64(-), CD117(+), HLA-DR(+) (6.2% population)"
"CD34, CD38, PARTIAL CD56, CD13, PARTIAL CD64, HLA-DR, CD117, PARTIAL MPO, PARTIAL CD79A, AND DIM PARTIAL TDT",labreports,surface_antigens_immunohistochemical_stains,"labreports_surface_antigens_immunohistochemical_stains_CD34, CD38, PARTIAL CD56, CD13, PARTIAL CD64, HLA-DR, CD117, PARTIAL MPO, PARTIAL CD79A, AND DIM PARTIAL TDT"
"CD11b, partial CD13, partial CD14, dim CD15, partial CD16, CD33, CD38, CD58, CD64, partial CD123 and HLA-DR positive",labreports,surface_antigens_immunohistochemical_stains,"labreports_surface_antigens_immunohistochemical_stains_CD11b, partial CD13, partial CD14, dim CD15, partial CD16, CD33, CD38, CD58, CD64, partial CD123 and HLA-DR positive"
"CD2(-), CD4(partial dim +), CD7(partial +), CD11b(-), CD13(+), CD14(-), CD15(-), CD16(-), CD33 (partial +), CD34(+), CD36(-), CD38(partial +), CD45(moderately +), CD56(-), CD64(-), CD117(+), HLA-DR(partial +), MPO (partial +), TdT(-)",labreports,surface_antigens_immunohistochemical_stains,"labreports_surface_antigens_immunohistochemical_stains_CD2(-), CD4(partial dim +), CD7(partial +), CD11b(-), CD13(+), CD14(-), CD15(-), CD16(-), CD33 (partial +), CD34(+), CD36(-), CD38(partial +), CD45(moderately +), CD56(-), CD64(-), CD117(+), HLA-DR(partial +), MPO (partial +), TdT(-)"
"CD34, CD117,partial CD13, CD33, CD38, partial CD64, dim CD7, variable CD15, HLA-DR and bright MPO",labreports,surface_antigens_immunohistochemical_stains,"labreports_surface_antigens_immunohistochemical_stains_CD34, CD117,partial CD13, CD33, CD38, partial CD64, dim CD7, variable CD15, HLA-DR and bright MPO"
"CD34, PARTIAL CD117, CD15, CD38, PARTIAL CD13, CD33, CD64, PARTIAL CD14(SUBSET), PARTIAL CD11c, DIM CD4, HLA-DR AND BRIGHT MPO",labreports,surface_antigens_immunohistochemical_stains,"labreports_surface_antigens_immunohistochemical_stains_CD34, PARTIAL CD117, CD15, CD38, PARTIAL CD13, CD33, CD64, PARTIAL CD14(SUBSET), PARTIAL CD11c, DIM CD4, HLA-DR AND BRIGHT MPO"
"A CD34 positive blasts population comprises approximately 4% of cellular gated events. Approximately 3% of cells are lymphocytes composed of 28% B cells, 45% T cells and 27% NK cells. | T cells are present in a CD4:CD8 ratio of about 1.1:1 and do not demonstrate aberrant antigen expression. A monoclonal B cell population is not identified.",labreports,surface_antigens_immunohistochemical_stains,"labreports_surface_antigens_immunohistochemical_stains_A CD34 positive blasts population comprises approximately 4% of cellular gated events. Approximately 3% of cells are lymphocytes composed of 28% B cells, 45% T cells and 27% NK cells. | T cells are present in a CD4:CD8 ratio of about 1.1:1 and do not demonstrate aberrant antigen expression. A monoclonal B cell population is not identified."
"Large population of CD34 positive myeloblasts, representing approximately 50% of the leukocytes, consistent with acute myeloid leukemia",labreports,surface_antigens_immunohistochemical_stains,"labreports_surface_antigens_immunohistochemical_stains_Large population of CD34 positive myeloblasts, representing approximately 50% of the leukocytes, consistent with acute myeloid leukemia"
"Most of the atypical cells (percentages shown) are myeloid blasts that express dim CD7, dim CD13, CD33, CD34, CD117, weak myeloperoxidase, and HLA-DR, but do not express cytoplasmic CD3, TDT, CD14(MO2), CD42b, CD61, or CD64. (Increased atypical CD34 positive, CD7 positive myeloblasts, representing approximately 45% of the leukocytes, most consistent with acute myeloid leukemia.)",labreports,surface_antigens_immunohistochemical_stains,"labreports_surface_antigens_immunohistochemical_stains_Most of the atypical cells (percentages shown) are myeloid blasts that express dim CD7, dim CD13, CD33, CD34, CD117, weak myeloperoxidase, and HLA-DR, but do not express cytoplasmic CD3, TDT, CD14(MO2), CD42b, CD61, or CD64. (Increased atypical CD34 positive, CD7 positive myeloblasts, representing approximately 45% of the leukocytes, most consistent with acute myeloid leukemia.)"
"CD2(-),CD4(partial dim +), CD7(-), CD11b(few +), CD13(+), CD14(-), CD15(partialCD22(-), CD25(appears partial dim +), CD33(bright +), CD34(few +), CD36(-), CD38(variable +), CD45(moderately +), CD56(-), CD64(partial +), CD79a(-), CD117(+), CD123(partial +), HLA-DR(partial +), MPO(+), TdT(-).",labreports,surface_antigens_immunohistochemical_stains,"labreports_surface_antigens_immunohistochemical_stains_CD2(-),CD4(partial dim +), CD7(-), CD11b(few +), CD13(+), CD14(-), CD15(partialCD22(-), CD25(appears partial dim +), CD33(bright +), CD34(few +), CD36(-), CD38(variable +), CD45(moderately +), CD56(-), CD64(partial +), CD79a(-), CD117(+), CD123(partial +), HLA-DR(partial +), MPO(+), TdT(-)."
Relative increase of CD34 positive myeloblasts representing approximately 20% of the leukocytes and increased promonocytes/monoblasts consistent with acute myeloid leukemia with myelomonocytic differentiation,labreports,surface_antigens_immunohistochemical_stains,labreports_surface_antigens_immunohistochemical_stains_Relative increase of CD34 positive myeloblasts representing approximately 20% of the leukocytes and increased promonocytes/monoblasts consistent with acute myeloid leukemia with myelomonocytic differentiation
"CD38, CD13, HLA-DR, CD33 (DIM PARTIAL), CD4 (DIM), MPO (DIM PARTIAL), AND TDT",labreports,surface_antigens_immunohistochemical_stains,"labreports_surface_antigens_immunohistochemical_stains_CD38, CD13, HLA-DR, CD33 (DIM PARTIAL), CD4 (DIM), MPO (DIM PARTIAL), AND TDT"
"CD13, CD33, CD34, CD38, CD58, CD117, CD123, MPO+",labreports,surface_antigens_immunohistochemical_stains,"labreports_surface_antigens_immunohistochemical_stains_CD13, CD33, CD34, CD38, CD58, CD117, CD123, MPO+"
"CD2 (-), CD4(partial dim +), CD7(-), CD11b(-), CD13(bright +), CD14(-), CD15(-), CD16(-), CD33(variable to bright +), CD34(+), CD36(-), CD38(bright +), CD45(moderately +), CD56(-), CD64(-), CD117(bright +), HLA-DR(variable +), MPO(partial+) and TdT(-).",labreports,surface_antigens_immunohistochemical_stains,"labreports_surface_antigens_immunohistochemical_stains_CD2 (-), CD4(partial dim +), CD7(-), CD11b(-), CD13(bright +), CD14(-), CD15(-), CD16(-), CD33(variable to bright +), CD34(+), CD36(-), CD38(bright +), CD45(moderately +), CD56(-), CD64(-), CD117(bright +), HLA-DR(variable +), MPO(partial+) and TdT(-)."
"CD13, CD33, CD34, CD117, MPO and HLA-DR",labreports,surface_antigens_immunohistochemical_stains,"labreports_surface_antigens_immunohistochemical_stains_CD13, CD33, CD34, CD117, MPO and HLA-DR"
"CD43, CD68, CD163 (weak) and lysozyme positive (Solid Tissue/Skin)",labreports,surface_antigens_immunohistochemical_stains,"labreports_surface_antigens_immunohistochemical_stains_CD43, CD68, CD163 (weak) and lysozyme positive (Solid Tissue/Skin)"
"CD34+ EXPRESSING CD38, CD13, CD33, PARTIAL DIM CD2, PARTIAL CD64; DIM PARTIAL CD11C, PARTIAL DIM CD4, COEXPRESSION OF CD117 AND CD15, HLA-DR, MPO, AND PARTIAL DIM TDT",labreports,surface_antigens_immunohistochemical_stains,"labreports_surface_antigens_immunohistochemical_stains_CD34+ EXPRESSING CD38, CD13, CD33, PARTIAL DIM CD2, PARTIAL CD64; DIM PARTIAL CD11C, PARTIAL DIM CD4, COEXPRESSION OF CD117 AND CD15, HLA-DR, MPO, AND PARTIAL DIM TDT"
"CD2, CD13, CD33, CD34, CD56, CD58, CD64, CD117, CD123, dim/partial HLA-DR, dim/partial TdT and MPO positive",labreports,surface_antigens_immunohistochemical_stains,"labreports_surface_antigens_immunohistochemical_stains_CD2, CD13, CD33, CD34, CD56, CD58, CD64, CD117, CD123, dim/partial HLA-DR, dim/partial TdT and MPO positive"
"CD38, CD56, slightly dim CD4, CD33, dim CD13, CD64, CD11c, CD15 and partial CD117",labreports,surface_antigens_immunohistochemical_stains,"labreports_surface_antigens_immunohistochemical_stains_CD38, CD56, slightly dim CD4, CD33, dim CD13, CD64, CD11c, CD15 and partial CD117"
"CD13, partial dim CD33, CD34, CD38, dim CD58, CD117, CD123, dim HLA-DR, and partial MPO.",labreports,surface_antigens_immunohistochemical_stains,"labreports_surface_antigens_immunohistochemical_stains_CD13, partial dim CD33, CD34, CD38, dim CD58, CD117, CD123, dim HLA-DR, and partial MPO."
"CD4, partial CD11b, CD15, CD33, CD56, CD58, CD64, CD117, CD123, HLA-DR, and butyrate esterase positive",labreports,surface_antigens_immunohistochemical_stains,"labreports_surface_antigens_immunohistochemical_stains_CD4, partial CD11b, CD15, CD33, CD56, CD58, CD64, CD117, CD123, HLA-DR, and butyrate esterase positive"
"CD34 and MPO, with partial CD38, CD33, CD13, CD11c, CD117 and HLADR",labreports,surface_antigens_immunohistochemical_stains,"labreports_surface_antigens_immunohistochemical_stains_CD34 and MPO, with partial CD38, CD33, CD13, CD11c, CD117 and HLADR"
"CD13, CD15, CD34 (subset), CD38, CD58, CD64, CD117, CD123 and HLA-DR.",labreports,surface_antigens_immunohistochemical_stains,"labreports_surface_antigens_immunohistochemical_stains_CD13, CD15, CD34 (subset), CD38, CD58, CD64, CD117, CD123 and HLA-DR."
CD34/CD117 positive myeloid blasts comprise about 4% of total CD45+ cells with possible partial TdT expression,labreports,surface_antigens_immunohistochemical_stains,labreports_surface_antigens_immunohistochemical_stains_CD34/CD117 positive myeloid blasts comprise about 4% of total CD45+ cells with possible partial TdT expression
"CD34, CD38 (dim partial), CD13, CD33 (dim partial), CD11c, CD4 (dim partial), HLA-DR, CD117 and MPO",labreports,surface_antigens_immunohistochemical_stains,"labreports_surface_antigens_immunohistochemical_stains_CD34, CD38 (dim partial), CD13, CD33 (dim partial), CD11c, CD4 (dim partial), HLA-DR, CD117 and MPO"
"CD38, CD33; WITH PARTIAL CD34, CD56, CD13, CD11C, CD2 AND CD15/CD117",labreports,surface_antigens_immunohistochemical_stains,"labreports_surface_antigens_immunohistochemical_stains_CD38, CD33; WITH PARTIAL CD34, CD56, CD13, CD11C, CD2 AND CD15/CD117"
"CD13, CD34, CD58 and CD117",labreports,surface_antigens_immunohistochemical_stains,"labreports_surface_antigens_immunohistochemical_stains_CD13, CD34, CD58 and CD117"
"CD34+ BLAST POPULATION, 40%, EXPRESSING CD117, CD15 (DIM PARTIAL), CD13 (DIM PARTIAL), CD33 (DIM PARTIAL), CD38, CD4 (DIM PARTIAL), CD11C (DIM PARTIAL), CD64 (DIM PARTIAL), MPO (BRIGHT), AND ABERRANT CD7 (MINOR SUBSET DIM), WITH POSSIBLE CD19",labreports,surface_antigens_immunohistochemical_stains,"labreports_surface_antigens_immunohistochemical_stains_CD34+ BLAST POPULATION, 40%, EXPRESSING CD117, CD15 (DIM PARTIAL), CD13 (DIM PARTIAL), CD33 (DIM PARTIAL), CD38, CD4 (DIM PARTIAL), CD11C (DIM PARTIAL), CD64 (DIM PARTIAL), MPO (BRIGHT), AND ABERRANT CD7 (MINOR SUBSET DIM), WITH POSSIBLE CD19"
"Partial CD7, CD13, CD33, CD34, CD38, partial CD56, CD58, CD117, CD123, HLA-DR, and partial TdT",labreports,surface_antigens_immunohistochemical_stains,"labreports_surface_antigens_immunohistochemical_stains_Partial CD7, CD13, CD33, CD34, CD38, partial CD56, CD58, CD117, CD123, HLA-DR, and partial TdT"
"Increased atypical CD117 positive myeloid blasts (weak CD7 positive, HLA-DR negative), representing 18% of the total leukocytes, consistent with a myeloid neoplasm",labreports,surface_antigens_immunohistochemical_stains,"labreports_surface_antigens_immunohistochemical_stains_Increased atypical CD117 positive myeloid blasts (weak CD7 positive, HLA-DR negative), representing 18% of the total leukocytes, consistent with a myeloid neoplasm"
"partial CD7, CD13, CD33 (variable), CD34, CD38 (variable), CD117(variable)",labreports,surface_antigens_immunohistochemical_stains,"labreports_surface_antigens_immunohistochemical_stains_partial CD7, CD13, CD33 (variable), CD34, CD38 (variable), CD117(variable)"
"partial CD7, partial CD10, dimCD13, CD34, partial CD117, dim TdT positive",labreports,surface_antigens_immunohistochemical_stains,"labreports_surface_antigens_immunohistochemical_stains_partial CD7, partial CD10, dimCD13, CD34, partial CD117, dim TdT positive"
"CD7, CD13, CD33, CD34, CD38, and CD123 positive (Initial 7/8/2014 diagnosis: dim CD7, CD13, CD33, CD34, CD38, CD58, and CD117-positive)",labreports,surface_antigens_immunohistochemical_stains,"labreports_surface_antigens_immunohistochemical_stains_CD7, CD13, CD33, CD34, CD38, and CD123 positive (Initial 7/8/2014 diagnosis: dim CD7, CD13, CD33, CD34, CD38, CD58, and CD117-positive)"
"CD2(-), CD4(+), CD7(-), CD11b(+), CD13(partial +), CD14(-), CD15(+), CD16(-), CD33(+), CD34(-), CD36(partial +), CD45(+), CD56(variably +), CD64(+), CD117(partial +), CD79a(-), HLA-DR(+), MPO(-), Tdt(-)",labreports,surface_antigens_immunohistochemical_stains,"labreports_surface_antigens_immunohistochemical_stains_CD2(-), CD4(+), CD7(-), CD11b(+), CD13(partial +), CD14(-), CD15(+), CD16(-), CD33(+), CD34(-), CD36(partial +), CD45(+), CD56(variably +), CD64(+), CD117(partial +), CD79a(-), HLA-DR(+), MPO(-), Tdt(-)"
"CD34+ BLAST POPULATION, 51%, EXPRESSING HLA-DR, CD38, CD7, DIM PARTIAL CD13, PARTIAL CD33, CD117, PARTIAL MPO, AND PARTIAL TDT",labreports,surface_antigens_immunohistochemical_stains,"labreports_surface_antigens_immunohistochemical_stains_CD34+ BLAST POPULATION, 51%, EXPRESSING HLA-DR, CD38, CD7, DIM PARTIAL CD13, PARTIAL CD33, CD117, PARTIAL MPO, AND PARTIAL TDT"
"CD2(-), CD7(-), CD11b(-), CD13(variably +), CD14(-), CD15(partial +), CD16(-), CD33(partial +), CD34 (variably +), CD36(-), CD38(variably +), CD45(moderate to dim+), CD56(-), CD64(partial +), CD117(+), and HLA-DR(partial +).",labreports,surface_antigens_immunohistochemical_stains,"labreports_surface_antigens_immunohistochemical_stains_CD2(-), CD7(-), CD11b(-), CD13(variably +), CD14(-), CD15(partial +), CD16(-), CD33(partial +), CD34 (variably +), CD36(-), CD38(variably +), CD45(moderate to dim+), CD56(-), CD64(partial +), CD117(+), and HLA-DR(partial +)."
"CD13, partial CD33, CD34, CD38, dimCD45, CD58, partial CD64, CD117, HLA-DR, and MPO positive.",labreports,surface_antigens_immunohistochemical_stains,"labreports_surface_antigens_immunohistochemical_stains_CD13, partial CD33, CD34, CD38, dimCD45, CD58, partial CD64, CD117, HLA-DR, and MPO positive."
"CD34, CD38, CD13, CD33, CD11C, CD19, PARTIAL CD4, HLA-DR, PARTIAL CD15, CD117, PARTIAL CD61, AND PARTIAL CD7",labreports,surface_antigens_immunohistochemical_stains,"labreports_surface_antigens_immunohistochemical_stains_CD34, CD38, CD13, CD33, CD11C, CD19, PARTIAL CD4, HLA-DR, PARTIAL CD15, CD117, PARTIAL CD61, AND PARTIAL CD7"
"dim CD2, CD13, CD33, CD34 (variable), CD56, CD58, CD64, CD117, CD123 and cytoplasmic MPO positive; HLA-DR negative",labreports,surface_antigens_immunohistochemical_stains,"labreports_surface_antigens_immunohistochemical_stains_dim CD2, CD13, CD33, CD34 (variable), CD56, CD58, CD64, CD117, CD123 and cytoplasmic MPO positive; HLA-DR negative"
"CD2(-), CD4(partial dim +), CD7(-), CD11b(-), CD13(+), CD14(-), CD15 (partial +), CD16(-), CD33(variably +), CD34(+), CD36(-), CD38(partial +), CD45(dim to moderately +), CD56(-), CD64(-), CD117(partial +), HLA-DR(-), TdT(predominantly -), MPO(+).",labreports,surface_antigens_immunohistochemical_stains,"labreports_surface_antigens_immunohistochemical_stains_CD2(-), CD4(partial dim +), CD7(-), CD11b(-), CD13(+), CD14(-), CD15 (partial +), CD16(-), CD33(variably +), CD34(+), CD36(-), CD38(partial +), CD45(dim to moderately +), CD56(-), CD64(-), CD117(partial +), HLA-DR(-), TdT(predominantly -), MPO(+)."
"CD13, CD33, CD34, CD71, CD117, dim CD123 and HLA-DR+",labreports,surface_antigens_immunohistochemical_stains,"labreports_surface_antigens_immunohistochemical_stains_CD13, CD33, CD34, CD71, CD117, dim CD123 and HLA-DR+"
"CD2(-), CD4(equivocal), CD7(partial +), CD11b (equivocal), CD13(+), CD14(-), CD15(-), CD16(equivocal), CD33(-), CD34(bright +), CD36(-), CD38(dim +), CD45(+), CD56(equivocal), CD64(-), CD117(+), CD123(equivocal), HLA-DR(dim +), MPO(partial +), TdT(-) (Population 1 of 4 (0.02% of total events), consists of small myeloblasts) | CD2(-), CD4(equivocal), CD7(-), CD11b (-), CD13(partial +), CD14(-), CD15(partial +), CD16(-), CD25(-), CD33(variably +), CD34(-), CD36(-), CD38(moderately bright +), CD45(dim +), CD56(-), CD64(-), CD117(+), CD123(+), HLA-DR(partial +), MPO(partial +), TdT(-) (Population 2 of 4 (3.8% of total events), consists of immature myeloid cells) | CD13(partial +), CD14(partial +), CD36(variably +), CD45(variably +), CD56(partial +), HLA-DR(partial +), MPO(partial +) (Population 3 of 4 (61% of total events), consists of monocytes) | CD19(-), CD20(-), CD38(bright +), CD45(-), CD56(+), surface Ig(-), intracellular kappa(+), intracellular lambda(-) (Population 4 of 4 (0.34% of total events), consists of plasma cells)",labreports,surface_antigens_immunohistochemical_stains,"labreports_surface_antigens_immunohistochemical_stains_CD2(-), CD4(equivocal), CD7(partial +), CD11b (equivocal), CD13(+), CD14(-), CD15(-), CD16(equivocal), CD33(-), CD34(bright +), CD36(-), CD38(dim +), CD45(+), CD56(equivocal), CD64(-), CD117(+), CD123(equivocal), HLA-DR(dim +), MPO(partial +), TdT(-) (Population 1 of 4 (0.02% of total events), consists of small myeloblasts) | CD2(-), CD4(equivocal), CD7(-), CD11b (-), CD13(partial +), CD14(-), CD15(partial +), CD16(-), CD25(-), CD33(variably +), CD34(-), CD36(-), CD38(moderately bright +), CD45(dim +), CD56(-), CD64(-), CD117(+), CD123(+), HLA-DR(partial +), MPO(partial +), TdT(-) (Population 2 of 4 (3.8% of total events), consists of immature myeloid cells) | CD13(partial +), CD14(partial +), CD36(variably +), CD45(variably +), CD56(partial +), HLA-DR(partial +), MPO(partial +) (Population 3 of 4 (61% of total events), consists of monocytes) | CD19(-), CD20(-), CD38(bright +), CD45(-), CD56(+), surface Ig(-), intracellular kappa(+), intracellular lambda(-) (Population 4 of 4 (0.34% of total events), consists of plasma cells)"
"CD38(bright +), CD45(-), CD56(+), intracellular kappa(+), intracellular lambda(-)",labreports,surface_antigens_immunohistochemical_stains,"labreports_surface_antigens_immunohistochemical_stains_CD38(bright +), CD45(-), CD56(+), intracellular kappa(+), intracellular lambda(-)"
"CD11b, CD13, CD33, partial CD34, CD38, CD58, CD64, CD117, CD123, partial HLA-DR and cMPO positive",labreports,surface_antigens_immunohistochemical_stains,"labreports_surface_antigens_immunohistochemical_stains_CD11b, CD13, CD33, partial CD34, CD38, CD58, CD64, CD117, CD123, partial HLA-DR and cMPO positive"
"CD13, variable CD33, CD34, CD38, CD117, CD123, HLA-DR positive",labreports,surface_antigens_immunohistochemical_stains,"labreports_surface_antigens_immunohistochemical_stains_CD13, variable CD33, CD34, CD38, CD117, CD123, HLA-DR positive"
"CD34, CD13, HLA-DR, CD123, and CD58. In addition there is a predominant (about 60%) and atypical monocytic population expressing: CD11b, CD13, CD14, patial CD16, CD33dim, partial CD56, CD64bright, HLA-DR.",labreports,surface_antigens_immunohistochemical_stains,"labreports_surface_antigens_immunohistochemical_stains_CD34, CD13, HLA-DR, CD123, and CD58. In addition there is a predominant (about 60%) and atypical monocytic population expressing: CD11b, CD13, CD14, patial CD16, CD33dim, partial CD56, CD64bright, HLA-DR."
"dim partial CD11b, dim variable CD13, CD33, CD34, CD38, CD58, partial CD64, CD117, CD123, HLA-DR, partial TdT, dim MPO positive",labreports,surface_antigens_immunohistochemical_stains,"labreports_surface_antigens_immunohistochemical_stains_dim partial CD11b, dim variable CD13, CD33, CD34, CD38, CD58, partial CD64, CD117, CD123, HLA-DR, partial TdT, dim MPO positive"
"CD34+ BLAST POPULATION, 33%, EXPRESSING PARTIAL CD38, PARTIAL CD4, PARTIAL CD11C, HLA-DR, CD117, PARTIAL CD13, PARTIAL CD33, PARTIAL CD15, AND MPO",labreports,surface_antigens_immunohistochemical_stains,"labreports_surface_antigens_immunohistochemical_stains_CD34+ BLAST POPULATION, 33%, EXPRESSING PARTIAL CD38, PARTIAL CD4, PARTIAL CD11C, HLA-DR, CD117, PARTIAL CD13, PARTIAL CD33, PARTIAL CD15, AND MPO"
"CD34 (partial +), CD2(partial dim +), CD13(dim +), CD33(variably to bright +), CD25(-), CD38(+), CD45(moderately +), CD15 (partial +), CD117(+), CD123(dim +), HLA-DR(partial +), MPO(+), TdT(-), other myeloid and lymphoid antigens (-)",labreports,surface_antigens_immunohistochemical_stains,"labreports_surface_antigens_immunohistochemical_stains_CD34 (partial +), CD2(partial dim +), CD13(dim +), CD33(variably to bright +), CD25(-), CD38(+), CD45(moderately +), CD15 (partial +), CD117(+), CD123(dim +), HLA-DR(partial +), MPO(+), TdT(-), other myeloid and lymphoid antigens (-)"
"dim CD13, dimCD33, CD34, dim CD38, CD58, dimCD64, CD117, CD123, dim HLA-DR, TdT positive",labreports,surface_antigens_immunohistochemical_stains,"labreports_surface_antigens_immunohistochemical_stains_dim CD13, dimCD33, CD34, dim CD38, CD58, dimCD64, CD117, CD123, dim HLA-DR, TdT positive"
"CD2(partial +), CD4(partial +), CD5(partial dim +), CD7(-), CD11b(-), CD13(+), CD14(-), CD15(partial +), CD16(-), CDCD33(variably +), CD34(variably +), CD36(few +), CD38(variably +), CD45(moderate to dim +), CD56(-), CD64(partial +),CD117(+), CD123(variably +), HLA-DR(partial +), MPO(+), TdT(few +).",labreports,surface_antigens_immunohistochemical_stains,"labreports_surface_antigens_immunohistochemical_stains_CD2(partial +), CD4(partial +), CD5(partial dim +), CD7(-), CD11b(-), CD13(+), CD14(-), CD15(partial +), CD16(-), CDCD33(variably +), CD34(variably +), CD36(few +), CD38(variably +), CD45(moderate to dim +), CD56(-), CD64(partial +),CD117(+), CD123(variably +), HLA-DR(partial +), MPO(+), TdT(few +)."
"CD2(-), CD4(- to partial dim +), CD7(-), CD11b(-), CD13(+), CD14(-), CD15(few +), CD16(-), CD19(few +), CD33(variably +), CD34(variably +), CD36(-), CD38(variably +), CD45(variably +), CD56(-), CD64(-), CD117(+), HLA-DR (+), MPO(partial +), TdT(partial +).",labreports,surface_antigens_immunohistochemical_stains,"labreports_surface_antigens_immunohistochemical_stains_CD2(-), CD4(- to partial dim +), CD7(-), CD11b(-), CD13(+), CD14(-), CD15(few +), CD16(-), CD19(few +), CD33(variably +), CD34(variably +), CD36(-), CD38(variably +), CD45(variably +), CD56(-), CD64(-), CD117(+), HLA-DR (+), MPO(partial +), TdT(partial +)."
"Relative increase of phenotypically normal, slightly left shifted myeloid cells without flow cytometric evidence of monoclonality, acute leukemia, plasma cell dyscrasia, or lymphoproliferative disorder.",labreports,surface_antigens_immunohistochemical_stains,"labreports_surface_antigens_immunohistochemical_stains_Relative increase of phenotypically normal, slightly left shifted myeloid cells without flow cytometric evidence of monoclonality, acute leukemia, plasma cell dyscrasia, or lymphoproliferative disorder."
"dim CD4, partial variable CD7, CD13, CD33, partial CD34, CD38, partial CD58, CD117, CD123, HLA-DR, TDT and partial MPO positive.",labreports,surface_antigens_immunohistochemical_stains,"labreports_surface_antigens_immunohistochemical_stains_dim CD4, partial variable CD7, CD13, CD33, partial CD34, CD38, partial CD58, CD117, CD123, HLA-DR, TDT and partial MPO positive."
"dim CD7, CD13, dim CD33, CD34, CD38, CD56, dim partial CD64, CD117, dim CD123, HLA-DR, MPO, dim TdT positive",labreports,surface_antigens_immunohistochemical_stains,"labreports_surface_antigens_immunohistochemical_stains_dim CD7, CD13, dim CD33, CD34, CD38, CD56, dim partial CD64, CD117, dim CD123, HLA-DR, MPO, dim TdT positive"
"CD2(-), CD4(+), CD7(-), CD11b(few dim +), CD13(-), CD14(-), CD15(partial +), CD16(-), CD19(partial +), CD20(-), CD22(partial +), CD25(partial +), CD33(partial +), CD34(+), CD36(-), CD38(+), CD45(partial +) | CD64(-), CD79a(partial +), CD117 (-), HLA-DR(partial +), CD123(variably +), MPO(+), TdT(+)",labreports,surface_antigens_immunohistochemical_stains,"labreports_surface_antigens_immunohistochemical_stains_CD2(-), CD4(+), CD7(-), CD11b(few dim +), CD13(-), CD14(-), CD15(partial +), CD16(-), CD19(partial +), CD20(-), CD22(partial +), CD25(partial +), CD33(partial +), CD34(+), CD36(-), CD38(+), CD45(partial +) | CD64(-), CD79a(partial +), CD117 (-), HLA-DR(partial +), CD123(variably +), MPO(+), TdT(+)"
"Large population of CD117 positive myeloblasts (predominantly CD34 negative, HLA-DR negative), representing approximately 71% of the leukocytes consistent with acute myeloid leukemia.",labreports,surface_antigens_immunohistochemical_stains,"labreports_surface_antigens_immunohistochemical_stains_Large population of CD117 positive myeloblasts (predominantly CD34 negative, HLA-DR negative), representing approximately 71% of the leukocytes consistent with acute myeloid leukemia."
"CD13, CD33, CD34, CD38, CD58, CD117, CD123, and HLA-DR+",labreports,surface_antigens_immunohistochemical_stains,"labreports_surface_antigens_immunohistochemical_stains_CD13, CD33, CD34, CD38, CD58, CD117, CD123, and HLA-DR+"
"dimCD7, CD13, dim CD33, CD34, CD71, and CD117 positive",labreports,surface_antigens_immunohistochemical_stains,"labreports_surface_antigens_immunohistochemical_stains_dimCD7, CD13, dim CD33, CD34, CD71, and CD117 positive"
"CD13, partial/dim CD33, CD38, CD58, CD117 and MPO",labreports,surface_antigens_immunohistochemical_stains,"labreports_surface_antigens_immunohistochemical_stains_CD13, partial/dim CD33, CD38, CD58, CD117 and MPO"
"Most of the atypical cells (data not shown) are myeloid blasts that express CD117, partial CD7 (about 30% positive), CD13, CD33, HLA-DR, weak CD4, and partial CD15 (about 50% positive), but do not express CD34, CD14(MO2), or CD64. (The monocytic cells (percentages shown) are atypical in that they express weaker than normal CD13, with brighter than normal and more uniform than normal CD15, with phenotypically normal expression of bright CD33, bright CD64, CD4, and HLA-DR, and include approximately 80% that are phenotypically consistent with promonocytes/monoblasts, based on the lack of CD14(MO2).)",labreports,surface_antigens_immunohistochemical_stains,"labreports_surface_antigens_immunohistochemical_stains_Most of the atypical cells (data not shown) are myeloid blasts that express CD117, partial CD7 (about 30% positive), CD13, CD33, HLA-DR, weak CD4, and partial CD15 (about 50% positive), but do not express CD34, CD14(MO2), or CD64. (The monocytic cells (percentages shown) are atypical in that they express weaker than normal CD13, with brighter than normal and more uniform than normal CD15, with phenotypically normal expression of bright CD33, bright CD64, CD4, and HLA-DR, and include approximately 80% that are phenotypically consistent with promonocytes/monoblasts, based on the lack of CD14(MO2).)"
"CD13, CD33, CD34, CD117, and HLA-DR positive",labreports,surface_antigens_immunohistochemical_stains,"labreports_surface_antigens_immunohistochemical_stains_CD13, CD33, CD34, CD117, and HLA-DR positive"
"ABNORMAL CD34+ BLAST POPULATION, 72%, EXPRESSING DIM PARTIAL CD4, DIM PARTIAL CD7, DIM PARTIAL CD8, CD33, CD38, PARTIAL CD64, CD117, PARTIAL HLA-DR, AND DIM PARTIAL TdT",labreports,surface_antigens_immunohistochemical_stains,"labreports_surface_antigens_immunohistochemical_stains_ABNORMAL CD34+ BLAST POPULATION, 72%, EXPRESSING DIM PARTIAL CD4, DIM PARTIAL CD7, DIM PARTIAL CD8, CD33, CD38, PARTIAL CD64, CD117, PARTIAL HLA-DR, AND DIM PARTIAL TdT"
"CD2(-), CD4(-), CD7(-), CD11b(-), CD13(+), CD14(-), CD15(partial dim +), CD16(-), CD33(bright +), CD34 (partial +), CD36(equivocal), CD38(variably +), CD45(+), CD56(-), CD64(partial dim +), CD117(+), HLA-DR(partial +), TdT (-), MPO(-).",labreports,surface_antigens_immunohistochemical_stains,"labreports_surface_antigens_immunohistochemical_stains_CD2(-), CD4(-), CD7(-), CD11b(-), CD13(+), CD14(-), CD15(partial dim +), CD16(-), CD33(bright +), CD34 (partial +), CD36(equivocal), CD38(variably +), CD45(+), CD56(-), CD64(partial dim +), CD117(+), HLA-DR(partial +), TdT (-), MPO(-)."
"CD2(-), CD4(dim +), CD7(partial +), CD11b(-), CD13(variably +), CD14(-), CD15(partial dim +), CD16(-), CD25(-), CD33(bright +), CD34(-), CD36(-), CD38(+), CD41(-), CD45(+), CD56(-), CD64(-), CD71(+), CD117(+), CD123(+), GLy-A(-), HLA-DR(partial + and variable), TdT(-), MPO(+).",labreports,surface_antigens_immunohistochemical_stains,"labreports_surface_antigens_immunohistochemical_stains_CD2(-), CD4(dim +), CD7(partial +), CD11b(-), CD13(variably +), CD14(-), CD15(partial dim +), CD16(-), CD25(-), CD33(bright +), CD34(-), CD36(-), CD38(+), CD41(-), CD45(+), CD56(-), CD64(-), CD71(+), CD117(+), CD123(+), GLy-A(-), HLA-DR(partial + and variable), TdT(-), MPO(+)."
"CD2(-), CD4(dim +), CD7(-), CD11b(-), CD13(+), CD14(-), CD15(partial dim +), CD16(-), CD33(+ to bright +), CD34(-), CD38(+), CD45(+), CD56(-), CD64(-), CD117(+), HLA-DR(dim +).",labreports,surface_antigens_immunohistochemical_stains,"labreports_surface_antigens_immunohistochemical_stains_CD2(-), CD4(dim +), CD7(-), CD11b(-), CD13(+), CD14(-), CD15(partial dim +), CD16(-), CD33(+ to bright +), CD34(-), CD38(+), CD45(+), CD56(-), CD64(-), CD117(+), HLA-DR(dim +)."
"CD13, CD33, CD58, CD64, CD117, CD123 and MPO positive",labreports,surface_antigens_immunohistochemical_stains,"labreports_surface_antigens_immunohistochemical_stains_CD13, CD33, CD58, CD64, CD117, CD123 and MPO positive"
"ABNORMAL CD34-NEGATIVE BLAST POPULATION, 65%, EXPRESSING MYELOPEROXIDASE, CD117, CD13, CD33, AND CD56, AND SHOWING PARTIAL EXPRESSION OF CD38, CD64(DIM), CD11c(DIM), CD4(DIM) AND HLA-DR",labreports,surface_antigens_immunohistochemical_stains,"labreports_surface_antigens_immunohistochemical_stains_ABNORMAL CD34-NEGATIVE BLAST POPULATION, 65%, EXPRESSING MYELOPEROXIDASE, CD117, CD13, CD33, AND CD56, AND SHOWING PARTIAL EXPRESSION OF CD38, CD64(DIM), CD11c(DIM), CD4(DIM) AND HLA-DR"
"dim CD7, CD13, dim CD33, CD34, CD38, CD58, partial CD56, CD117, CD123 and HLA-DR positive",labreports,surface_antigens_immunohistochemical_stains,"labreports_surface_antigens_immunohistochemical_stains_dim CD7, CD13, dim CD33, CD34, CD38, CD58, partial CD56, CD117, CD123 and HLA-DR positive"
"dim CD4, partial CD11b, CD13, CD33, CD34, partial CD38, partial CD64, CD117, CD123, HLA-DR and dim MPO positive.",labreports,surface_antigens_immunohistochemical_stains,"labreports_surface_antigens_immunohistochemical_stains_dim CD4, partial CD11b, CD13, CD33, CD34, partial CD38, partial CD64, CD117, CD123, HLA-DR and dim MPO positive."
"CD2 (-), CD4(- to dim +), CD7(-), CD11b(-), CD13(bright +), CD14(-), CD15(-), CD16(-), CD25(dim +), CD33(+), CD34(+), CD36(-), CD38(partial +), CD45(moderate to slightly dim +), CD56(-), CD64(-), CD117(+), CD123(dim +), HLA-DR(variably+), MPO(-), TdT(-)",labreports,surface_antigens_immunohistochemical_stains,"labreports_surface_antigens_immunohistochemical_stains_CD2 (-), CD4(- to dim +), CD7(-), CD11b(-), CD13(bright +), CD14(-), CD15(-), CD16(-), CD25(dim +), CD33(+), CD34(+), CD36(-), CD38(partial +), CD45(moderate to slightly dim +), CD56(-), CD64(-), CD117(+), CD123(dim +), HLA-DR(variably+), MPO(-), TdT(-)"
"CD2(-), CD4(appears partial dim +), CD7(-), CD11b(partial +), CD13(+), CD14(-), CD15(partial dim +), CD16(-), CD33(bright +), CD34(+), CD36(-), CD38(partial +), CD45(moderately +), CD56(partial +), CD64(partial +), CD117 (+), HLA-DR(+).",labreports,surface_antigens_immunohistochemical_stains,"labreports_surface_antigens_immunohistochemical_stains_CD2(-), CD4(appears partial dim +), CD7(-), CD11b(partial +), CD13(+), CD14(-), CD15(partial dim +), CD16(-), CD33(bright +), CD34(+), CD36(-), CD38(partial +), CD45(moderately +), CD56(partial +), CD64(partial +), CD117 (+), HLA-DR(+)."
"CD34, CD38, CD117, CD13, CD4, HLA-DR, AND TDT",labreports,surface_antigens_immunohistochemical_stains,"labreports_surface_antigens_immunohistochemical_stains_CD34, CD38, CD117, CD13, CD4, HLA-DR, AND TDT"
"CD7, CD13, CD33, CD34, CD38, CD64, CD117, HLA-DR and MPO positive (Myeloid blasts) | CD13, CD14,CD33, CD64, dimCD34, and MPO positive (Monocytes)",labreports,surface_antigens_immunohistochemical_stains,"labreports_surface_antigens_immunohistochemical_stains_CD7, CD13, CD33, CD34, CD38, CD64, CD117, HLA-DR and MPO positive (Myeloid blasts) | CD13, CD14,CD33, CD64, dimCD34, and MPO positive (Monocytes)"
"CD11b, CD13, partial CD14, CD15, CD33,CD38, CD45, CD56, CD58, CD64, HLA-DR and MPO-positive",labreports,surface_antigens_immunohistochemical_stains,"labreports_surface_antigens_immunohistochemical_stains_CD11b, CD13, partial CD14, CD15, CD33,CD38, CD45, CD56, CD58, CD64, HLA-DR and MPO-positive"
"CD7, CD13, CD33, CD34, CD117, HLA-DR, cMPO (+)",labreports,surface_antigens_immunohistochemical_stains,"labreports_surface_antigens_immunohistochemical_stains_CD7, CD13, CD33, CD34, CD117, HLA-DR, cMPO (+)"
"Immunophenotyping done on the peripheral blood on 12/1/2014 identified a myeloid blast population with the following immunophenotype: CD13, partial CD15, CD33, CD34, CD38, CD58, variable CD64, CD117, HLA-DR and cMPO. And, it identified a promonocyte/monoblast population expressing:",labreports,surface_antigens_immunohistochemical_stains,"labreports_surface_antigens_immunohistochemical_stains_Immunophenotyping done on the peripheral blood on 12/1/2014 identified a myeloid blast population with the following immunophenotype: CD13, partial CD15, CD33, CD34, CD38, CD58, variable CD64, CD117, HLA-DR and cMPO. And, it identified a promonocyte/monoblast population expressing:"
"large population of atypical CD117 positive myeloblasts (partial CD34+, weak CD4+, weak partial CD7+, partial CD64+), representing approximately 57% of the leukocytes and increased promonocytes/monoblasts representing approximately 13% of the total leukocytes",labreports,surface_antigens_immunohistochemical_stains,"labreports_surface_antigens_immunohistochemical_stains_large population of atypical CD117 positive myeloblasts (partial CD34+, weak CD4+, weak partial CD7+, partial CD64+), representing approximately 57% of the leukocytes and increased promonocytes/monoblasts representing approximately 13% of the total leukocytes"
"CD2(-), CD4(-), CD7(-), CD11b(-), CD13(+), CD14(-), CD15(partial dim +), CD16(-), CD25(-), CD33(bright +), CD34(-/small subset +), CD36(-), CD38(variably +), CD45(+), CD56(-), CD64(equivocal/appears partial dim +), CD117(+), CD123(-), HLA-DR(-), MPO(appears partial +), TdT(few +).",labreports,surface_antigens_immunohistochemical_stains,"labreports_surface_antigens_immunohistochemical_stains_CD2(-), CD4(-), CD7(-), CD11b(-), CD13(+), CD14(-), CD15(partial dim +), CD16(-), CD25(-), CD33(bright +), CD34(-/small subset +), CD36(-), CD38(variably +), CD45(+), CD56(-), CD64(equivocal/appears partial dim +), CD117(+), CD123(-), HLA-DR(-), MPO(appears partial +), TdT(few +)."
"CD7, minor subset CD11b, CD13, minor subset CD14, dim CD33, CD34, CD38, CD58, minor subset CD64, CD117, CD123, HLA-DR, subset myeloperoxidase positive",labreports,surface_antigens_immunohistochemical_stains,"labreports_surface_antigens_immunohistochemical_stains_CD7, minor subset CD11b, CD13, minor subset CD14, dim CD33, CD34, CD38, CD58, minor subset CD64, CD117, CD123, HLA-DR, subset myeloperoxidase positive"
"partial CD7, partial CD13, CD34, partial CD38, partial CD117, dim CD123, HLA-DR and TDT positive",labreports,surface_antigens_immunohistochemical_stains,"labreports_surface_antigens_immunohistochemical_stains_partial CD7, partial CD13, CD34, partial CD38, partial CD117, dim CD123, HLA-DR and TDT positive"
"CD34, dim CD45, CD117",labreports,surface_antigens_immunohistochemical_stains,"labreports_surface_antigens_immunohistochemical_stains_CD34, dim CD45, CD117"
"CD4, CD11b, CD15, CD33, CD38, CD58, CD64, CD123 and partial HLA-DR positive",labreports,surface_antigens_immunohistochemical_stains,"labreports_surface_antigens_immunohistochemical_stains_CD4, CD11b, CD15, CD33, CD38, CD58, CD64, CD123 and partial HLA-DR positive"
"Partial CD34, cd38, cd117, cd15, cd33, partial cd13, partial cd64, cd11c, dim partial cd4, hla-dr and mpo",labreports,surface_antigens_immunohistochemical_stains,"labreports_surface_antigens_immunohistochemical_stains_Partial CD34, cd38, cd117, cd15, cd33, partial cd13, partial cd64, cd11c, dim partial cd4, hla-dr and mpo"
"CD2(-), CD4(-), CD7(-), CD11b(-), CD13(bright +), CD14(-), CD15(few +), CD16 (-), CD33(variably +), CD34(+), CD36(-), CD38(partial + with an unusual pattern of expression vs. CD34), CD45(moderate to slightly dim +), CD56(-), CD64(-), CD117(+), HLA-DR(dim +). (21% population of medium-sized to large cells)",labreports,surface_antigens_immunohistochemical_stains,"labreports_surface_antigens_immunohistochemical_stains_CD2(-), CD4(-), CD7(-), CD11b(-), CD13(bright +), CD14(-), CD15(few +), CD16 (-), CD33(variably +), CD34(+), CD36(-), CD38(partial + with an unusual pattern of expression vs. CD34), CD45(moderate to slightly dim +), CD56(-), CD64(-), CD117(+), HLA-DR(dim +). (21% population of medium-sized to large cells)"
"CD34, CD13, partialCD15, CD38, CD45, CD117, CD123, HLA-DR, dimMPO (15% population of variably-sized blasts)",labreports,surface_antigens_immunohistochemical_stains,"labreports_surface_antigens_immunohistochemical_stains_CD34, CD13, partialCD15, CD38, CD45, CD117, CD123, HLA-DR, dimMPO (15% population of variably-sized blasts)"
"CD13, CD33, dim CD71, CD117, CD123, and MPO",labreports,surface_antigens_immunohistochemical_stains,"labreports_surface_antigens_immunohistochemical_stains_CD13, CD33, dim CD71, CD117, CD123, and MPO"
"positive for CD13, CD34, CD38, CD117, and HLA-DR; negative for MPO, and B-cell and T-cell markers",labreports,surface_antigens_immunohistochemical_stains,"labreports_surface_antigens_immunohistochemical_stains_positive for CD13, CD34, CD38, CD117, and HLA-DR; negative for MPO, and B-cell and T-cell markers"
"CD2(-), CD4(-), CD7(-), CD11b(partial +), CD13(+), CD14(-), CD15(partial dim +), CD16(-), CD25(-), CD33(bright +), CD34(+), CD36(-), CD38(partial +), CD45(+), CD56(+), CD64(-), CD117(+), CD123(dim +), HLA-DR (+), MPO(few +), TdT(-).",labreports,surface_antigens_immunohistochemical_stains,"labreports_surface_antigens_immunohistochemical_stains_CD2(-), CD4(-), CD7(-), CD11b(partial +), CD13(+), CD14(-), CD15(partial dim +), CD16(-), CD25(-), CD33(bright +), CD34(+), CD36(-), CD38(partial +), CD45(+), CD56(+), CD64(-), CD117(+), CD123(dim +), HLA-DR (+), MPO(few +), TdT(-)."
"positive for CD13, dim CD33, CD34, CD38, dim CD45, CD117, HLA-DR and TdT",labreports,surface_antigens_immunohistochemical_stains,"labreports_surface_antigens_immunohistochemical_stains_positive for CD13, dim CD33, CD34, CD38, dim CD45, CD117, HLA-DR and TdT"
"partialCD4, partial/dimCD7, partialCDllb, CD13, partialCD15, partialCD22, partialCD25, brightCD33, partialCD34, CD38, CD45, CD117, partialCD123, HLA-DR, partialMPO, partialTdT",labreports,surface_antigens_immunohistochemical_stains,"labreports_surface_antigens_immunohistochemical_stains_partialCD4, partial/dimCD7, partialCDllb, CD13, partialCD15, partialCD22, partialCD25, brightCD33, partialCD34, CD38, CD45, CD117, partialCD123, HLA-DR, partialMPO, partialTdT"
"positive for CD34, CD117, CD13, CD33 and HLA-DR",labreports,surface_antigens_immunohistochemical_stains,"labreports_surface_antigens_immunohistochemical_stains_positive for CD34, CD117, CD13, CD33 and HLA-DR"
"CD7, CD13, CD33, CD34, CD38, CD56, CD117, CD123, HLA-DR and MPO+ (see Note) (Expression of the following antigens is dim and/or partial:  CD7, CD33, CD34, CD38, CD56, CD123, HLA-DR and MPO.) | Small clonal B cell population (<1% of total cells); CD19, CD20, and kappa+",labreports,surface_antigens_immunohistochemical_stains,"labreports_surface_antigens_immunohistochemical_stains_CD7, CD13, CD33, CD34, CD38, CD56, CD117, CD123, HLA-DR and MPO+ (see Note) (Expression of the following antigens is dim and/or partial:  CD7, CD33, CD34, CD38, CD56, CD123, HLA-DR and MPO.) | Small clonal B cell population (<1% of total cells); CD19, CD20, and kappa+"
"partial CD7 (~35%), CD13, partial dim CD33, CD34, CD38, variable CD56, and CD117",labreports,surface_antigens_immunohistochemical_stains,"labreports_surface_antigens_immunohistochemical_stains_partial CD7 (~35%), CD13, partial dim CD33, CD34, CD38, variable CD56, and CD117"
"CD7, CD13, CD33, CD34, CD38, CD58, dim CD71, CD117, HLA-DR, MPO and partial TDT positive.",labreports,surface_antigens_immunohistochemical_stains,"labreports_surface_antigens_immunohistochemical_stains_CD7, CD13, CD33, CD34, CD38, CD58, dim CD71, CD117, HLA-DR, MPO and partial TDT positive."
"CD13, CD33, CD38, CD58, CD117, CD123, MPO positive | CD5+ B cell lymphoproliferative disorder (approximately 5% of total marrow cellularity) - Immunophenotype: CD5, CD19, dim CD20, CD23, dim kappa positive",labreports,surface_antigens_immunohistochemical_stains,"labreports_surface_antigens_immunohistochemical_stains_CD13, CD33, CD38, CD58, CD117, CD123, MPO positive | CD5+ B cell lymphoproliferative disorder (approximately 5% of total marrow cellularity) - Immunophenotype: CD5, CD19, dim CD20, CD23, dim kappa positive"
"MPO, HLA-DR, CD11c,CD13, CD33, DIM CD7, PARTIAL CD64, PARTIAL CD4, AND LACKING CD34",labreports,surface_antigens_immunohistochemical_stains,"labreports_surface_antigens_immunohistochemical_stains_MPO, HLA-DR, CD11c,CD13, CD33, DIM CD7, PARTIAL CD64, PARTIAL CD4, AND LACKING CD34"
"CD7, CD13, CD33, partial CD34, CD117 and dim CD123+",labreports,surface_antigens_immunohistochemical_stains,"labreports_surface_antigens_immunohistochemical_stains_CD7, CD13, CD33, partial CD34, CD117 and dim CD123+"
"CD4(partial +), CD7(-), CD11b(-), CD13(variably +), CD14(-), CD15(partial dim +), CD16(-), CD33(partial +), CD34(+), CD36(subset +), CD38(variably +), CD45(moderate to dim +), CD56(-), CD64(-), CD117(partial +), HLA-DR(variably +), MPO(partial +), TdT(small subset +) (56% population of variably-sized cells)",labreports,surface_antigens_immunohistochemical_stains,"labreports_surface_antigens_immunohistochemical_stains_CD4(partial +), CD7(-), CD11b(-), CD13(variably +), CD14(-), CD15(partial dim +), CD16(-), CD33(partial +), CD34(+), CD36(subset +), CD38(variably +), CD45(moderate to dim +), CD56(-), CD64(-), CD117(partial +), HLA-DR(variably +), MPO(partial +), TdT(small subset +) (56% population of variably-sized cells)"
"CD13, CD33, CD38, CD58, dim CD64, CD117, CD123, dim HLA-DR and partial MPO+",labreports,surface_antigens_immunohistochemical_stains,"labreports_surface_antigens_immunohistochemical_stains_CD13, CD33, CD38, CD58, dim CD64, CD117, CD123, dim HLA-DR and partial MPO+"
"CD7, CD11b, CD13, dim CD33, CD34, CD38, CD58,   CD117 and HLA-DR+",labreports,surface_antigens_immunohistochemical_stains,"labreports_surface_antigens_immunohistochemical_stains_CD7, CD11b, CD13, dim CD33, CD34, CD38, CD58,   CD117 and HLA-DR+"
"CD2(-), CD7(-), CD11b(-), CD13(+), CD14(-), CD15(partial +), CD33(variably +), CD34(+), CD36 (-), CD38(+), CD45(+), CD56(-), CD64(partial dim +), CD117(+), HLA-DR(+)",labreports,surface_antigens_immunohistochemical_stains,"labreports_surface_antigens_immunohistochemical_stains_CD2(-), CD7(-), CD11b(-), CD13(+), CD14(-), CD15(partial +), CD33(variably +), CD34(+), CD36 (-), CD38(+), CD45(+), CD56(-), CD64(partial dim +), CD117(+), HLA-DR(+)"
"positive for dim CD7, dim CD10, CD34, CD38, dim CD45, cCD79a, CD99, HLA-DR, TdT, dim PAX5",labreports,surface_antigens_immunohistochemical_stains,"labreports_surface_antigens_immunohistochemical_stains_positive for dim CD7, dim CD10, CD34, CD38, dim CD45, cCD79a, CD99, HLA-DR, TdT, dim PAX5"
"positive for CD13, HLA-DR, CD34, and CD117, with aberrant loss of CD33, and with aberrant expression of CD7",labreports,surface_antigens_immunohistochemical_stains,"labreports_surface_antigens_immunohistochemical_stains_positive for CD13, HLA-DR, CD34, and CD117, with aberrant loss of CD33, and with aberrant expression of CD7"
"positive for CD33, CD13, CD117, and myeloperoxidase; negative for CD34 and HLA-DR",labreports,surface_antigens_immunohistochemical_stains,"labreports_surface_antigens_immunohistochemical_stains_positive for CD33, CD13, CD117, and myeloperoxidase; negative for CD34 and HLA-DR"
"The myeloblasts were positive for CD34, CD117, CD13, CD33, and HLA-DR. A subset of the myeloblasts showed aberrant expression of CD56.",labreports,surface_antigens_immunohistochemical_stains,"labreports_surface_antigens_immunohistochemical_stains_The myeloblasts were positive for CD34, CD117, CD13, CD33, and HLA-DR. A subset of the myeloblasts showed aberrant expression of CD56."
"CD13, dim CD15, CD34, bright CD33, variable CD56, CD64, CD117, CD123, variable HLA-DR, and bright MPO",labreports,surface_antigens_immunohistochemical_stains,"labreports_surface_antigens_immunohistochemical_stains_CD13, dim CD15, CD34, bright CD33, variable CD56, CD64, CD117, CD123, variable HLA-DR, and bright MPO"
"dim CD2, dim CD7, CD13, dim CD19, dim CD20, CD33, partial CD34, variable CD38, dim CD64, CD117, CD123, and HLA-DR positive.",labreports,surface_antigens_immunohistochemical_stains,"labreports_surface_antigens_immunohistochemical_stains_dim CD2, dim CD7, CD13, dim CD19, dim CD20, CD33, partial CD34, variable CD38, dim CD64, CD117, CD123, and HLA-DR positive."
"CD2(-), CD7(-), CD11b(-), CD13(+), CD14(-), CD15(partial dim +), CD16(-), CD33 (bright +), CD34(partial +), CD36(-), CD38(variably +), CD45(+), CD56(-), CD64(-), CD117(+), HLA-DR (+), GLy-A(-), MPO(partial +), TdT(-).",labreports,surface_antigens_immunohistochemical_stains,"labreports_surface_antigens_immunohistochemical_stains_CD2(-), CD7(-), CD11b(-), CD13(+), CD14(-), CD15(partial dim +), CD16(-), CD33 (bright +), CD34(partial +), CD36(-), CD38(variably +), CD45(+), CD56(-), CD64(-), CD117(+), HLA-DR (+), GLy-A(-), MPO(partial +), TdT(-)."
"CD2(-), CD7(partial +), CD11b(partial +), CD13(+), CD14(-), CD15(partial +), CD16(-), CD19(few appear very dim +), CD25(-), CD33(variably +), CD34(variably +), CD36(subset +), CD38(+), CD45 (variably +), CD56(+), CD64(partial +), CD117(+), CD123(-), HLA-DR(+), MPO(+), TdT(-). (73% population of medium to large sized cells)",labreports,surface_antigens_immunohistochemical_stains,"labreports_surface_antigens_immunohistochemical_stains_CD2(-), CD7(partial +), CD11b(partial +), CD13(+), CD14(-), CD15(partial +), CD16(-), CD19(few appear very dim +), CD25(-), CD33(variably +), CD34(variably +), CD36(subset +), CD38(+), CD45 (variably +), CD56(+), CD64(partial +), CD117(+), CD123(-), HLA-DR(+), MPO(+), TdT(-). (73% population of medium to large sized cells)"
"Myeloid blast (52%) immunophenotype: CD13, variable CD33, CD34, variable CD38, variable CD117, HLA-DR, and TdT positive | Monocytic blast/promonocyte (28%) immunophenotype: dim CD2, CD11b, CD13, variable CD14, bright CD33, dim CD34, CD38, CD58, CD64, and HLA-DR positive",labreports,surface_antigens_immunohistochemical_stains,"labreports_surface_antigens_immunohistochemical_stains_Myeloid blast (52%) immunophenotype: CD13, variable CD33, CD34, variable CD38, variable CD117, HLA-DR, and TdT positive | Monocytic blast/promonocyte (28%) immunophenotype: dim CD2, CD11b, CD13, variable CD14, bright CD33, dim CD34, CD38, CD58, CD64, and HLA-DR positive"
"CD2(-), CD7(-), CD11b(-), CD13(+), CD14(-), CD15(- to partial dim +), CD16(-), CD25(-), CD33(+ to slightly bright +), CD34(partial +), CD36(equivocal), CD38(slightly dim and variable), CD45(dim +), CD56(-), CD64(-), CD117(+), CD123(+), HLA-DR(+), MPO(+), TdT(-).",labreports,surface_antigens_immunohistochemical_stains,"labreports_surface_antigens_immunohistochemical_stains_CD2(-), CD7(-), CD11b(-), CD13(+), CD14(-), CD15(- to partial dim +), CD16(-), CD25(-), CD33(+ to slightly bright +), CD34(partial +), CD36(equivocal), CD38(slightly dim and variable), CD45(dim +), CD56(-), CD64(-), CD117(+), CD123(+), HLA-DR(+), MPO(+), TdT(-)."
"dim CD4, dim CD7, dim CD11b, CD13, CD33, variable CD34, CD38, CD58, variable CD64, CD117, CD123, dim HLA-DR, MPO, and dim TdT",labreports,surface_antigens_immunohistochemical_stains,"labreports_surface_antigens_immunohistochemical_stains_dim CD4, dim CD7, dim CD11b, CD13, CD33, variable CD34, CD38, CD58, variable CD64, CD117, CD123, dim HLA-DR, MPO, and dim TdT"
"CD13, CD34, dim CD33, CD38, CD58, CD71, CD117, CD123, partial TdT, and partial MPO+",labreports,surface_antigens_immunohistochemical_stains,"labreports_surface_antigens_immunohistochemical_stains_CD13, CD34, dim CD33, CD38, CD58, CD71, CD117, CD123, partial TdT, and partial MPO+"
"partial dim CD7, CD13, dim CD33, CD34, CD38, CD58, CD117, HLA-Dr and variable MPO",labreports,surface_antigens_immunohistochemical_stains,"labreports_surface_antigens_immunohistochemical_stains_partial dim CD7, CD13, dim CD33, CD34, CD38, CD58, CD117, HLA-Dr and variable MPO"
"Large population of atypical myeloblasts (CD56 positive, weak CD117 positive, CD34 negative, HLA-DR negative), representing approximately 87% of the leukocytes, consistent with acute myeloid leukemia",labreports,surface_antigens_immunohistochemical_stains,"labreports_surface_antigens_immunohistochemical_stains_Large population of atypical myeloblasts (CD56 positive, weak CD117 positive, CD34 negative, HLA-DR negative), representing approximately 87% of the leukocytes, consistent with acute myeloid leukemia"
"CD11b, dim CD13, dim CD15, CD33, CD38, dim CD45, CD56, CD58, bright CD64, dim CD117, CD123, HLA-DR, and variable MPO positive",labreports,surface_antigens_immunohistochemical_stains,"labreports_surface_antigens_immunohistochemical_stains_CD11b, dim CD13, dim CD15, CD33, CD38, dim CD45, CD56, CD58, bright CD64, dim CD117, CD123, HLA-DR, and variable MPO positive"
"It reveals 0.23% CD34 (+) myeloid blasts with the following immunophenotype: CD2(-), CD7(-), CD13(+), CD15(-/few +), CD33 (bright +), CD36(few +), CD38(partial +), CD45(+), CD64(-), CD117(+), HLA-DR(-), MPO (partial +). (A limited/targeted immunophenotypic analysis could be performed on this paucicellular specimen.) | CD2(-), CD4(partial dim +), CD7(-), CD11b(-), CD13(variably +), CD15(-/few +), CD33(bright +), CD34(-), CD36(- /few +), CD38(+), CD45(+), CD56(-), CD64(few +), CD117(+), and HLA-DR(-) (There is also a 16% population of medium-sized cells with the following immunophenotype)",labreports,surface_antigens_immunohistochemical_stains,"labreports_surface_antigens_immunohistochemical_stains_It reveals 0.23% CD34 (+) myeloid blasts with the following immunophenotype: CD2(-), CD7(-), CD13(+), CD15(-/few +), CD33 (bright +), CD36(few +), CD38(partial +), CD45(+), CD64(-), CD117(+), HLA-DR(-), MPO (partial +). (A limited/targeted immunophenotypic analysis could be performed on this paucicellular specimen.) | CD2(-), CD4(partial dim +), CD7(-), CD11b(-), CD13(variably +), CD15(-/few +), CD33(bright +), CD34(-), CD36(- /few +), CD38(+), CD45(+), CD56(-), CD64(few +), CD117(+), and HLA-DR(-) (There is also a 16% population of medium-sized cells with the following immunophenotype)"
"Large population of atypical monocytic cells (weaker than normal CD33, partial loss of CD13) including promonocytes/monoblasts representing approximately 50% of the leukocytes suggestive of acute monoblastic or monocytic leukemia. | Large population of atypical monocytic cells (weaker than normal CD33, partial loss of CD13) including promonocytes/monoblasts representing approximately 50% of the leukocytes",labreports,surface_antigens_immunohistochemical_stains,"labreports_surface_antigens_immunohistochemical_stains_Large population of atypical monocytic cells (weaker than normal CD33, partial loss of CD13) including promonocytes/monoblasts representing approximately 50% of the leukocytes suggestive of acute monoblastic or monocytic leukemia. | Large population of atypical monocytic cells (weaker than normal CD33, partial loss of CD13) including promonocytes/monoblasts representing approximately 50% of the leukocytes"
"Flow cytometry shows the large majority of analyzed cells fall within the monocyte gate, which are predominantly mature as evidenced by coexpression of CD14 and CD64. A smaller subset of cells within the monocyte gate consists of immature monocytes with decreased expression of CD14 and/or CD64. (A discrete population of myeloblasts is also present.)",labreports,surface_antigens_immunohistochemical_stains,"labreports_surface_antigens_immunohistochemical_stains_Flow cytometry shows the large majority of analyzed cells fall within the monocyte gate, which are predominantly mature as evidenced by coexpression of CD14 and CD64. A smaller subset of cells within the monocyte gate consists of immature monocytes with decreased expression of CD14 and/or CD64. (A discrete population of myeloblasts is also present.)"
"CD2(-), CD4(partial +), CD11b(few dim +), CD13(+), CD14(-), CD15(-), CD16 (-), CD25(-), CD33(bright +), CD34(-), CD36(-), CD38(variably +), CD45(variably +), CD56(-), CD64(+), CD117(variably +), CD123(+), HLA-DR(-), myeloperoxidase(+), and TdT(-).",labreports,surface_antigens_immunohistochemical_stains,"labreports_surface_antigens_immunohistochemical_stains_CD2(-), CD4(partial +), CD11b(few dim +), CD13(+), CD14(-), CD15(-), CD16 (-), CD25(-), CD33(bright +), CD34(-), CD36(-), CD38(variably +), CD45(variably +), CD56(-), CD64(+), CD117(variably +), CD123(+), HLA-DR(-), myeloperoxidase(+), and TdT(-)."
"dim CD2, CD13, CD33, CD34, CD38, CD117, dim CD123, dim HLA-DR, and TdT positive",labreports,surface_antigens_immunohistochemical_stains,"labreports_surface_antigens_immunohistochemical_stains_dim CD2, CD13, CD33, CD34, CD38, CD117, dim CD123, dim HLA-DR, and TdT positive"
"CD3 - Scattered cells positive, 5-10% of marrow cells CD20 - Scattered cells positive, 5-10% of marrow cells CD34 - Rare cells positive, <1% of marrow cells CD30 - Negative CD43 - Positive in >60% of marrow cells, including the clusters of immature cells (CD117 - Scattered and small loose clusters of cells positive, 10-15% of marrow cells CD138 - Occasional cells positive, 2% of marrow cells Glycophorin A - Occasional cells positive, 3-5% of marrow cells MPO - Scattered and clusters of cells positive, 20% of marrow cells)",labreports,surface_antigens_immunohistochemical_stains,"labreports_surface_antigens_immunohistochemical_stains_CD3 - Scattered cells positive, 5-10% of marrow cells CD20 - Scattered cells positive, 5-10% of marrow cells CD34 - Rare cells positive, <1% of marrow cells CD30 - Negative CD43 - Positive in >60% of marrow cells, including the clusters of immature cells (CD117 - Scattered and small loose clusters of cells positive, 10-15% of marrow cells CD138 - Occasional cells positive, 2% of marrow cells Glycophorin A - Occasional cells positive, 3-5% of marrow cells MPO - Scattered and clusters of cells positive, 20% of marrow cells)"
"positive for CD13, CD33, CD34, CD38, dim CD45, CD117, HLA-DR and MPO",labreports,surface_antigens_immunohistochemical_stains,"labreports_surface_antigens_immunohistochemical_stains_positive for CD13, CD33, CD34, CD38, dim CD45, CD117, HLA-DR and MPO"
"CD13, CD33, partial CD34, CD64, CD19 dim, CD71, CD117 partial, HLA-DR, dim CD123, CD58 and MPO",labreports,surface_antigens_immunohistochemical_stains,"labreports_surface_antigens_immunohistochemical_stains_CD13, CD33, partial CD34, CD64, CD19 dim, CD71, CD117 partial, HLA-DR, dim CD123, CD58 and MPO"
"CD13, CD33, CD34, CD38, CD117, HLA-DR, cMPO, CD19 and partial CD56",labreports,surface_antigens_immunohistochemical_stains,"labreports_surface_antigens_immunohistochemical_stains_CD13, CD33, CD34, CD38, CD117, HLA-DR, cMPO, CD19 and partial CD56"
"CD7(-), CD10(-), CD11b(partial dim +), CD13(variably +), CD15(+), CD19(+), CD20(-), CD22(partial +), CD25(few +), CD33(-), CD34(+), CD36 (-), CD38(variably +), CD45(dim+/variably +), CD56(-), CD64(appears partially dim +), CD117(partial +), CD123(dim +), CD79a(partial +), | HLA-DR(variably +), TdT(+), and MPO(partial dim +; 20% positive).",labreports,surface_antigens_immunohistochemical_stains,"labreports_surface_antigens_immunohistochemical_stains_CD7(-), CD10(-), CD11b(partial dim +), CD13(variably +), CD15(+), CD19(+), CD20(-), CD22(partial +), CD25(few +), CD33(-), CD34(+), CD36 (-), CD38(variably +), CD45(dim+/variably +), CD56(-), CD64(appears partially dim +), CD117(partial +), CD123(dim +), CD79a(partial +), | HLA-DR(variably +), TdT(+), and MPO(partial dim +; 20% positive)."
"CD2(-), CD4(partial dim +), CD7(partial +), CD11b(partial dim +), CD13(+), CD14(-), CD15(-), CD16(-), CD19(-), CD22 (-), CD25(-), CD33(variably +), CD34(bright +), CD36(-), CD38(bright +), CD45(moderate/dim +), CD56(-), CD64(-), CD79a (-), CD117(+), CD123(-), HLA-DR(+), MPO(+), TdT(partial +) (34% population of variably-sized cells)",labreports,surface_antigens_immunohistochemical_stains,"labreports_surface_antigens_immunohistochemical_stains_CD2(-), CD4(partial dim +), CD7(partial +), CD11b(partial dim +), CD13(+), CD14(-), CD15(-), CD16(-), CD19(-), CD22 (-), CD25(-), CD33(variably +), CD34(bright +), CD36(-), CD38(bright +), CD45(moderate/dim +), CD56(-), CD64(-), CD79a (-), CD117(+), CD123(-), HLA-DR(+), MPO(+), TdT(partial +) (34% population of variably-sized cells)"
"variable CD7, variable CD13, CD33, partial CD34, bright CD38, partial CD56, CD58, variable CD71, CD117, CD123, HLA-DR, and MPO positive",labreports,surface_antigens_immunohistochemical_stains,"labreports_surface_antigens_immunohistochemical_stains_variable CD7, variable CD13, CD33, partial CD34, bright CD38, partial CD56, CD58, variable CD71, CD117, CD123, HLA-DR, and MPO positive"
"variable CD7,  dim CD13, CD33, CD34 bright CD38,CD56, CD58, CD117, HLA-DR positive",labreports,surface_antigens_immunohistochemical_stains,"labreports_surface_antigens_immunohistochemical_stains_variable CD7,  dim CD13, CD33, CD34 bright CD38,CD56, CD58, CD117, HLA-DR positive"
"#1 Immunophenotype: CD13, CD34, CD38, dim CD45, CD58, CD117, HLA-DR and TdT positive | #2 Immunophenotype: dim CD4, partial CD13, dim CD34, CD38, CD58, CD123, HLA-DR, and partial TdT positive",labreports,surface_antigens_immunohistochemical_stains,"labreports_surface_antigens_immunohistochemical_stains_#1 Immunophenotype: CD13, CD34, CD38, dim CD45, CD58, CD117, HLA-DR and TdT positive | #2 Immunophenotype: dim CD4, partial CD13, dim CD34, CD38, CD58, CD123, HLA-DR, and partial TdT positive"
"dim CD4, CD13, bright CD34, dim CD45, CD117, HLA-DR, and dim TdT positive",labreports,surface_antigens_immunohistochemical_stains,"labreports_surface_antigens_immunohistochemical_stains_dim CD4, CD13, bright CD34, dim CD45, CD117, HLA-DR, and dim TdT positive"
"Positive (The myeloid blasts are CD13, CD34, CD38, CD117, and HLA-DR;Atypical monocytic cells comprise approximately 41% of analyzed events and are CD11b, CD13, CD14, CD64, and dim HLA-DR positive. T cells show a CD4:CD8 ratio of 6.9:1 without aberrant antigen expression. B cells are polytypic by surface light chain expression)",labreports,surface_antigens_immunohistochemical_stains,"labreports_surface_antigens_immunohistochemical_stains_Positive (The myeloid blasts are CD13, CD34, CD38, CD117, and HLA-DR;Atypical monocytic cells comprise approximately 41% of analyzed events and are CD11b, CD13, CD14, CD64, and dim HLA-DR positive. T cells show a CD4:CD8 ratio of 6.9:1 without aberrant antigen expression. B cells are polytypic by surface light chain expression)"
"partial CD7, dim/partial CD33, CD34, CD38, CD56, CD58, and CD117 positive",labreports,surface_antigens_immunohistochemical_stains,"labreports_surface_antigens_immunohistochemical_stains_partial CD7, dim/partial CD33, CD34, CD38, CD56, CD58, and CD117 positive"
"CD34(+), CD7(partial +), CD13(+), CD33(+), CD38(partial +), CD45(moderately +), CD56 (+), CD117(+), HLA-DR(variably +), other myeloid and lymphoid antigens(-).",labreports,surface_antigens_immunohistochemical_stains,"labreports_surface_antigens_immunohistochemical_stains_CD34(+), CD7(partial +), CD13(+), CD33(+), CD38(partial +), CD45(moderately +), CD56 (+), CD117(+), HLA-DR(variably +), other myeloid and lymphoid antigens(-)."
"positive for CD13, HLA-DR, CD34, and CD117, with aberrant expression of CD7 and aberrant loss of CD33, and with a subset of these blasts showing aberrant co-expression of CD34 and myeloperoxidase.",labreports,surface_antigens_immunohistochemical_stains,"labreports_surface_antigens_immunohistochemical_stains_positive for CD13, HLA-DR, CD34, and CD117, with aberrant expression of CD7 and aberrant loss of CD33, and with a subset of these blasts showing aberrant co-expression of CD34 and myeloperoxidase."
"positive for CD13, CD33, CD34, CD38, CD45, CD117, HLA-DR and MPO",labreports,surface_antigens_immunohistochemical_stains,"labreports_surface_antigens_immunohistochemical_stains_positive for CD13, CD33, CD34, CD38, CD45, CD117, HLA-DR and MPO"
"CD2(-­), CD7(dim + to -­), CD11b(-­), CD13(+), CD14(-­), CD15 (partial +), CD33(bright +), CD34(partial +), CD36(-­), CD38(variably +), CD45(+), CD56(-­), CD64(partial +), CD117(+), HLA-­DR(variably +)",labreports,surface_antigens_immunohistochemical_stains,"labreports_surface_antigens_immunohistochemical_stains_CD2(-­), CD7(dim + to -­), CD11b(-­), CD13(+), CD14(-­), CD15 (partial +), CD33(bright +), CD34(partial +), CD36(-­), CD38(variably +), CD45(+), CD56(-­), CD64(partial +), CD117(+), HLA-­DR(variably +)"
"weak CD7, CD13, partial CD15, weak CD33, CD34, weak CD64, CD117, myeloperoxidase, and HLA-DR, but do not express CD14(MO2), CD42b, or CD61.",labreports,surface_antigens_immunohistochemical_stains,"labreports_surface_antigens_immunohistochemical_stains_weak CD7, CD13, partial CD15, weak CD33, CD34, weak CD64, CD117, myeloperoxidase, and HLA-DR, but do not express CD14(MO2), CD42b, or CD61."
"CD13, CD33, CD64, CD117, CD123 and MPO-positive",labreports,surface_antigens_immunohistochemical_stains,"labreports_surface_antigens_immunohistochemical_stains_CD13, CD33, CD64, CD117, CD123 and MPO-positive"
"CD2 (-), CD7(few +), CD11b(-), CD13(partial dim +), CD14(-), CD15(partial dim +), CD16(-), CD22(partial dim +), CD33(-), CD34(bright +), CD36(-), CD38(moderately bright +), CD45(partial +), CD56(-), CD64(-), CD117(partial +), HLADR(+) (32% population of medium to large cells)",labreports,surface_antigens_immunohistochemical_stains,"labreports_surface_antigens_immunohistochemical_stains_CD2 (-), CD7(few +), CD11b(-), CD13(partial dim +), CD14(-), CD15(partial dim +), CD16(-), CD22(partial dim +), CD33(-), CD34(bright +), CD36(-), CD38(moderately bright +), CD45(partial +), CD56(-), CD64(-), CD117(partial +), HLADR(+) (32% population of medium to large cells)"
"positive for CD11b, CD13, CD33, CD38, dim CD45, dim CD56, CD64, and HLA-DR",labreports,surface_antigens_immunohistochemical_stains,"labreports_surface_antigens_immunohistochemical_stains_positive for CD11b, CD13, CD33, CD38, dim CD45, dim CD56, CD64, and HLA-DR"
"positive for CD34, CD38, dim CD45, CD117, HLA-DR and MPO",labreports,surface_antigens_immunohistochemical_stains,"labreports_surface_antigens_immunohistochemical_stains_positive for CD34, CD38, dim CD45, CD117, HLA-DR and MPO"
"Immunophenotype: CD13, CD33, partial CD34, CD64, CD117, CD123 and MPO positive",labreports,surface_antigens_immunohistochemical_stains,"labreports_surface_antigens_immunohistochemical_stains_Immunophenotype: CD13, CD33, partial CD34, CD64, CD117, CD123 and MPO positive"
"A distinct blastic population, expressing CD7, CD13, CD15, CD33, CD34, CD38, dim CD45, CD64, MPO, and HLA-DR | A large monocytic population, positive for CD11b, CD13, CD14, CD15, CD33, CD38, CD45, CD64, HLA-DR and MPO",labreports,surface_antigens_immunohistochemical_stains,"labreports_surface_antigens_immunohistochemical_stains_A distinct blastic population, expressing CD7, CD13, CD15, CD33, CD34, CD38, dim CD45, CD64, MPO, and HLA-DR | A large monocytic population, positive for CD11b, CD13, CD14, CD15, CD33, CD38, CD45, CD64, HLA-DR and MPO"
"variable CD7, dim CD11b, CD13, CD33, partial CD34, dim CD64, CD117, CD123, HLA-DR, and dim MPO positive",labreports,surface_antigens_immunohistochemical_stains,"labreports_surface_antigens_immunohistochemical_stains_variable CD7, dim CD11b, CD13, CD33, partial CD34, dim CD64, CD117, CD123, HLA-DR, and dim MPO positive"
"CD4, CD11b, variable CD13, CD15, CD33, variable CD56, CD58, CD64, lysozyme, and dim HLA-DR positive",labreports,surface_antigens_immunohistochemical_stains,"labreports_surface_antigens_immunohistochemical_stains_CD4, CD11b, variable CD13, CD15, CD33, variable CD56, CD58, CD64, lysozyme, and dim HLA-DR positive"
"CD4, CD11b, variable CD13, CD15, CD33, CD58, CD64, CD117, and dim HLA-DR positive",labreports,surface_antigens_immunohistochemical_stains,"labreports_surface_antigens_immunohistochemical_stains_CD4, CD11b, variable CD13, CD15, CD33, CD58, CD64, CD117, and dim HLA-DR positive"
"positive for CD13, CD34, CD38, dim CD45, CD117, HLA-DR, and MPO",labreports,surface_antigens_immunohistochemical_stains,"labreports_surface_antigens_immunohistochemical_stains_positive for CD13, CD34, CD38, dim CD45, CD117, HLA-DR, and MPO"
"partial weak CD4 (20% positive), CD13, partial weak CD11b (60% positive), partial weak CD15 (20% positive), CD34, CD117, myeloperoxidase, and partial HLA-DR (60% positive)",labreports,surface_antigens_immunohistochemical_stains,"labreports_surface_antigens_immunohistochemical_stains_partial weak CD4 (20% positive), CD13, partial weak CD11b (60% positive), partial weak CD15 (20% positive), CD34, CD117, myeloperoxidase, and partial HLA-DR (60% positive)"
"CD4, partial CD11b, CD15, CD33, CD38, moderate CD45, partial CD56, CD64, CD123, partial CD117, and HLA-DR",labreports,surface_antigens_immunohistochemical_stains,"labreports_surface_antigens_immunohistochemical_stains_CD4, partial CD11b, CD15, CD33, CD38, moderate CD45, partial CD56, CD64, CD123, partial CD117, and HLA-DR"
"CD2(-), CD7(partial dim +), 11b(-), CD13(+), CD14 (-), CD15(-), CD33(variably +), CD34(bright +), CD36(+), CD38(slightly variably +), CD45(+), CD117(variably +), HLA-DR(-).",labreports,surface_antigens_immunohistochemical_stains,"labreports_surface_antigens_immunohistochemical_stains_CD2(-), CD7(partial dim +), 11b(-), CD13(+), CD14 (-), CD15(-), CD33(variably +), CD34(bright +), CD36(+), CD38(slightly variably +), CD45(+), CD117(variably +), HLA-DR(-)."
"CD7, CD13, weak CD33, CD34, CD117, and HLA-DR",labreports,surface_antigens_immunohistochemical_stains,"labreports_surface_antigens_immunohistochemical_stains_CD7, CD13, weak CD33, CD34, CD117, and HLA-DR"
"CD2(-), CD4(partial dim +), CD7(-), CD11b (variably +), CD13(variably +), CD14(predominantly -), CD15(predominantly -/few scattered +), CD16(-), CD20(small subset +), CD33(partial +), CD34(variably +), CD36(small subset +), CD38(variably +), CD45(variably +), CD56(-), CD61 (-), CD64(-), (cont.above) (CD79a(small subset +), CD117(small subset +), HLA-DR(predominantly + and variable), TdT(+), MPO(-))",labreports,surface_antigens_immunohistochemical_stains,"labreports_surface_antigens_immunohistochemical_stains_CD2(-), CD4(partial dim +), CD7(-), CD11b (variably +), CD13(variably +), CD14(predominantly -), CD15(predominantly -/few scattered +), CD16(-), CD20(small subset +), CD33(partial +), CD34(variably +), CD36(small subset +), CD38(variably +), CD45(variably +), CD56(-), CD61 (-), CD64(-), (cont.above) (CD79a(small subset +), CD117(small subset +), HLA-DR(predominantly + and variable), TdT(+), MPO(-))"
"positive CD13, CD34, dim CD45, CD117 and HLA-DR",labreports,surface_antigens_immunohistochemical_stains,"labreports_surface_antigens_immunohistochemical_stains_positive CD13, CD34, dim CD45, CD117 and HLA-DR"
"The immature cells were positive for CD13, CD33, and many showed aberrant expression of CD7. The myeloblast portion was positive for CD34, CD117, and HLA-DR. The immature monocyte portion was negative for CD34 and CD117, and expressed variable CD64 (including some cells with bright CD64), CD11b, an",labreports,surface_antigens_immunohistochemical_stains,"labreports_surface_antigens_immunohistochemical_stains_The immature cells were positive for CD13, CD33, and many showed aberrant expression of CD7. The myeloblast portion was positive for CD34, CD117, and HLA-DR. The immature monocyte portion was negative for CD34 and CD117, and expressed variable CD64 (including some cells with bright CD64), CD11b, an"
"partial CD7, CD13, dim partial CD22, CD33, CD3, partial CD56, dim CD71, CD117, dim CD123, and dim HLA-DR",labreports,surface_antigens_immunohistochemical_stains,"labreports_surface_antigens_immunohistochemical_stains_partial CD7, CD13, dim partial CD22, CD33, CD3, partial CD56, dim CD71, CD117, dim CD123, and dim HLA-DR"
"weak CD4, partial CD7, partial CD11b, CD13, CD33, partial CD34, weak CD64, CD117, MPO, and HLA-DR",labreports,surface_antigens_immunohistochemical_stains,"labreports_surface_antigens_immunohistochemical_stains_weak CD4, partial CD7, partial CD11b, CD13, CD33, partial CD34, weak CD64, CD117, MPO, and HLA-DR"
"CD13, CD33, CD34, CD71, CD117, dimCD123, HLA-DR, and dim CD 64 positive (Peripheral Blood)",labreports,surface_antigens_immunohistochemical_stains,"labreports_surface_antigens_immunohistochemical_stains_CD13, CD33, CD34, CD71, CD117, dimCD123, HLA-DR, and dim CD 64 positive (Peripheral Blood)"
"CD34, CD117, HLA-DR, CD13, and CD33. A subset of the myeloblasts showed aberrant co-expression of CD34 and myeloperoxidase. A subset of the myeloblasts showed aberrant expression of CD56.",labreports,surface_antigens_immunohistochemical_stains,"labreports_surface_antigens_immunohistochemical_stains_CD34, CD117, HLA-DR, CD13, and CD33. A subset of the myeloblasts showed aberrant co-expression of CD34 and myeloperoxidase. A subset of the myeloblasts showed aberrant expression of CD56."
"The monocytic cells (percentages shown) are atypical in that they express partial CD56 (about 50% positive), but otherwise demonstrate phenotypically normal expression of CD13, bright CD33, bright CD64, CD15, HLA-DR, and partial myeloperoxidase (Flow cytometric analysis of the bone marrow aspirate specimen indicates that 4% of the CD45 positive leukocytes are lymphocytes, 89% are monocytic cells, and 7% are myeloid cells.) | CD10, CD11b, CD13, CD16, CD33, and CD64 (Myeloid (phenotypically normal))",labreports,surface_antigens_immunohistochemical_stains,"labreports_surface_antigens_immunohistochemical_stains_The monocytic cells (percentages shown) are atypical in that they express partial CD56 (about 50% positive), but otherwise demonstrate phenotypically normal expression of CD13, bright CD33, bright CD64, CD15, HLA-DR, and partial myeloperoxidase (Flow cytometric analysis of the bone marrow aspirate specimen indicates that 4% of the CD45 positive leukocytes are lymphocytes, 89% are monocytic cells, and 7% are myeloid cells.) | CD10, CD11b, CD13, CD16, CD33, and CD64 (Myeloid (phenotypically normal))"
"CD34, CD117, dim CD123, CD33, dim HLA-DR, CD13, and CD58. (Blasts) | CD64, CD11b, CD33, CD15, dim HLA-DR, CD13, dim CD71, and CD58. (Monoblasts/promonocytes.)",labreports,surface_antigens_immunohistochemical_stains,"labreports_surface_antigens_immunohistochemical_stains_CD34, CD117, dim CD123, CD33, dim HLA-DR, CD13, and CD58. (Blasts) | CD64, CD11b, CD33, CD15, dim HLA-DR, CD13, dim CD71, and CD58. (Monoblasts/promonocytes.)"
"CD2(-), CD4(dim +), CD7(-), CD11b(-), CD13(+ and dim +), CD14(-), CD15(+), CD16(-), CD25(-), CD33(slightly bright +), CD34(-), CD36(-), CD38(variably +), CD45(+), CD56(small subset +), CD64(-), CD117(dim and variably +), CD123(variably +), HLA-DR(+), TdT(-), MPO(+).",labreports,surface_antigens_immunohistochemical_stains,"labreports_surface_antigens_immunohistochemical_stains_CD2(-), CD4(dim +), CD7(-), CD11b(-), CD13(+ and dim +), CD14(-), CD15(+), CD16(-), CD25(-), CD33(slightly bright +), CD34(-), CD36(-), CD38(variably +), CD45(+), CD56(small subset +), CD64(-), CD117(dim and variably +), CD123(variably +), HLA-DR(+), TdT(-), MPO(+)."
"CD13, CD34, dim CD45, partial CD117, HLA-DR, and minimal (3%) myeloperoxidase",labreports,surface_antigens_immunohistochemical_stains,"labreports_surface_antigens_immunohistochemical_stains_CD13, CD34, dim CD45, partial CD117, HLA-DR, and minimal (3%) myeloperoxidase"
"dim CD33, CD34, CD38, dim CD45, CD117, and MPO",labreports,surface_antigens_immunohistochemical_stains,"labreports_surface_antigens_immunohistochemical_stains_dim CD33, CD34, CD38, dim CD45, CD117, and MPO"
"CD11b, CD13, CD14 (subset), CD33, CD34 (subset), CD38, CD45, CD64 (subset), HLA-DR and MPO",labreports,surface_antigens_immunohistochemical_stains,"labreports_surface_antigens_immunohistochemical_stains_CD11b, CD13, CD14 (subset), CD33, CD34 (subset), CD38, CD45, CD64 (subset), HLA-DR and MPO"
"Variable CD13, variable CD14, CD33, variable CD64, CD117, CD123, and partial HLA-DR positive",labreports,surface_antigens_immunohistochemical_stains,"labreports_surface_antigens_immunohistochemical_stains_Variable CD13, variable CD14, CD33, variable CD64, CD117, CD123, and partial HLA-DR positive"
"positive for CD34, CD117, HLA-DR, and CD13, with aberrant loss of CD33, and with a subset of the blasts showing aberrant co-expression of CD34 and myeloperoxidase",labreports,surface_antigens_immunohistochemical_stains,"labreports_surface_antigens_immunohistochemical_stains_positive for CD34, CD117, HLA-DR, and CD13, with aberrant loss of CD33, and with a subset of the blasts showing aberrant co-expression of CD34 and myeloperoxidase"
"CD13, dimCD33, CD34, CD38, CD58, partial CD64, CD117, CD123, and HLA-DR positive.",labreports,surface_antigens_immunohistochemical_stains,"labreports_surface_antigens_immunohistochemical_stains_CD13, dimCD33, CD34, CD38, CD58, partial CD64, CD117, CD123, and HLA-DR positive."
"CD2(-), CD4(-), CD7(partial +), CD11b(-), CD13(variably +), CD14(-), CD15(partial +), CD16(-), CD19 (-/few dim +), CD25(-), CD33(partial +), CD34(partial +), CD36(-), CD38(bright and variably +), CD45(+), CD56(variably +), CD64(-), CD117(variably +), CD123(-/few +), MPO(+), TdT(-/few dim +) (87% pop of med to large size cells) | HLA-DR(partial +)",labreports,surface_antigens_immunohistochemical_stains,"labreports_surface_antigens_immunohistochemical_stains_CD2(-), CD4(-), CD7(partial +), CD11b(-), CD13(variably +), CD14(-), CD15(partial +), CD16(-), CD19 (-/few dim +), CD25(-), CD33(partial +), CD34(partial +), CD36(-), CD38(bright and variably +), CD45(+), CD56(variably +), CD64(-), CD117(variably +), CD123(-/few +), MPO(+), TdT(-/few dim +) (87% pop of med to large size cells) | HLA-DR(partial +)"
"dimCD4, CD11b, CD13, dimCD14, CD33, CD56, CD58, CD64, dimCD123 and HLA-DR positive; Minor subset of blasts with immunophenotype: CD13, CD33, CD34, CD58, CD117, dimCD123, HLA-DR and MPO positive.",labreports,surface_antigens_immunohistochemical_stains,"labreports_surface_antigens_immunohistochemical_stains_dimCD4, CD11b, CD13, dimCD14, CD33, CD56, CD58, CD64, dimCD123 and HLA-DR positive; Minor subset of blasts with immunophenotype: CD13, CD33, CD34, CD58, CD117, dimCD123, HLA-DR and MPO positive."
"Partial CD2, CD33, CD34, CD38, CD117, CD123, partial HLA-DR, dim MPO and partial TdT positive.",labreports,surface_antigens_immunohistochemical_stains,"labreports_surface_antigens_immunohistochemical_stains_Partial CD2, CD33, CD34, CD38, CD117, CD123, partial HLA-DR, dim MPO and partial TdT positive."
"CD13, partial CD15, CD33, CD117, myeloperoxidase, and partial HLA-DR (""atypical cells with dim CD45"" - 45% of leukocytes) | CD13, bright CD33, and bright CD64 (Monocytic (19% of leukocytes)) | CD13, CD33, and CD64, with a left shift (increased percentage that lack CD10, CD11b, and CD16) (Myeloid (19% of leukocytes))",labreports,surface_antigens_immunohistochemical_stains,"labreports_surface_antigens_immunohistochemical_stains_CD13, partial CD15, CD33, CD117, myeloperoxidase, and partial HLA-DR (""atypical cells with dim CD45"" - 45% of leukocytes) | CD13, bright CD33, and bright CD64 (Monocytic (19% of leukocytes)) | CD13, CD33, and CD64, with a left shift (increased percentage that lack CD10, CD11b, and CD16) (Myeloid (19% of leukocytes))"
"CD13, CD33, CD38, CD117 and subset MPO positive",labreports,surface_antigens_immunohistochemical_stains,"labreports_surface_antigens_immunohistochemical_stains_CD13, CD33, CD38, CD117 and subset MPO positive"
"CD13, CD33, CD34, CD38, CD58, CD117 and HLA-DR",labreports,surface_antigens_immunohistochemical_stains,"labreports_surface_antigens_immunohistochemical_stains_CD13, CD33, CD34, CD38, CD58, CD117 and HLA-DR"
"Blast immunophenotype: partial CD11b, CD13, CD33, CD38, CD58, partial CD64, partial CD117 and a subset with MPO - Blast/promonocyte immunophenotype: CD11b, CD13, partial CD14, CD15, CD33, CD38, CD58 and CD64",labreports,surface_antigens_immunohistochemical_stains,"labreports_surface_antigens_immunohistochemical_stains_Blast immunophenotype: partial CD11b, CD13, CD33, CD38, CD58, partial CD64, partial CD117 and a subset with MPO - Blast/promonocyte immunophenotype: CD11b, CD13, partial CD14, CD15, CD33, CD38, CD58 and CD64"
"dim CD4, CD11b, partial CD14, CD15, dim CD33, CD38, CD56, CD58, CD64 and HLA-DR positive",labreports,surface_antigens_immunohistochemical_stains,"labreports_surface_antigens_immunohistochemical_stains_dim CD4, CD11b, partial CD14, CD15, dim CD33, CD38, CD56, CD58, CD64 and HLA-DR positive"
"CD13, CD33, CD38, CD58, CD64, CD117, CD123, and MPO-positive",labreports,surface_antigens_immunohistochemical_stains,"labreports_surface_antigens_immunohistochemical_stains_CD13, CD33, CD38, CD58, CD64, CD117, CD123, and MPO-positive"
"CD4, CD7, CD11b, CD13, CD33, partial CD34, CD117, HLA-DR, partial weak TdT and partial CD64",labreports,surface_antigens_immunohistochemical_stains,"labreports_surface_antigens_immunohistochemical_stains_CD4, CD7, CD11b, CD13, CD33, partial CD34, CD117, HLA-DR, partial weak TdT and partial CD64"
"CD4, CD11b, dim CD13, variable CD15, CD33, partial CD34 (approximately 25%), variable CD64 (dim to bright), CD117, HLA-DR, and myeloperoxidase",labreports,surface_antigens_immunohistochemical_stains,"labreports_surface_antigens_immunohistochemical_stains_CD4, CD11b, dim CD13, variable CD15, CD33, partial CD34 (approximately 25%), variable CD64 (dim to bright), CD117, HLA-DR, and myeloperoxidase"
"Flow cytometry was negative for increased myeloblasts. The flow showed a mild increase in immature monocytic cells, but not to the degree seen in the marrow smears. This is likely attributable to hemodilution of the sample received for flow cytometry. (Aberrant CD56, unusually dim CD38 - but only 3-4% assayed cells are myeloblasts)",labreports,surface_antigens_immunohistochemical_stains,"labreports_surface_antigens_immunohistochemical_stains_Flow cytometry was negative for increased myeloblasts. The flow showed a mild increase in immature monocytic cells, but not to the degree seen in the marrow smears. This is likely attributable to hemodilution of the sample received for flow cytometry. (Aberrant CD56, unusually dim CD38 - but only 3-4% assayed cells are myeloblasts)"
"CD2(-), CD7 (-), CD10(-), CD11b(-), CD13(dim +), CD14(-), CD15(+), CD16(-), CD19(-), CD22(partial +), CD33(-), CD34(bright +), CD36 (-), CD38(variably +), CD45(partial dim +), CD56(-), CD64(-), CD117(partial +), HLA-DR(partial +), MPO(-) and TdT(+) (Population #1 - 5.3%) | CD2(-), CD7(-), CD10 (-), CD11b(-), CD13(bright and variably +), CD14(-), CD15(-), CD16(-), CD22(-), CD33(partial +), CD34 (variably +), CD36(-), CD38(variably +), CD45(+), CD56(-), CD64(-), CD117(+), HLA-DR(partial +), MPO(partial +), and TdT (-). (Population #2 - 25%)",labreports,surface_antigens_immunohistochemical_stains,"labreports_surface_antigens_immunohistochemical_stains_CD2(-), CD7 (-), CD10(-), CD11b(-), CD13(dim +), CD14(-), CD15(+), CD16(-), CD19(-), CD22(partial +), CD33(-), CD34(bright +), CD36 (-), CD38(variably +), CD45(partial dim +), CD56(-), CD64(-), CD117(partial +), HLA-DR(partial +), MPO(-) and TdT(+) (Population #1 - 5.3%) | CD2(-), CD7(-), CD10 (-), CD11b(-), CD13(bright and variably +), CD14(-), CD15(-), CD16(-), CD22(-), CD33(partial +), CD34 (variably +), CD36(-), CD38(variably +), CD45(+), CD56(-), CD64(-), CD117(+), HLA-DR(partial +), MPO(partial +), and TdT (-). (Population #2 - 25%)"
"CD7, CD34, CD117, HLA-DR, CD13, CD33, dim CD123, variable CD15 and subset MPO",labreports,surface_antigens_immunohistochemical_stains,"labreports_surface_antigens_immunohistochemical_stains_CD7, CD34, CD117, HLA-DR, CD13, CD33, dim CD123, variable CD15 and subset MPO"
"CD2(-), CD4(-), CD7(subset +), CD11b(-), CD13(+), CD14(-), CD15(partial dim +), CD16(-), CD33(-), CD34(+), CD36(-), CD38(variably +), CD45(moderately +), CD56(-), CD64(-), CD117(+), HLA-DR(+).",labreports,surface_antigens_immunohistochemical_stains,"labreports_surface_antigens_immunohistochemical_stains_CD2(-), CD4(-), CD7(subset +), CD11b(-), CD13(+), CD14(-), CD15(partial dim +), CD16(-), CD33(-), CD34(+), CD36(-), CD38(variably +), CD45(moderately +), CD56(-), CD64(-), CD117(+), HLA-DR(+)."
"dim CD7, CD13, CD33, CD34, CD38, partial CD56 (25%), CD58, dim CD64, CD117, dim CD123, HLA-DR, and MPO+.",labreports,surface_antigens_immunohistochemical_stains,"labreports_surface_antigens_immunohistochemical_stains_dim CD7, CD13, CD33, CD34, CD38, partial CD56 (25%), CD58, dim CD64, CD117, dim CD123, HLA-DR, and MPO+."
"CD13, CD33, CD34, CD38, CD56, CD58, dim/partial CD64, CD117, CD123, HLA-DR and MPO",labreports,surface_antigens_immunohistochemical_stains,"labreports_surface_antigens_immunohistochemical_stains_CD13, CD33, CD34, CD38, CD56, CD58, dim/partial CD64, CD117, CD123, HLA-DR and MPO"
"CD117 (Initial diagnosis on 7/27/2015 BMBX: CD7, dim CD11b, CD13, CD33, partial CD34, CD58, CD117, CD123, dim MPO, and HLA-DR positive)",labreports,surface_antigens_immunohistochemical_stains,"labreports_surface_antigens_immunohistochemical_stains_CD117 (Initial diagnosis on 7/27/2015 BMBX: CD7, dim CD11b, CD13, CD33, partial CD34, CD58, CD117, CD123, dim MPO, and HLA-DR positive)"
"dim variable CD7, dim CD11b, CD13, CD33, CD34, CD58, CD117, and CD123",labreports,surface_antigens_immunohistochemical_stains,"labreports_surface_antigens_immunohistochemical_stains_dim variable CD7, dim CD11b, CD13, CD33, CD34, CD58, CD117, and CD123"
"dimCD7, CD13, dimCD11b, CD33, variable CD34, CD58, CD117, CD123, and HLA-DR positive",labreports,surface_antigens_immunohistochemical_stains,"labreports_surface_antigens_immunohistochemical_stains_dimCD7, CD13, dimCD11b, CD33, variable CD34, CD58, CD117, CD123, and HLA-DR positive"
"partial CD7, CD13, CD33, CD34, variable CD38, CD117, CD123, partial HLA-DR and dim MPO",labreports,surface_antigens_immunohistochemical_stains,"labreports_surface_antigens_immunohistochemical_stains_partial CD7, CD13, CD33, CD34, variable CD38, CD117, CD123, partial HLA-DR and dim MPO"
"dim CD2, variable CD5, CD13, CD33, CD34, CD38, variable CD64, CD117, dim CD123, HLA-DR, and MPO (Blast immunophenotype) | dim CD4, CD11b, CD14, dim CD15, CD33, dim CD34, CD38, CD64, dim HLA-DR, and bright MPO (Monocytic/blast equivalent immunophenotype)",labreports,surface_antigens_immunohistochemical_stains,"labreports_surface_antigens_immunohistochemical_stains_dim CD2, variable CD5, CD13, CD33, CD34, CD38, variable CD64, CD117, dim CD123, HLA-DR, and MPO (Blast immunophenotype) | dim CD4, CD11b, CD14, dim CD15, CD33, dim CD34, CD38, CD64, dim HLA-DR, and bright MPO (Monocytic/blast equivalent immunophenotype)"
The analysis was performed by flow cytometry on the bone marrow aspiratespecimen. The analysis shows CD34+ blasts account for 1% of CD45+ events. Maturing myeloid precursors and monocytic cells demonstrate a normal pattern of myelomonocytic antigen expression. | Lymphocytes account for 5% of CD45+ events and include 90% T cells and 7% NK cells. T cells demonstrate a CD4:CD8 ratio of 2.4:1 without aberrant antigen expression. B cells are essentially absent; no definitive monoclonal B cell population is identified,labreports,surface_antigens_immunohistochemical_stains,labreports_surface_antigens_immunohistochemical_stains_The analysis was performed by flow cytometry on the bone marrow aspiratespecimen. The analysis shows CD34+ blasts account for 1% of CD45+ events. Maturing myeloid precursors and monocytic cells demonstrate a normal pattern of myelomonocytic antigen expression. | Lymphocytes account for 5% of CD45+ events and include 90% T cells and 7% NK cells. T cells demonstrate a CD4:CD8 ratio of 2.4:1 without aberrant antigen expression. B cells are essentially absent; no definitive monoclonal B cell population is identified
"CD33, CD117 positive, negative for CD34 and HLA-DR",labreports,surface_antigens_immunohistochemical_stains,"labreports_surface_antigens_immunohistochemical_stains_CD33, CD117 positive, negative for CD34 and HLA-DR"
"positive for CD13, CD33, HLA-DR, CD34, and CD117, with partial aberrant expression of CD7. (Peripheral blood) | positive for CD34, CD117, HLA-DR, CD13, and CD33 (Marrow)",labreports,surface_antigens_immunohistochemical_stains,"labreports_surface_antigens_immunohistochemical_stains_positive for CD13, CD33, HLA-DR, CD34, and CD117, with partial aberrant expression of CD7. (Peripheral blood) | positive for CD34, CD117, HLA-DR, CD13, and CD33 (Marrow)"
"dim CD11b, variable CD13, dim variable CD14, CD15, CD38, CD58, dim CD64, and MPO",labreports,surface_antigens_immunohistochemical_stains,"labreports_surface_antigens_immunohistochemical_stains_dim CD11b, variable CD13, dim variable CD14, CD15, CD38, CD58, dim CD64, and MPO"
"dimCD13, CD33, CD45, CD56, dimCD117 and MPO positive",labreports,surface_antigens_immunohistochemical_stains,"labreports_surface_antigens_immunohistochemical_stains_dimCD13, CD33, CD45, CD56, dimCD117 and MPO positive"
"Positive for CD34, CD117, HLADR, CD33, CD13 but negative for CD14, CD64, CD11b, CD19, and CD3 (Peripheral Immunophenotyping) | The blasts are positive for CD34 and CD117 (Bone marrow Immunophenotyping)",labreports,surface_antigens_immunohistochemical_stains,"labreports_surface_antigens_immunohistochemical_stains_Positive for CD34, CD117, HLADR, CD33, CD13 but negative for CD14, CD64, CD11b, CD19, and CD3 (Peripheral Immunophenotyping) | The blasts are positive for CD34 and CD117 (Bone marrow Immunophenotyping)"
"CD13, CD33, CD38, partial CD56, partialCD64, CD117, dimCD123, and MPO",labreports,surface_antigens_immunohistochemical_stains,"labreports_surface_antigens_immunohistochemical_stains_CD13, CD33, CD38, partial CD56, partialCD64, CD117, dimCD123, and MPO"
"dimCD13, CD33, CD34, CD56, CD117, and CD123",labreports,surface_antigens_immunohistochemical_stains,"labreports_surface_antigens_immunohistochemical_stains_dimCD13, CD33, CD34, CD56, CD117, and CD123"
"immunophenotype (10% by flow): dim CD13, CD33, CD34, variable CD56, variable CD117, and dim CD123-positive - Promonocyte immunophenotype (70% by flow): CD11b, CD13, CD14, variable CD16, CD33, variable CD56, CD64, and HLA-DR- positive",labreports,surface_antigens_immunohistochemical_stains,"labreports_surface_antigens_immunohistochemical_stains_immunophenotype (10% by flow): dim CD13, CD33, CD34, variable CD56, variable CD117, and dim CD123-positive - Promonocyte immunophenotype (70% by flow): CD11b, CD13, CD14, variable CD16, CD33, variable CD56, CD64, and HLA-DR- positive"
"partial CD56, bright CD33,  CD13, bright CD64, HLA-DR (Monocytic cells)",labreports,surface_antigens_immunohistochemical_stains,"labreports_surface_antigens_immunohistochemical_stains_partial CD56, bright CD33,  CD13, bright CD64, HLA-DR (Monocytic cells)"
"CD2 (-), CD4(partial +), CD7(-), CD11b(-), CD13(bright +), CD14(-), CD15(partial +), CD16(-), CD33(bright +), CD34 (-), CD36(-), CD38(bright +/variable), CD45(+), CD56(-), CD64(-), CD117(+) and HLA-DR(partial +).",labreports,surface_antigens_immunohistochemical_stains,"labreports_surface_antigens_immunohistochemical_stains_CD2 (-), CD4(partial +), CD7(-), CD11b(-), CD13(bright +), CD14(-), CD15(partial +), CD16(-), CD33(bright +), CD34 (-), CD36(-), CD38(bright +/variable), CD45(+), CD56(-), CD64(-), CD117(+) and HLA-DR(partial +)."
"The blasts are positive for HLA-DR, CD34, CD117 (PARTIAL), CD13, CD(PARTIAL/DIM), CD33, TDT (DIM, SUBSET) and are negative for CD11b, CD14, CD64, MPO and all B and T cell markers. (Bone Marrow Immunophenotyping)",labreports,surface_antigens_immunohistochemical_stains,"labreports_surface_antigens_immunohistochemical_stains_The blasts are positive for HLA-DR, CD34, CD117 (PARTIAL), CD13, CD(PARTIAL/DIM), CD33, TDT (DIM, SUBSET) and are negative for CD11b, CD14, CD64, MPO and all B and T cell markers. (Bone Marrow Immunophenotyping)"
"POSITIVE FOR DIM CD45, HLADR, CD34, CD117, CD13, CD33, CD43, CD81, CD58. (Bone Marrow Immunophenotyping)",labreports,surface_antigens_immunohistochemical_stains,"labreports_surface_antigens_immunohistochemical_stains_POSITIVE FOR DIM CD45, HLADR, CD34, CD117, CD13, CD33, CD43, CD81, CD58. (Bone Marrow Immunophenotyping)"
"dim CD13, CD33, CD56, bright CD64, CD117, CD123 and HLA-DR-positive; MPO and CD34-negative (Discrete population compared to diagnosis)",labreports,surface_antigens_immunohistochemical_stains,"labreports_surface_antigens_immunohistochemical_stains_dim CD13, CD33, CD56, bright CD64, CD117, CD123 and HLA-DR-positive; MPO and CD34-negative (Discrete population compared to diagnosis)"
"There are increased abnormal cells in the ""monocyte"" gate that stain positive for CD38, CD11b, CD14, CD64, CD33, with partial MPO, HLADR, CD13 expression. (Bone Marrow Immunophenotyping)",labreports,surface_antigens_immunohistochemical_stains,"labreports_surface_antigens_immunohistochemical_stains_There are increased abnormal cells in the ""monocyte"" gate that stain positive for CD38, CD11b, CD14, CD64, CD33, with partial MPO, HLADR, CD13 expression. (Bone Marrow Immunophenotyping)"
"POSITIVE FOR CD33, CD11B, CD64, CD4 AND MPO (SUBSET/DIM) AND ARE NEGATIVE FOR CD117, CD13, CD34, HLA-DR AND TDT (Bone Marrow Immunophenotyping)",labreports,surface_antigens_immunohistochemical_stains,"labreports_surface_antigens_immunohistochemical_stains_POSITIVE FOR CD33, CD11B, CD64, CD4 AND MPO (SUBSET/DIM) AND ARE NEGATIVE FOR CD117, CD13, CD34, HLA-DR AND TDT (Bone Marrow Immunophenotyping)"
"CD13, CD33, CD34, CD38, CD58, CD117, and HLA-DR positive",labreports,surface_antigens_immunohistochemical_stains,"labreports_surface_antigens_immunohistochemical_stains_CD13, CD33, CD34, CD38, CD58, CD117, and HLA-DR positive"
"These are positive for CD34, CD117, HLADR, CD33 but negative for CD13 and CD11b. TdT and CD79a are partially expressed. (Bone Marrow Immunophenotyping)",labreports,surface_antigens_immunohistochemical_stains,"labreports_surface_antigens_immunohistochemical_stains_These are positive for CD34, CD117, HLADR, CD33 but negative for CD13 and CD11b. TdT and CD79a are partially expressed. (Bone Marrow Immunophenotyping)"
"CD4, partial CD11b, partial CD13, CD33, CD34, CD38, partial CD56, CD64, partial CD117, CD123, and dim HLA-DR positive | CD4, partial CD11b, partial CD13, CD33, CD34, CD38, partial CD56, CD64, partial CD117, CD123, and dim HLA-DR positive",labreports,surface_antigens_immunohistochemical_stains,"labreports_surface_antigens_immunohistochemical_stains_CD4, partial CD11b, partial CD13, CD33, CD34, CD38, partial CD56, CD64, partial CD117, CD123, and dim HLA-DR positive | CD4, partial CD11b, partial CD13, CD33, CD34, CD38, partial CD56, CD64, partial CD117, CD123, and dim HLA-DR positive"
"CD4, partial CD11b, partial CD13, CD33, CD34, CD38, partial CD56, CD64, partial CD117, CD123, and dim HLA-DR positive",labreports,surface_antigens_immunohistochemical_stains,"labreports_surface_antigens_immunohistochemical_stains_CD4, partial CD11b, partial CD13, CD33, CD34, CD38, partial CD56, CD64, partial CD117, CD123, and dim HLA-DR positive"
"partial CD13, CD33, CD38, moderate CD45, CD56, CD58, CD64, dim CD117, CD123 and MPO+",labreports,surface_antigens_immunohistochemical_stains,"labreports_surface_antigens_immunohistochemical_stains_partial CD13, CD33, CD38, moderate CD45, CD56, CD58, CD64, dim CD117, CD123 and MPO+"
"POSITIVE FOR CD34, HLA-DR, CD117 AND CD33, AND NEGATIVE FOR MPO, TdT, CD13, CD19, CD20 AND CD10. (Bone Marrow Immunophenotyping)",labreports,surface_antigens_immunohistochemical_stains,"labreports_surface_antigens_immunohistochemical_stains_POSITIVE FOR CD34, HLA-DR, CD117 AND CD33, AND NEGATIVE FOR MPO, TdT, CD13, CD19, CD20 AND CD10. (Bone Marrow Immunophenotyping)"
"CD33, dim CD38, variable CD56, CD58, dim CD64, CD117, CD123, and MPO positive.",labreports,surface_antigens_immunohistochemical_stains,"labreports_surface_antigens_immunohistochemical_stains_CD33, dim CD38, variable CD56, CD58, dim CD64, CD117, CD123, and MPO positive."
"CD13, CD33, subset CD34, variable CD117, CD123, HLA-DR, and variable MPO positive - Monocytic/blast equivalent immunophenotype: CD11b, CD13, subset CD14, variable CD16, CD33, CD64, dim CD123, and HLA-DR positive",labreports,surface_antigens_immunohistochemical_stains,"labreports_surface_antigens_immunohistochemical_stains_CD13, CD33, subset CD34, variable CD117, CD123, HLA-DR, and variable MPO positive - Monocytic/blast equivalent immunophenotype: CD11b, CD13, subset CD14, variable CD16, CD33, CD64, dim CD123, and HLA-DR positive"
"CD11b, variable CD13, variable CD14, CD33, CD56, CD64, dim CD123 and dim HLA-DR positive",labreports,surface_antigens_immunohistochemical_stains,"labreports_surface_antigens_immunohistochemical_stains_CD11b, variable CD13, variable CD14, CD33, CD56, CD64, dim CD123 and dim HLA-DR positive"
"Immunophenotype: CD13, partial CD15, dim CD33, CD34, CD38, dim CD45, CD58, variable CD64, variable CD117, CD123, and dim HLA-DR positive.",labreports,surface_antigens_immunohistochemical_stains,"labreports_surface_antigens_immunohistochemical_stains_Immunophenotype: CD13, partial CD15, dim CD33, CD34, CD38, dim CD45, CD58, variable CD64, variable CD117, CD123, and dim HLA-DR positive."
"weak CD13, CD33, partial CD117, and myeloperoxidase",labreports,surface_antigens_immunohistochemical_stains,"labreports_surface_antigens_immunohistochemical_stains_weak CD13, CD33, partial CD117, and myeloperoxidase"
"ABNORMAL CD34+ BLAST POPULATION EXPRESSING ABERRANT CD7,CD4, AND CD2, AND CD38, CD10, CD22, CD11C, HLA-DR, CD117,CD13, CD33,CD15, AND PARTIAL CD56",labreports,surface_antigens_immunohistochemical_stains,"labreports_surface_antigens_immunohistochemical_stains_ABNORMAL CD34+ BLAST POPULATION EXPRESSING ABERRANT CD7,CD4, AND CD2, AND CD38, CD10, CD22, CD11C, HLA-DR, CD117,CD13, CD33,CD15, AND PARTIAL CD56"
"Immunophenotype: dim CD13, CD33, CD117, CD123 and MPO positive.",labreports,surface_antigens_immunohistochemical_stains,"labreports_surface_antigens_immunohistochemical_stains_Immunophenotype: dim CD13, CD33, CD117, CD123 and MPO positive."
"CD19, CD20, and surface kappa light chain positive (For B cell population)",labreports,surface_antigens_immunohistochemical_stains,"labreports_surface_antigens_immunohistochemical_stains_CD19, CD20, and surface kappa light chain positive (For B cell population)"
"84% are monocytes, and 9% are myeloid cells. The monocytic cells (percentages shown) appear atypical with expression of CD13, bright CD33, and bright CD64, but weaker than normal HLA-DR and include 48% that are phenotypically consistent with promonocytes/monoblasts",labreports,surface_antigens_immunohistochemical_stains,"labreports_surface_antigens_immunohistochemical_stains_84% are monocytes, and 9% are myeloid cells. The monocytic cells (percentages shown) appear atypical with expression of CD13, bright CD33, and bright CD64, but weaker than normal HLA-DR and include 48% that are phenotypically consistent with promonocytes/monoblasts"
"CD2(-), CD4(partial dim +), CD7(-), CD11b(-), CD13(dim +), CD14(-), CD15(-/few dim +), CD16(-), CD33(+), CD34 (partial +), CD36(equivocal/small subset appears +), CD38(partial +), CD45(+), CD56(-), CD64(-/few dim +), CD117(+), HLA-DR(+ and variable), TDT(-), MPO(+)",labreports,surface_antigens_immunohistochemical_stains,"labreports_surface_antigens_immunohistochemical_stains_CD2(-), CD4(partial dim +), CD7(-), CD11b(-), CD13(dim +), CD14(-), CD15(-/few dim +), CD16(-), CD33(+), CD34 (partial +), CD36(equivocal/small subset appears +), CD38(partial +), CD45(+), CD56(-), CD64(-/few dim +), CD117(+), HLA-DR(+ and variable), TDT(-), MPO(+)"
"CD13, variable CD15, CD33, CD34, variable CD64, CD117, dim CD123, dim HLA-DR, MPO and subset TdT-positive",labreports,surface_antigens_immunohistochemical_stains,"labreports_surface_antigens_immunohistochemical_stains_CD13, variable CD15, CD33, CD34, variable CD64, CD117, dim CD123, dim HLA-DR, MPO and subset TdT-positive"
"CD2(-), CD4(dim +), CD7(-), CD11b(-), CD13(-), CD14(-), CD15(-), CD16(-), CD33(variably +), CD34(-), CD36(-), CD38(variably +), CD45(+), CD56(partial +), CD64 (partial +), CD117(variably +), HLA-DR(-).",labreports,surface_antigens_immunohistochemical_stains,"labreports_surface_antigens_immunohistochemical_stains_CD2(-), CD4(dim +), CD7(-), CD11b(-), CD13(-), CD14(-), CD15(-), CD16(-), CD33(variably +), CD34(-), CD36(-), CD38(variably +), CD45(+), CD56(partial +), CD64 (partial +), CD117(variably +), HLA-DR(-)."
"These are postive for CD34, CD117, HLADR, CD13 and CD33. These are negative for CD3, CD20, CD4, CD11b. (Bone Marrow Immunophenotyping)",labreports,surface_antigens_immunohistochemical_stains,"labreports_surface_antigens_immunohistochemical_stains_These are postive for CD34, CD117, HLADR, CD13 and CD33. These are negative for CD3, CD20, CD4, CD11b. (Bone Marrow Immunophenotyping)"
"CD117 stains clusters and scattered immature mononuclear cells with atypia, 20%. CD34 is negative. (Bone Marrow Immunophenotyping)",labreports,surface_antigens_immunohistochemical_stains,"labreports_surface_antigens_immunohistochemical_stains_CD117 stains clusters and scattered immature mononuclear cells with atypia, 20%. CD34 is negative. (Bone Marrow Immunophenotyping)"
No increased or immunophenotypically abnormal blast cell populations identified. (Bone Marrow Immunophenotyping),labreports,surface_antigens_immunohistochemical_stains,labreports_surface_antigens_immunohistochemical_stains_No increased or immunophenotypically abnormal blast cell populations identified. (Bone Marrow Immunophenotyping)
"Positive (increased CD34 positive blasts (50-60%), CD71 Decreased erythroid cells (less than 5%), CD61 Few scattered megakaryocytes, E-cadherin; Scattered immature erythroid precursors, CD117: Increased immature myeloid cells and blasts (70-80%), CD3: Scattered small interstitial T-cells (less than 5%), CD20 Scattered small interstitial B-cells (less than 5%)) | Negative (AML related recurrent cytogenetic abnormalities including t(15;17)) | Positive (PAX-5: Positive in few scattered small lymhocytes, CD138: scattered interstitial and perivascular plasma cells (less than 5%), Iron strian: Storage iron present in decalcified section, Reticulin Stain: Normal reticulin fiber pattern)",labreports,surface_antigens_immunohistochemical_stains,"labreports_surface_antigens_immunohistochemical_stains_Positive (increased CD34 positive blasts (50-60%), CD71 Decreased erythroid cells (less than 5%), CD61 Few scattered megakaryocytes, E-cadherin; Scattered immature erythroid precursors, CD117: Increased immature myeloid cells and blasts (70-80%), CD3: Scattered small interstitial T-cells (less than 5%), CD20 Scattered small interstitial B-cells (less than 5%)) | Negative (AML related recurrent cytogenetic abnormalities including t(15;17)) | Positive (PAX-5: Positive in few scattered small lymhocytes, CD138: scattered interstitial and perivascular plasma cells (less than 5%), Iron strian: Storage iron present in decalcified section, Reticulin Stain: Normal reticulin fiber pattern)"
"dim/partial cCD3, variable CD7, CD13, dimCD33, CD34, CD38, CD117, dim CD123, dim HLA-DR, partial TdT, and partial MPO positive Monoclonal B cell population identified",labreports,surface_antigens_immunohistochemical_stains,"labreports_surface_antigens_immunohistochemical_stains_dim/partial cCD3, variable CD7, CD13, dimCD33, CD34, CD38, CD117, dim CD123, dim HLA-DR, partial TdT, and partial MPO positive Monoclonal B cell population identified"
"CD5, CD19, CD20 and dim surface kappa light chain +",labreports,surface_antigens_immunohistochemical_stains,"labreports_surface_antigens_immunohistochemical_stains_CD5, CD19, CD20 and dim surface kappa light chain +"
"Immunophenotype: CD13, CD34, CD38, CD58, CD117, CD123, HLA-DR and TdT-positive; small subset of blasts also express CD19, CD22, and CD79a",labreports,surface_antigens_immunohistochemical_stains,"labreports_surface_antigens_immunohistochemical_stains_Immunophenotype: CD13, CD34, CD38, CD58, CD117, CD123, HLA-DR and TdT-positive; small subset of blasts also express CD19, CD22, and CD79a"
"Immunophenotype: CD7, CD13, CD33, CD38, CD117, CD123 and MPO positive",labreports,surface_antigens_immunohistochemical_stains,"labreports_surface_antigens_immunohistochemical_stains_Immunophenotype: CD7, CD13, CD33, CD38, CD117, CD123 and MPO positive"
The cytospin and smear preparations reveal maturing hematopoietic precursors and scattered small lymphocytes. (no +/- data),labreports,surface_antigens_immunohistochemical_stains,labreports_surface_antigens_immunohistochemical_stains_The cytospin and smear preparations reveal maturing hematopoietic precursors and scattered small lymphocytes. (no +/- data)
"CD13, CD33, CD38, CD58, CD117 and CD123 positive.",labreports,surface_antigens_immunohistochemical_stains,"labreports_surface_antigens_immunohistochemical_stains_CD13, CD33, CD38, CD58, CD117 and CD123 positive."
"CD34(+), CD13(dim +), CD15(partial +), CD33(dim to partial +), CD34(+), CD38(variably +), CD45(dim +), CD56(-), CD64 (small subset +), CD117(+), HLA-DR(partial +), other myeloid and lymphoid antigens(-).",labreports,surface_antigens_immunohistochemical_stains,"labreports_surface_antigens_immunohistochemical_stains_CD34(+), CD13(dim +), CD15(partial +), CD33(dim to partial +), CD34(+), CD38(variably +), CD45(dim +), CD56(-), CD64 (small subset +), CD117(+), HLA-DR(partial +), other myeloid and lymphoid antigens(-)."
"CD13, CD33, CD64, dim CD71, dim CD117 and MPO (+).",labreports,surface_antigens_immunohistochemical_stains,"labreports_surface_antigens_immunohistochemical_stains_CD13, CD33, CD64, dim CD71, dim CD117 and MPO (+)."
"Positive (ABNORMAL CD34+ BLAST POPULATION, 29%, EXPRESSINGMYELOPEROXIDASE (VARIABLE), CD34, CD38, CD117, CD33, CD4, HLA-DR,CD13 (PARTIAL), CD56 (dim minor subset), AND CD61 (dim subset))",labreports,surface_antigens_immunohistochemical_stains,"labreports_surface_antigens_immunohistochemical_stains_Positive (ABNORMAL CD34+ BLAST POPULATION, 29%, EXPRESSINGMYELOPEROXIDASE (VARIABLE), CD34, CD38, CD117, CD33, CD4, HLA-DR,CD13 (PARTIAL), CD56 (dim minor subset), AND CD61 (dim subset))"
"CD2(-), CD4(partial dim +), CD7(few dim +), CD11b(-), CD13 (variably +), CD14(-), CD15(partial +), CD16(-), CD19(partial dim +), CD33(variably +), CD34(-), CD36(-), CD38(+), CD45 (moderate +), CD56(-), CD64(partial dim +), CD117(+), HLA-DR(+), MPO(+). (Population #1; 6.5% medium-sized cells) | CD2(dim +), CD4(dim +), CD11b(variably +), CD13(variably +), CD14(partial +), CD15(variably +), CD16(partial +), CD33(slightly bright +), CD34(-), CD36(+), CD38 (variably +), CD45(+), CD64(+), CD117(-), HLA-DR(partial +), MPO(+). (Population #2; 42% medium-sized to large monocytic cells)",labreports,surface_antigens_immunohistochemical_stains,"labreports_surface_antigens_immunohistochemical_stains_CD2(-), CD4(partial dim +), CD7(few dim +), CD11b(-), CD13 (variably +), CD14(-), CD15(partial +), CD16(-), CD19(partial dim +), CD33(variably +), CD34(-), CD36(-), CD38(+), CD45 (moderate +), CD56(-), CD64(partial dim +), CD117(+), HLA-DR(+), MPO(+). (Population #1; 6.5% medium-sized cells) | CD2(dim +), CD4(dim +), CD11b(variably +), CD13(variably +), CD14(partial +), CD15(variably +), CD16(partial +), CD33(slightly bright +), CD34(-), CD36(+), CD38 (variably +), CD45(+), CD64(+), CD117(-), HLA-DR(partial +), MPO(+). (Population #2; 42% medium-sized to large monocytic cells)"
"CD2(subset +), CD4(dim +), CD7(partial +), CD11b(partial +), CD13(+), CD14(-), CD15(partial +), CD16(-), CD33(variably +), CD34(partial +), CD38(variably +), CD45(+), CD56(partial +), CD64(-), CD117(+), HLA-DR(partial +). (63% population)",labreports,surface_antigens_immunohistochemical_stains,"labreports_surface_antigens_immunohistochemical_stains_CD2(subset +), CD4(dim +), CD7(partial +), CD11b(partial +), CD13(+), CD14(-), CD15(partial +), CD16(-), CD33(variably +), CD34(partial +), CD38(variably +), CD45(+), CD56(partial +), CD64(-), CD117(+), HLA-DR(partial +). (63% population)"
"variable CD11b, CD13, dim CD19, dim CD33, CD34, variable CD64, CD117, CD123, and HLA-DR",labreports,surface_antigens_immunohistochemical_stains,"labreports_surface_antigens_immunohistochemical_stains_variable CD11b, CD13, dim CD19, dim CD33, CD34, variable CD64, CD117, CD123, and HLA-DR"
"CD13, dim CD33, bright CD34, CD38, CD117, dim HLA-DR positive",labreports,surface_antigens_immunohistochemical_stains,"labreports_surface_antigens_immunohistochemical_stains_CD13, dim CD33, bright CD34, CD38, CD117, dim HLA-DR positive"
"CD117, MPO,CD38(PARTIAL), CD33(DIM) AND NOT EXPRESSING CD34 AND HLA-DR",labreports,surface_antigens_immunohistochemical_stains,"labreports_surface_antigens_immunohistochemical_stains_CD117, MPO,CD38(PARTIAL), CD33(DIM) AND NOT EXPRESSING CD34 AND HLA-DR"
"CD13, CD33, CD38, variable CD56, CD58, CD117 and MPO positive",labreports,surface_antigens_immunohistochemical_stains,"labreports_surface_antigens_immunohistochemical_stains_CD13, CD33, CD38, variable CD56, CD58, CD117 and MPO positive"
"weak partial CD2, CD13, CD33, CD64, CD117, and myeloperoxidase",labreports,surface_antigens_immunohistochemical_stains,"labreports_surface_antigens_immunohistochemical_stains_weak partial CD2, CD13, CD33, CD64, CD117, and myeloperoxidase"
"Positive (""A large blastic population is noted, positive for CD45 and CD64. A small subset of blasts also express CD13 and CD14. The blasts are negative for CD10, CD16, CD19, CD34 and CD117."")",labreports,surface_antigens_immunohistochemical_stains,"labreports_surface_antigens_immunohistochemical_stains_Positive (""A large blastic population is noted, positive for CD45 and CD64. A small subset of blasts also express CD13 and CD14. The blasts are negative for CD10, CD16, CD19, CD34 and CD117."")"
"These are positive for CD34, CD117, HLA-DR, and CD33. (Bone Marrow Immunophenotyping)",labreports,surface_antigens_immunohistochemical_stains,"labreports_surface_antigens_immunohistochemical_stains_These are positive for CD34, CD117, HLA-DR, and CD33. (Bone Marrow Immunophenotyping)"
"CD34 positive blasts are rare, <1% (Bone Marrow Immunophenotyping)",labreports,surface_antigens_immunohistochemical_stains,"labreports_surface_antigens_immunohistochemical_stains_CD34 positive blasts are rare, <1% (Bone Marrow Immunophenotyping)"
Positive (CD34-Dim),labreports,surface_antigens_immunohistochemical_stains,labreports_surface_antigens_immunohistochemical_stains_Positive (CD34-Dim)
"CD2(-), CD4(-),CD7(-), CD10(partial +), CD11b(-), CD13(dim +), CD14(-), CD38(variably +/small subset -), CD45(dim to moderately +), CD56(-), CD64(-), CD117(variably +), HLA-DR(variably +). | Population #2 (0.48% of total events) comprises small cells with the following immunophenotype: CD5(- to partial dim +),CD10(-), CD19(slighty bright +), CD20(bright +), CD38(-), CD45(+), kappa(-), lambda(dim +).",labreports,surface_antigens_immunohistochemical_stains,"labreports_surface_antigens_immunohistochemical_stains_CD2(-), CD4(-),CD7(-), CD10(partial +), CD11b(-), CD13(dim +), CD14(-), CD38(variably +/small subset -), CD45(dim to moderately +), CD56(-), CD64(-), CD117(variably +), HLA-DR(variably +). | Population #2 (0.48% of total events) comprises small cells with the following immunophenotype: CD5(- to partial dim +),CD10(-), CD19(slighty bright +), CD20(bright +), CD38(-), CD45(+), kappa(-), lambda(dim +)."
"partial CD7, CD13, dim CD15, CD33, CD38, CD58, CD117, dim CD123, HLA-DR and partial MPO+. (BM) | dim CD4, CD11b, variable CD13, partial CD14, dim CD15, variable CD16, CD33, CD38, CD58, CD64, CD123 and HLA-DR. (Promonocyte/blast equivalents)",labreports,surface_antigens_immunohistochemical_stains,"labreports_surface_antigens_immunohistochemical_stains_partial CD7, CD13, dim CD15, CD33, CD38, CD58, CD117, dim CD123, HLA-DR and partial MPO+. (BM) | dim CD4, CD11b, variable CD13, partial CD14, dim CD15, variable CD16, CD33, CD38, CD58, CD64, CD123 and HLA-DR. (Promonocyte/blast equivalents)"
"CD7, CD13, CD33, CD38, CD58, CD117, CD123, partial MPO+",labreports,surface_antigens_immunohistochemical_stains,"labreports_surface_antigens_immunohistochemical_stains_CD7, CD13, CD33, CD38, CD58, CD117, CD123, partial MPO+"
"CD13, CD33, bright CD34, CD38, CD58, CD117, and TdT",labreports,surface_antigens_immunohistochemical_stains,"labreports_surface_antigens_immunohistochemical_stains_CD13, CD33, bright CD34, CD38, CD58, CD117, and TdT"
"Positive for CD34, CD117, HLADR, CD33, CD13 and Negative for CD11b and CD64 (Bone Marrow Immunophenotyping)",labreports,surface_antigens_immunohistochemical_stains,"labreports_surface_antigens_immunohistochemical_stains_Positive for CD34, CD117, HLADR, CD33, CD13 and Negative for CD11b and CD64 (Bone Marrow Immunophenotyping)"
"Positive for CD34, CD117, CD13, HLA-DR, CD33 and CD38 (Bone Marrow Immunophenotyping)",labreports,surface_antigens_immunohistochemical_stains,"labreports_surface_antigens_immunohistochemical_stains_Positive for CD34, CD117, CD13, HLA-DR, CD33 and CD38 (Bone Marrow Immunophenotyping)"
"These are positive for CD34, CD117, HLADR, CD33, CD13, CD14 and CD11b. (Bone Marrow Immunophenotyping)",labreports,surface_antigens_immunohistochemical_stains,"labreports_surface_antigens_immunohistochemical_stains_These are positive for CD34, CD117, HLADR, CD33, CD13, CD14 and CD11b. (Bone Marrow Immunophenotyping)"
"dimCD7, CD13, dimCD14, dimCD20, CD33, CD34, CD117, CD123, dim HLA-DR and MPO positive",labreports,surface_antigens_immunohistochemical_stains,"labreports_surface_antigens_immunohistochemical_stains_dimCD7, CD13, dimCD14, dimCD20, CD33, CD34, CD117, CD123, dim HLA-DR and MPO positive"
"CD33, CD38, CD56, CD117, and myeloperoxidase",labreports,surface_antigens_immunohistochemical_stains,"labreports_surface_antigens_immunohistochemical_stains_CD33, CD38, CD56, CD117, and myeloperoxidase"
"These are positive for HLA-DR, CD34,CD117, CD33, CD11B, CD64 but Negative for CD13, CD14, CD16, MPO, TDT and all B and T cell markers (Bone Marrow Immunophenotyping)",labreports,surface_antigens_immunohistochemical_stains,"labreports_surface_antigens_immunohistochemical_stains_These are positive for HLA-DR, CD34,CD117, CD33, CD11B, CD64 but Negative for CD13, CD14, CD16, MPO, TDT and all B and T cell markers (Bone Marrow Immunophenotyping)"
"CD13, partial CD15, CD33, CD34, weak CD64, very weak partial CD117, and myeloperoxidase",labreports,surface_antigens_immunohistochemical_stains,"labreports_surface_antigens_immunohistochemical_stains_CD13, partial CD15, CD33, CD34, weak CD64, very weak partial CD117, and myeloperoxidase"
"CD13, CD33, CD117, CD123, dim HLA-DR and MPO | CD11b, CD13, CD33, CD117, CD64, CD123, and dim HLA-DR. (Blasts with monocytic differentiation (about 10% of blasts).)",labreports,surface_antigens_immunohistochemical_stains,"labreports_surface_antigens_immunohistochemical_stains_CD13, CD33, CD117, CD123, dim HLA-DR and MPO | CD11b, CD13, CD33, CD117, CD64, CD123, and dim HLA-DR. (Blasts with monocytic differentiation (about 10% of blasts).)"
"CD2(-), CD4(partial dim +), CD7(variably +), CD11b(-), CD13(+), CD14(-), CD15(partial +), CD16(-), CD33(variably +), CD34(partial+), CD36(-), CD38(variably +), CD45(variably +), CD56(-), CD64(-), CD117(+), HLA-DR(partial +).",labreports,surface_antigens_immunohistochemical_stains,"labreports_surface_antigens_immunohistochemical_stains_CD2(-), CD4(partial dim +), CD7(variably +), CD11b(-), CD13(+), CD14(-), CD15(partial +), CD16(-), CD33(variably +), CD34(partial+), CD36(-), CD38(variably +), CD45(variably +), CD56(-), CD64(-), CD117(+), HLA-DR(partial +)."
"partial weak CD7, CD13, CD33, CD34, CD117, myeloperoxidase, and partial HLA-DR",labreports,surface_antigens_immunohistochemical_stains,"labreports_surface_antigens_immunohistochemical_stains_partial weak CD7, CD13, CD33, CD34, CD117, myeloperoxidase, and partial HLA-DR"
"Positive (""The large majority of cells (around 90%) are an abnormal population of myeloblasts. The myeloblasts are positive for CD33, CD13, HLA-DR, and CD117, and show uniform aberrant expression of CD7. A subset of the blasts are positive for myeloperoxidase, and a smaller subset shows dim aberrant expression of CD19. The blasts are almost entirely negative for CD34."")",labreports,surface_antigens_immunohistochemical_stains,"labreports_surface_antigens_immunohistochemical_stains_Positive (""The large majority of cells (around 90%) are an abnormal population of myeloblasts. The myeloblasts are positive for CD33, CD13, HLA-DR, and CD117, and show uniform aberrant expression of CD7. A subset of the blasts are positive for myeloperoxidase, and a smaller subset shows dim aberrant expression of CD19. The blasts are almost entirely negative for CD34."")"
"CD13, CD33, CD38, CD56, CD58, partial CD64, CD117, CD123, and MPO positive",labreports,surface_antigens_immunohistochemical_stains,"labreports_surface_antigens_immunohistochemical_stains_CD13, CD33, CD38, CD56, CD58, partial CD64, CD117, CD123, and MPO positive"
"CD13, CD33, CD38, CD58, dim CD64, CD117, CD123, and MPO",labreports,surface_antigens_immunohistochemical_stains,"labreports_surface_antigens_immunohistochemical_stains_CD13, CD33, CD38, CD58, dim CD64, CD117, CD123, and MPO"
"Positive (""Approximately 55% of assayed cells are an abnormal population of immature monocytic cells (consistent with monoblasts and promonocytes). Approximately 30% of assayed cells are mature monocytes. Both the immature and mature monocytic cells show uniform aberrant expression of CD56. A small population of myeloblasts (CD117+/CD34neg) is present, accounting for less than 5% of assayed cells.)",labreports,surface_antigens_immunohistochemical_stains,"labreports_surface_antigens_immunohistochemical_stains_Positive (""Approximately 55% of assayed cells are an abnormal population of immature monocytic cells (consistent with monoblasts and promonocytes). Approximately 30% of assayed cells are mature monocytes. Both the immature and mature monocytic cells show uniform aberrant expression of CD56. A small population of myeloblasts (CD117+/CD34neg) is present, accounting for less than 5% of assayed cells.)"
"These are positive for CD34, CD117, HLADR, CD33 and CD13 (Bone Mrrow Immunophenotyping)",labreports,surface_antigens_immunohistochemical_stains,"labreports_surface_antigens_immunohistochemical_stains_These are positive for CD34, CD117, HLADR, CD33 and CD13 (Bone Mrrow Immunophenotyping)"
"They are positive for CD34, HLADR, CD117, CD13 and MPO and negative for TDT. (Bone Marrow Immunophenotyping)",labreports,surface_antigens_immunohistochemical_stains,"labreports_surface_antigens_immunohistochemical_stains_They are positive for CD34, HLADR, CD117, CD13 and MPO and negative for TDT. (Bone Marrow Immunophenotyping)"
"Myeloblasts 1% positive for CD34, CD117, HLADR, CD13, CD33, for TDT and all B and T-cell markers. (Bone marrow Immunophenotyping)",labreports,surface_antigens_immunohistochemical_stains,"labreports_surface_antigens_immunohistochemical_stains_Myeloblasts 1% positive for CD34, CD117, HLADR, CD13, CD33, for TDT and all B and T-cell markers. (Bone marrow Immunophenotyping)"
"CD13, CD33, CD34, partial CD117, CD123, HLA-DR",labreports,surface_antigens_immunohistochemical_stains,"labreports_surface_antigens_immunohistochemical_stains_CD13, CD33, CD34, partial CD117, CD123, HLA-DR"
"CD13, CD33, CD117, CD123, and HLA-DR",labreports,surface_antigens_immunohistochemical_stains,"labreports_surface_antigens_immunohistochemical_stains_CD13, CD33, CD117, CD123, and HLA-DR"
"CD13, CD33, CD34, partial CD64, CD71, CD117, CD123, and HLA-DR",labreports,surface_antigens_immunohistochemical_stains,"labreports_surface_antigens_immunohistochemical_stains_CD13, CD33, CD34, partial CD64, CD71, CD117, CD123, and HLA-DR"
"CD13, dimCD33, CD34, CD38, CD117, dimCD123, dim HLA-DR, and dim MPO positive.",labreports,surface_antigens_immunohistochemical_stains,"labreports_surface_antigens_immunohistochemical_stains_CD13, dimCD33, CD34, CD38, CD117, dimCD123, dim HLA-DR, and dim MPO positive."
Granulocytes are significantly decreased (Bone marrow Immunophenotyping),labreports,surface_antigens_immunohistochemical_stains,labreports_surface_antigens_immunohistochemical_stains_Granulocytes are significantly decreased (Bone marrow Immunophenotyping)
No increased or immunophenotypically abnormal nlast cell populations identified. (Bone Marrow Immunophenotyping),labreports,surface_antigens_immunohistochemical_stains,labreports_surface_antigens_immunohistochemical_stains_No increased or immunophenotypically abnormal nlast cell populations identified. (Bone Marrow Immunophenotyping)
"CD33, CD34 (subset), CD41, CD58, CD61 and Factor-8 positive",labreports,surface_antigens_immunohistochemical_stains,"labreports_surface_antigens_immunohistochemical_stains_CD33, CD34 (subset), CD41, CD58, CD61 and Factor-8 positive"
"dimCD7, CD13, CD33, CD34, partial CD56, CD117, dimCD123",labreports,surface_antigens_immunohistochemical_stains,"labreports_surface_antigens_immunohistochemical_stains_dimCD7, CD13, CD33, CD34, partial CD56, CD117, dimCD123"
"CD13, CD33, CD34, CD38, CD117, CD123, dim HLA-DR, TdT, and MPO positive",labreports,surface_antigens_immunohistochemical_stains,"labreports_surface_antigens_immunohistochemical_stains_CD13, CD33, CD34, CD38, CD117, CD123, dim HLA-DR, TdT, and MPO positive"
"CD13, CD33, CD38, CD58, CD64, dim CD71, CD123, CD117, MPO positive -FISH for t(15;17)",labreports,surface_antigens_immunohistochemical_stains,"labreports_surface_antigens_immunohistochemical_stains_CD13, CD33, CD38, CD58, CD64, dim CD71, CD123, CD117, MPO positive -FISH for t(15;17)"
"CD13, dim CD33, CD43, CD117",labreports,surface_antigens_immunohistochemical_stains,"labreports_surface_antigens_immunohistochemical_stains_CD13, dim CD33, CD43, CD117"
"CD13, dim CD33, partial CD34, dim CD117",labreports,surface_antigens_immunohistochemical_stains,"labreports_surface_antigens_immunohistochemical_stains_CD13, dim CD33, partial CD34, dim CD117"
"CD7, CD13, CD33, partial CD34, partial CD64, CD117, CD123, HLA-DR and partial MPO+",labreports,surface_antigens_immunohistochemical_stains,"labreports_surface_antigens_immunohistochemical_stains_CD7, CD13, CD33, partial CD34, partial CD64, CD117, CD123, HLA-DR and partial MPO+"
"Increased CD117 positive, partial CD34 positive myeloblasts representing approximately 61% of the leukocytes most consistent with acute myeloid leukemia",labreports,surface_antigens_immunohistochemical_stains,"labreports_surface_antigens_immunohistochemical_stains_Increased CD117 positive, partial CD34 positive myeloblasts representing approximately 61% of the leukocytes most consistent with acute myeloid leukemia"
"dimCD11b, dimCD13, CD14, dimCD33, CD64, variable CD123, HLA-DR CD13,dimCD33, dim variable CD34, CD117, CD123, HLA-DR",labreports,surface_antigens_immunohistochemical_stains,"labreports_surface_antigens_immunohistochemical_stains_dimCD11b, dimCD13, CD14, dimCD33, CD64, variable CD123, HLA-DR CD13,dimCD33, dim variable CD34, CD117, CD123, HLA-DR"
No morphological evidence of acute leukemia (Bone Marrow Immunophenotyping),labreports,surface_antigens_immunohistochemical_stains,labreports_surface_antigens_immunohistochemical_stains_No morphological evidence of acute leukemia (Bone Marrow Immunophenotyping)
"Positive for CD34, CD117, HLADR, CD13 AND CD33. (Bone Marrow Immunphenotyping)",labreports,surface_antigens_immunohistochemical_stains,"labreports_surface_antigens_immunohistochemical_stains_Positive for CD34, CD117, HLADR, CD13 AND CD33. (Bone Marrow Immunphenotyping)"
"Increased atypical CD34 positive, CD7 positive myeloblasts",labreports,surface_antigens_immunohistochemical_stains,"labreports_surface_antigens_immunohistochemical_stains_Increased atypical CD34 positive, CD7 positive myeloblasts"
Increased atypical CD34+myeloblasts representing 80%of leukocytes suggestive of recurrent AML.,labreports,surface_antigens_immunohistochemical_stains,labreports_surface_antigens_immunohistochemical_stains_Increased atypical CD34+myeloblasts representing 80%of leukocytes suggestive of recurrent AML.
"CD11b, CD13, CD14, CD33, CD56 and bright CD64+",labreports,surface_antigens_immunohistochemical_stains,"labreports_surface_antigens_immunohistochemical_stains_CD11b, CD13, CD14, CD33, CD56 and bright CD64+"
"dim CD4, CD11b, partial CD13, partial CD14, CD15, CD33, partial CD56, CD58, bright CD64, partial CD123 and HLA-DR-positive",labreports,surface_antigens_immunohistochemical_stains,"labreports_surface_antigens_immunohistochemical_stains_dim CD4, CD11b, partial CD13, partial CD14, CD15, CD33, partial CD56, CD58, bright CD64, partial CD123 and HLA-DR-positive"
"Large population of CD117pos, CD34neg, HLA-DR neg myeloblasts, representing 78% of leukocytes consistent w/AML.",labreports,surface_antigens_immunohistochemical_stains,"labreports_surface_antigens_immunohistochemical_stains_Large population of CD117pos, CD34neg, HLA-DR neg myeloblasts, representing 78% of leukocytes consistent w/AML."
The study reveals a minute subset of myeloblasts with mild immunophenotypic variation; the significance of this finding is unclear and it is not diagnostic for recurrent or persistent myeloid neoplasia. (No evidence of disease by flow),labreports,surface_antigens_immunohistochemical_stains,labreports_surface_antigens_immunohistochemical_stains_The study reveals a minute subset of myeloblasts with mild immunophenotypic variation; the significance of this finding is unclear and it is not diagnostic for recurrent or persistent myeloid neoplasia. (No evidence of disease by flow)
"CD2, CD11b, CD13, CD33, CD34, CD38, CD56, CD58, CD117, CD123, and HLA-DR positive",labreports,surface_antigens_immunohistochemical_stains,"labreports_surface_antigens_immunohistochemical_stains_CD2, CD11b, CD13, CD33, CD34, CD38, CD56, CD58, CD117, CD123, and HLA-DR positive"
"CD7, CD13, CD33, CD34, CD38, CD58, CD117, dim CD123 HLA-DR and MPO+ ,",labreports,surface_antigens_immunohistochemical_stains,"labreports_surface_antigens_immunohistochemical_stains_CD7, CD13, CD33, CD34, CD38, CD58, CD117, dim CD123 HLA-DR and MPO+ ,"
"CD13, dim CD33, subset CD34, CD38, CD117, 123, MPO(+)",labreports,surface_antigens_immunohistochemical_stains,"labreports_surface_antigens_immunohistochemical_stains_CD13, dim CD33, subset CD34, CD38, CD117, 123, MPO(+)"
"CD13, partial CD15, CD34, CD38, partial CD56, CD58, partial CD117 and CD123+",labreports,surface_antigens_immunohistochemical_stains,"labreports_surface_antigens_immunohistochemical_stains_CD13, partial CD15, CD34, CD38, partial CD56, CD58, partial CD117 and CD123+"
"bright CD38, moderate CD45, CD138, cytoplasmic kappalight chain+.",labreports,surface_antigens_immunohistochemical_stains,"labreports_surface_antigens_immunohistochemical_stains_bright CD38, moderate CD45, CD138, cytoplasmic kappalight chain+."
"Large population of CD117 pos myeloblasts, representing 80% of leukocytes, consistent w/ AML.",labreports,surface_antigens_immunohistochemical_stains,"labreports_surface_antigens_immunohistochemical_stains_Large population of CD117 pos myeloblasts, representing 80% of leukocytes, consistent w/ AML."
"CD11b, varibleCD13, CD14, brightCD33, CD64, and HLA-DR positive",labreports,surface_antigens_immunohistochemical_stains,"labreports_surface_antigens_immunohistochemical_stains_CD11b, varibleCD13, CD14, brightCD33, CD64, and HLA-DR positive"
"Not detected for the FLT3 Internal Tandem Duplication (ITD). Not detected for the FLT3 TKD Mutation. No BCR-ABL1 transcripts are detected. MLL partial tandem duplication (MLL-PTD) is not detected. Pathogenic alterations are detected in the ASXL1, BRAF, EZH2, JAK2, NRAS and SETBP1 genes. (Bone Marrow Immunophenotyping) | Positive for CD34, CD117, HLADR, CD33, and CD13 | Negative for MPO and TDT",labreports,surface_antigens_immunohistochemical_stains,"labreports_surface_antigens_immunohistochemical_stains_Not detected for the FLT3 Internal Tandem Duplication (ITD). Not detected for the FLT3 TKD Mutation. No BCR-ABL1 transcripts are detected. MLL partial tandem duplication (MLL-PTD) is not detected. Pathogenic alterations are detected in the ASXL1, BRAF, EZH2, JAK2, NRAS and SETBP1 genes. (Bone Marrow Immunophenotyping) | Positive for CD34, CD117, HLADR, CD33, and CD13 | Negative for MPO and TDT"
"These are positive for CD34, CD117, HLADR, CD33 and CD13. (Bone Marrow Immunophenotyping)",labreports,surface_antigens_immunohistochemical_stains,"labreports_surface_antigens_immunohistochemical_stains_These are positive for CD34, CD117, HLADR, CD33 and CD13. (Bone Marrow Immunophenotyping)"
Not detected for the FLT3 Internal Tandem Duplication (ITD). Not detected for the FLT3 TKD Mutation. MLL partial tandem duplication (MLL-PTD) is not detected. Pathogenic alteration is detected in the TET2 gene. Genomic alterations of uncertain significance are detected in the EZH2 and NF1 genes. (Bone Marrow Immunophenotyping) | MLL partial tandem duplication is not detected. Not detected for the FLT3 ITD and TKD mutations. (Bone Marrow Immunophenotyping (Continued)),labreports,surface_antigens_immunohistochemical_stains,labreports_surface_antigens_immunohistochemical_stains_Not detected for the FLT3 Internal Tandem Duplication (ITD). Not detected for the FLT3 TKD Mutation. MLL partial tandem duplication (MLL-PTD) is not detected. Pathogenic alteration is detected in the TET2 gene. Genomic alterations of uncertain significance are detected in the EZH2 and NF1 genes. (Bone Marrow Immunophenotyping) | MLL partial tandem duplication is not detected. Not detected for the FLT3 ITD and TKD mutations. (Bone Marrow Immunophenotyping (Continued))
"Positive (CD7, CD11b, CD13, CD33, dim CD34, CD38, dim CD45, CD117, HLA-DR)",labreports,surface_antigens_immunohistochemical_stains,"labreports_surface_antigens_immunohistochemical_stains_Positive (CD7, CD11b, CD13, CD33, dim CD34, CD38, dim CD45, CD117, HLA-DR)"
A very dim/negative CD45 population was also detected by the flow analysis. This population is negative for all the myeloid and lymphoid markers including CD34. This is mentioned here for documentation purposes but we believe that they do not represent blasts. (Bone Marrow Immunophenotyping),labreports,surface_antigens_immunohistochemical_stains,labreports_surface_antigens_immunohistochemical_stains_A very dim/negative CD45 population was also detected by the flow analysis. This population is negative for all the myeloid and lymphoid markers including CD34. This is mentioned here for documentation purposes but we believe that they do not represent blasts. (Bone Marrow Immunophenotyping)
"Increased CD34+ myeloblasts, representing 42% of leukocytes, suspicious for AML",labreports,surface_antigens_immunohistochemical_stains,"labreports_surface_antigens_immunohistochemical_stains_Increased CD34+ myeloblasts, representing 42% of leukocytes, suspicious for AML"
"These are positive for CD34, CD117, HLADR, CD33, and CD13. (Bone Marrow Immunophenotyping)",labreports,surface_antigens_immunohistochemical_stains,"labreports_surface_antigens_immunohistochemical_stains_These are positive for CD34, CD117, HLADR, CD33, and CD13. (Bone Marrow Immunophenotyping)"
"Negative (CD10, CD20, CD22, Cyt CD79a, Cyt CD3, CD7, CD16, CD56, CD14, CD15, CD64, CD117, HLA-DR, TdT) | Positive (CD38, CD11b, CD13, CD33, CD34, Dim CD45, MPO,)",labreports,surface_antigens_immunohistochemical_stains,"labreports_surface_antigens_immunohistochemical_stains_Negative (CD10, CD20, CD22, Cyt CD79a, Cyt CD3, CD7, CD16, CD56, CD14, CD15, CD64, CD117, HLA-DR, TdT) | Positive (CD38, CD11b, CD13, CD33, CD34, Dim CD45, MPO,)"
"Atypical monocytes (are about 91.5%). They are CD45+, CD33+, HLADR++.CD13+, CD14+. CD15++, CD64++, CD116++, CD11b+++,CD11c++,CD38+ and CD34(-),CD117(-). A small population of monoclonal B-cells, CD19+, CD5+(<1%)",labreports,surface_antigens_immunohistochemical_stains,"labreports_surface_antigens_immunohistochemical_stains_Atypical monocytes (are about 91.5%). They are CD45+, CD33+, HLADR++.CD13+, CD14+. CD15++, CD64++, CD116++, CD11b+++,CD11c++,CD38+ and CD34(-),CD117(-). A small population of monoclonal B-cells, CD19+, CD5+(<1%)"
"CD2(+), surface CD3(-), cytoplasmic CD3(dim +), CD4(-), CD7(partial +), CD11b(partial +), CD13(variably +), CD14(few +), CD15(-), CD16(-), CD33(-), CD34(partial +), CD36(-), CD38(bright +), CD45(dim +), CD56(small subset +), CD64(-), CD117(+), HLA-DR(partial +), MPO(partial +), TdT(partial dim+)",labreports,surface_antigens_immunohistochemical_stains,"labreports_surface_antigens_immunohistochemical_stains_CD2(+), surface CD3(-), cytoplasmic CD3(dim +), CD4(-), CD7(partial +), CD11b(partial +), CD13(variably +), CD14(few +), CD15(-), CD16(-), CD33(-), CD34(partial +), CD36(-), CD38(bright +), CD45(dim +), CD56(small subset +), CD64(-), CD117(+), HLA-DR(partial +), MPO(partial +), TdT(partial dim+)"
"Negative (CD10, CD19, CD20, CD22, Cyt CD79a, Cyt CD3, CD7, CD16, CD56, CD11b, CD14, CD15, CD33, CD64, MPO) | Positive (CD38, CD13, CD34, Dim CD45, Dim CD117, HLA-DR, TdT)",labreports,surface_antigens_immunohistochemical_stains,"labreports_surface_antigens_immunohistochemical_stains_Negative (CD10, CD19, CD20, CD22, Cyt CD79a, Cyt CD3, CD7, CD16, CD56, CD11b, CD14, CD15, CD33, CD64, MPO) | Positive (CD38, CD13, CD34, Dim CD45, Dim CD117, HLA-DR, TdT)"
"CD2(-), CD4(dim +), CD7(-), CD10(-), CD11b(-), CD13(bright +), CD14(-), CD15(partial +), CD16(-), CD22(-), CD19(partial +), CD33(partial +), CD34(+), CD36(-), CD38(bright and variably +), CD45(+), CD56(-), CD64(-), CD79a(-), CD117(+), HLA-DR(predominantly + and variable), TdT(partial +), and MPO(-) | In addition, there is a 0.92% population of CD117(bright +)/CD34(-)/CD45(dim +)/CD33(- to dim +) small cells with low orthogonal light scatter. The exact identity of these cells is uncertain",labreports,surface_antigens_immunohistochemical_stains,"labreports_surface_antigens_immunohistochemical_stains_CD2(-), CD4(dim +), CD7(-), CD10(-), CD11b(-), CD13(bright +), CD14(-), CD15(partial +), CD16(-), CD22(-), CD19(partial +), CD33(partial +), CD34(+), CD36(-), CD38(bright and variably +), CD45(+), CD56(-), CD64(-), CD79a(-), CD117(+), HLA-DR(predominantly + and variable), TdT(partial +), and MPO(-) | In addition, there is a 0.92% population of CD117(bright +)/CD34(-)/CD45(dim +)/CD33(- to dim +) small cells with low orthogonal light scatter. The exact identity of these cells is uncertain"
"Relative increase in CD117pos,CD34neg myeloid blasts, representing 16% of total leukocytes, most consistent with myeloid neoplasm such as advanced MDS or AML.",labreports,surface_antigens_immunohistochemical_stains,"labreports_surface_antigens_immunohistochemical_stains_Relative increase in CD117pos,CD34neg myeloid blasts, representing 16% of total leukocytes, most consistent with myeloid neoplasm such as advanced MDS or AML."
"CD2(-), CD4(-), CD7(partial +), CD11b(-), CD13(+), CD14(-), CD15(partial +), CD16(-), CD33(+), CD34(+), CD36(-), CD38(partial +), CD45(+),CD56(+), CD64(-), CD117(partial +), HLA-DR(partial +). | In addition, there is a 0.01% population of small cells with the following immunophenotype: CD5(+), CD10(-), CD19(+), CD20(dim+), CD38(-), CD45(+), lambda(dim +), and kappa(-).",labreports,surface_antigens_immunohistochemical_stains,"labreports_surface_antigens_immunohistochemical_stains_CD2(-), CD4(-), CD7(partial +), CD11b(-), CD13(+), CD14(-), CD15(partial +), CD16(-), CD33(+), CD34(+), CD36(-), CD38(partial +), CD45(+),CD56(+), CD64(-), CD117(partial +), HLA-DR(partial +). | In addition, there is a 0.01% population of small cells with the following immunophenotype: CD5(+), CD10(-), CD19(+), CD20(dim+), CD38(-), CD45(+), lambda(dim +), and kappa(-)."
"CD13, CD34, CD58, CD117, partial MPO and HLA-DR +",labreports,surface_antigens_immunohistochemical_stains,"labreports_surface_antigens_immunohistochemical_stains_CD13, CD34, CD58, CD117, partial MPO and HLA-DR +"
"Positive (CD13, dim CD33, CD34, CD38, CD58 and CD123+)",labreports,surface_antigens_immunohistochemical_stains,"labreports_surface_antigens_immunohistochemical_stains_Positive (CD13, dim CD33, CD34, CD38, CD58 and CD123+)"
"variable CD11b, CD13, dim CD33, CD34, CD58, CD117, CD123",labreports,surface_antigens_immunohistochemical_stains,"labreports_surface_antigens_immunohistochemical_stains_variable CD11b, CD13, dim CD33, CD34, CD58, CD117, CD123"
"CD4(+), CD5(partial +), CD7(partial +), CD11b(-), CD13(+), CD14(-), CD15(predominantly -), CD16(-), CD33(+), CD34(+), CD36(-),CD38(variably +), CD45(variably +), CD56(predominantly -), CD64(partial +), CD117(+), HLA-DR(predominantly + and variable),MPO(-), TdT(-).",labreports,surface_antigens_immunohistochemical_stains,"labreports_surface_antigens_immunohistochemical_stains_CD4(+), CD5(partial +), CD7(partial +), CD11b(-), CD13(+), CD14(-), CD15(predominantly -), CD16(-), CD33(+), CD34(+), CD36(-),CD38(variably +), CD45(variably +), CD56(predominantly -), CD64(partial +), CD117(+), HLA-DR(predominantly + and variable),MPO(-), TdT(-)."
"FLT3 (ITD) Not detected. Not detected for the FLT3 TKD Mutation. Pathogenic alterations are detected in the BCOR, IDH2 and WT1 genes. Positive for CD34, HLADR, CD117, CD13, CD33 and CD43 and negative for CD11B, CD14, CD64, TDT and MPO. (Bone Marrow Immunophenotyping)",labreports,surface_antigens_immunohistochemical_stains,"labreports_surface_antigens_immunohistochemical_stains_FLT3 (ITD) Not detected. Not detected for the FLT3 TKD Mutation. Pathogenic alterations are detected in the BCOR, IDH2 and WT1 genes. Positive for CD34, HLADR, CD117, CD13, CD33 and CD43 and negative for CD11B, CD14, CD64, TDT and MPO. (Bone Marrow Immunophenotyping)"
"Positive (dim CD4, CD11b, variable CD13, partial CD14, CD33, variable CD56, bright CD64, dim CD123 and HLA-DR-positive, comprising ~75% of WBCs. There is also about 5% of blasts are positive for CD117, CD13, CD33, HLA-DR, CD123, amd CD11b. Lymphocytes account for 13% of WBCs and include 74% T cells, 19% B cells and 7% NK cells. T cells show a CD4:CD8 ratio of 5:1 without aberrant antigen expression.) | Positive (B cells are polytypic by surface light chain expression with a kappa to lambda ratio of 1.2:1.)",labreports,surface_antigens_immunohistochemical_stains,"labreports_surface_antigens_immunohistochemical_stains_Positive (dim CD4, CD11b, variable CD13, partial CD14, CD33, variable CD56, bright CD64, dim CD123 and HLA-DR-positive, comprising ~75% of WBCs. There is also about 5% of blasts are positive for CD117, CD13, CD33, HLA-DR, CD123, amd CD11b. Lymphocytes account for 13% of WBCs and include 74% T cells, 19% B cells and 7% NK cells. T cells show a CD4:CD8 ratio of 5:1 without aberrant antigen expression.) | Positive (B cells are polytypic by surface light chain expression with a kappa to lambda ratio of 1.2:1.)"
"Positive (CD11b, variable CD13, CD14, CD33, dim CD56, bright CD64, and HLA-DR+)",labreports,surface_antigens_immunohistochemical_stains,"labreports_surface_antigens_immunohistochemical_stains_Positive (CD11b, variable CD13, CD14, CD33, dim CD56, bright CD64, and HLA-DR+)"
"Positive (CD7, CD13, dimCD33, CD34, variable CD38, CD56, dim CD58, variable CD117, dimCD123 and dim HLA-DR positive)",labreports,surface_antigens_immunohistochemical_stains,"labreports_surface_antigens_immunohistochemical_stains_Positive (CD7, CD13, dimCD33, CD34, variable CD38, CD56, dim CD58, variable CD117, dimCD123 and dim HLA-DR positive)"
"Positive (CD38, CD7, CD2) | Negative (CD10, CD19, CD22, CD16, CD56, CD13, CD14, CD15, CD33, CD34, CD117, MPO, HLA-DR) | Dim Positive (cCD3, CD11b, CD64)",labreports,surface_antigens_immunohistochemical_stains,"labreports_surface_antigens_immunohistochemical_stains_Positive (CD38, CD7, CD2) | Negative (CD10, CD19, CD22, CD16, CD56, CD13, CD14, CD15, CD33, CD34, CD117, MPO, HLA-DR) | Dim Positive (cCD3, CD11b, CD64)"
"92% population of variably-sized cells with the following immunophenotype: CD2(-), CD4(-), CD7(-), CD11b(-), CD13(-), CD14(-), CD15(+), CD16(-), CD33(-), CD34(+), CD36(-), CD38(variably +), CD45(variably +), CD56(-), CD64(-), CD117(variably +), HLA-DR(partial +).",labreports,surface_antigens_immunohistochemical_stains,"labreports_surface_antigens_immunohistochemical_stains_92% population of variably-sized cells with the following immunophenotype: CD2(-), CD4(-), CD7(-), CD11b(-), CD13(-), CD14(-), CD15(+), CD16(-), CD33(-), CD34(+), CD36(-), CD38(variably +), CD45(variably +), CD56(-), CD64(-), CD117(variably +), HLA-DR(partial +)."
"Positive (Myeloid blast immunophenotype: CD13, CD33, dim CD64, CD117, CD123 (+) Monocytic/monoblastic immunophenotype: bright CD11b, CD13, bright CD14, CD33, bright CD64, HLA-DR (+))",labreports,surface_antigens_immunohistochemical_stains,"labreports_surface_antigens_immunohistochemical_stains_Positive (Myeloid blast immunophenotype: CD13, CD33, dim CD64, CD117, CD123 (+) Monocytic/monoblastic immunophenotype: bright CD11b, CD13, bright CD14, CD33, bright CD64, HLA-DR (+))"
"partial CD13, CD33, dim/partial CD56, CD58, dim CD117, CD123 and MPO",labreports,surface_antigens_immunohistochemical_stains,"labreports_surface_antigens_immunohistochemical_stains_partial CD13, CD33, dim/partial CD56, CD58, dim CD117, CD123 and MPO"
"MONOBLASTS, 61%. These are dim45positive and also express CD13, CD33, CD11b, CD14, CD64 but lack CD16, CD34, CD117, HLADR (Bone Marrow Immunophenotyping)",labreports,surface_antigens_immunohistochemical_stains,"labreports_surface_antigens_immunohistochemical_stains_MONOBLASTS, 61%. These are dim45positive and also express CD13, CD33, CD11b, CD14, CD64 but lack CD16, CD34, CD117, HLADR (Bone Marrow Immunophenotyping)"
MLL-PTD is not detected. FLT3-ITD not detected. FLT3-TKD mutation not detected. Pathogenic alterations are detected in the DNMT3A and IDH1 genes. Genomic alteration of uncertain significance is detected in the DNMT3A gene. (Bone Marrow Immunophenotyping),labreports,surface_antigens_immunohistochemical_stains,labreports_surface_antigens_immunohistochemical_stains_MLL-PTD is not detected. FLT3-ITD not detected. FLT3-TKD mutation not detected. Pathogenic alterations are detected in the DNMT3A and IDH1 genes. Genomic alteration of uncertain significance is detected in the DNMT3A gene. (Bone Marrow Immunophenotyping)
"POSITIVE FOR CD34, CD117, HLADR, CD33 AND CD13. (Bone Marrow Immunophenotype)",labreports,surface_antigens_immunohistochemical_stains,"labreports_surface_antigens_immunohistochemical_stains_POSITIVE FOR CD34, CD117, HLADR, CD33 AND CD13. (Bone Marrow Immunophenotype)"
"Increased atypical CD117pos, partial CD34+, partial HLA-DR pos myeloblasts (CD7+), representing about 55% of leukocytes, consistent with AML.",labreports,surface_antigens_immunohistochemical_stains,"labreports_surface_antigens_immunohistochemical_stains_Increased atypical CD117pos, partial CD34+, partial HLA-DR pos myeloblasts (CD7+), representing about 55% of leukocytes, consistent with AML."
"Positive for CD34, HLADR, MPO, CD14 and CD33. Negative for CD117, CD11b, cd13 and CD64. (Bone Marrow Immunophenotyping)",labreports,surface_antigens_immunohistochemical_stains,"labreports_surface_antigens_immunohistochemical_stains_Positive for CD34, HLADR, MPO, CD14 and CD33. Negative for CD117, CD11b, cd13 and CD64. (Bone Marrow Immunophenotyping)"
The findings reveal a small population of CD34(+) myeloblasts demonstrating immunophenotypic variation of unclear significance,labreports,surface_antigens_immunohistochemical_stains,labreports_surface_antigens_immunohistochemical_stains_The findings reveal a small population of CD34(+) myeloblasts demonstrating immunophenotypic variation of unclear significance
"CD4(+), CD7(-), CD11b(-), CD13(+), CD14(-), CD15(-), CD16(-), CD33(bright +), CD34(+), CD36(-/small subset +), CD38(partial +), CD45(+),CD56(-), CD64(partial dim +), CD117(+), HLA-DR(partial +), MPO(-), and TdT(-)",labreports,surface_antigens_immunohistochemical_stains,"labreports_surface_antigens_immunohistochemical_stains_CD4(+), CD7(-), CD11b(-), CD13(+), CD14(-), CD15(-), CD16(-), CD33(bright +), CD34(+), CD36(-/small subset +), CD38(partial +), CD45(+),CD56(-), CD64(partial dim +), CD117(+), HLA-DR(partial +), MPO(-), and TdT(-)"
"normocytic, normochromic, mild anisopoikilocytosis, no sig. polychromasia. Leukocyte number-decreased,leukocyte morph-within normal limits.",labreports,surface_antigens_immunohistochemical_stains,"labreports_surface_antigens_immunohistochemical_stains_normocytic, normochromic, mild anisopoikilocytosis, no sig. polychromasia. Leukocyte number-decreased,leukocyte morph-within normal limits."
"CD11b(partial +), CD13(equivocal), CD15(bright +), CD16(-), CD33(bright +), CD34(-), CD36(-), CD38(bright +), CD45(bright +), CD56(+),CD64(bright+), CD117(-), and HLA-DR(+).",labreports,surface_antigens_immunohistochemical_stains,"labreports_surface_antigens_immunohistochemical_stains_CD11b(partial +), CD13(equivocal), CD15(bright +), CD16(-), CD33(bright +), CD34(-), CD36(-), CD38(bright +), CD45(bright +), CD56(+),CD64(bright+), CD117(-), and HLA-DR(+)."
Negative (CD19) | Negative (CD22) | Positive (CD38) | Negative (CD7) | Negative (CD56) | Negative (CD11b) | Positive (CD13) | Negative (CD14) | Negative (CD15) | Negative (CD33) | Positive (CD34) | Negative (CD45) | Negative (CD64) | Negative (CD117) | Negative (MPO) | Positive (HLA-DR),labreports,surface_antigens_immunohistochemical_stains,labreports_surface_antigens_immunohistochemical_stains_Negative (CD19) | Negative (CD22) | Positive (CD38) | Negative (CD7) | Negative (CD56) | Negative (CD11b) | Positive (CD13) | Negative (CD14) | Negative (CD15) | Negative (CD33) | Positive (CD34) | Negative (CD45) | Negative (CD64) | Negative (CD117) | Negative (MPO) | Positive (HLA-DR)
"variable CD7, CD13, dim CD33, partial CD34, CD38,dim CD58, partial and variable CD117 and CD123 positive",labreports,surface_antigens_immunohistochemical_stains,"labreports_surface_antigens_immunohistochemical_stains_variable CD7, CD13, dim CD33, partial CD34, CD38,dim CD58, partial and variable CD117 and CD123 positive"
"CD11b, CD13, CD14, CD15, CD33, CD56, bright CD64 and dim HLA-DR-positive",labreports,surface_antigens_immunohistochemical_stains,"labreports_surface_antigens_immunohistochemical_stains_CD11b, CD13, CD14, CD15, CD33, CD56, bright CD64 and dim HLA-DR-positive"
"variable CD7, CD13, CD33, partial CD34, CD38, CD58, CD117, CD123 and HLA-DR (Immunophenotypic shift is noted from the prior leukemic blast population.)",labreports,surface_antigens_immunohistochemical_stains,"labreports_surface_antigens_immunohistochemical_stains_variable CD7, CD13, CD33, partial CD34, CD38, CD58, CD117, CD123 and HLA-DR (Immunophenotypic shift is noted from the prior leukemic blast population.)"
"CD2(-), CD4(-), CD7(-), CD11b(-), CD13(variably +), CD14(-), CD15(-/few dim +), CD16(-),CD33(+), CD34(+), CD36(-), CD38(partial +), CD45(+), CD56(partial +), CD64(-), CD117(variably +), HLA-DR(+and dim/few -), MPO(-), TdT(-).",labreports,surface_antigens_immunohistochemical_stains,"labreports_surface_antigens_immunohistochemical_stains_CD2(-), CD4(-), CD7(-), CD11b(-), CD13(variably +), CD14(-), CD15(-/few dim +), CD16(-),CD33(+), CD34(+), CD36(-), CD38(partial +), CD45(+), CD56(partial +), CD64(-), CD117(variably +), HLA-DR(+and dim/few -), MPO(-), TdT(-)."
"CD2(-), CD3(-), CD4(dim +), CD10(-), CD11b(-), CD13(+), CD14(-), CD15(small subset+), CD16(-), CD19(-), CD20(-), CD33(+), CD34(+),CD36(-), CD38(dim+), CD45(dim +), CD56(-), CD64(variably+), CD117(+), HLA-DR(dim +), MPO(partial +), and TdT(-).",labreports,surface_antigens_immunohistochemical_stains,"labreports_surface_antigens_immunohistochemical_stains_CD2(-), CD3(-), CD4(dim +), CD10(-), CD11b(-), CD13(+), CD14(-), CD15(small subset+), CD16(-), CD19(-), CD20(-), CD33(+), CD34(+),CD36(-), CD38(dim+), CD45(dim +), CD56(-), CD64(variably+), CD117(+), HLA-DR(dim +), MPO(partial +), and TdT(-)."
"CD13, CD34, CD38, CD117, and dim HLA-DR +.",labreports,surface_antigens_immunohistochemical_stains,"labreports_surface_antigens_immunohistochemical_stains_CD13, CD34, CD38, CD117, and dim HLA-DR +."
"dim CD2, CD13, dim CD15, CD33, CD38, CD58, CD64, CD117, CD123, variable HLA-DR and bright MPO positive",labreports,surface_antigens_immunohistochemical_stains,"labreports_surface_antigens_immunohistochemical_stains_dim CD2, CD13, dim CD15, CD33, CD38, CD58, CD64, CD117, CD123, variable HLA-DR and bright MPO positive"
"CD5, CD19, dim CD20, dim CD22, CD23 and light chain negative",labreports,surface_antigens_immunohistochemical_stains,"labreports_surface_antigens_immunohistochemical_stains_CD5, CD19, dim CD20, dim CD22, CD23 and light chain negative"
"Positive (CD38, CD13, CD33, CD34, CD45, CD117, MPO, HLA-DR) | Negative (CD19, CD22, Cyt CD79a, Cyt CD3, CD7, CD56, CD11b, CD14, CD15, CD64, TdT)",labreports,surface_antigens_immunohistochemical_stains,"labreports_surface_antigens_immunohistochemical_stains_Positive (CD38, CD13, CD33, CD34, CD45, CD117, MPO, HLA-DR) | Negative (CD19, CD22, Cyt CD79a, Cyt CD3, CD7, CD56, CD11b, CD14, CD15, CD64, TdT)"
"dim CD7, CD13, CD33, CD71, CD117, CD123, HLA-DR and MPO",labreports,surface_antigens_immunohistochemical_stains,"labreports_surface_antigens_immunohistochemical_stains_dim CD7, CD13, CD33, CD71, CD117, CD123, HLA-DR and MPO"
"partial CD7, CD13, CD33, partial CD34, CD38, CD58, CD71, partial CD117, CD123, and HLA-DR +",labreports,surface_antigens_immunohistochemical_stains,"labreports_surface_antigens_immunohistochemical_stains_partial CD7, CD13, CD33, partial CD34, CD38, CD58, CD71, partial CD117, CD123, and HLA-DR +"
"CD7, CD13, CD33, CD34, partial CD56, CD117, HLA-DR,         MPO and dim TdT-positive",labreports,surface_antigens_immunohistochemical_stains,"labreports_surface_antigens_immunohistochemical_stains_CD7, CD13, CD33, CD34, partial CD56, CD117, HLA-DR,         MPO and dim TdT-positive"
"dim CD13, CD33, CD38, CD58, dim CD64, CD71, dim CD117 and CD123-positive",labreports,surface_antigens_immunohistochemical_stains,"labreports_surface_antigens_immunohistochemical_stains_dim CD13, CD33, CD38, CD58, dim CD64, CD71, dim CD117 and CD123-positive"
"Positive: CD38, CD56, CD13, CD34, CD45, CD117, HLA-DR | Partially positive: CD7, CD11b, CD33, CD64 | Negative: CD19, CD22, Cyt CD79a, Cyt CD3, CD14, CD15, MPO, TdT",labreports,surface_antigens_immunohistochemical_stains,"labreports_surface_antigens_immunohistochemical_stains_Positive: CD38, CD56, CD13, CD34, CD45, CD117, HLA-DR | Partially positive: CD7, CD11b, CD33, CD64 | Negative: CD19, CD22, Cyt CD79a, Cyt CD3, CD14, CD15, MPO, TdT"
"partial CD7, CD13, CD33, CD38, CD34, CD58, CD117, CD123, HLA-DR positive",labreports,surface_antigens_immunohistochemical_stains,"labreports_surface_antigens_immunohistochemical_stains_partial CD7, CD13, CD33, CD38, CD34, CD58, CD117, CD123, HLA-DR positive"
"CD7, CD13, CD33, CD34, CD38, partial CD56, CD58, dim CD64, CD117, CD123, HLA-DR, and cMPO",labreports,surface_antigens_immunohistochemical_stains,"labreports_surface_antigens_immunohistochemical_stains_CD7, CD13, CD33, CD34, CD38, partial CD56, CD58, dim CD64, CD117, CD123, HLA-DR, and cMPO"
"CD13, CD33, CD38, CD56, CD58, CD117, CD123 and dim MPO positive",labreports,surface_antigens_immunohistochemical_stains,"labreports_surface_antigens_immunohistochemical_stains_CD13, CD33, CD38, CD56, CD58, CD117, CD123 and dim MPO positive"
"blasts 55% of all events; they are positive for cd34, hla-dr, cd117, cd13, cd33, and negative for cd11b, cd14, cd64, tdt and mpo",labreports,surface_antigens_immunohistochemical_stains,"labreports_surface_antigens_immunohistochemical_stains_blasts 55% of all events; they are positive for cd34, hla-dr, cd117, cd13, cd33, and negative for cd11b, cd14, cd64, tdt and mpo"
"POSITIVE FOR CD34, CD117, HLA-DR, CD13, CD33, CD38, CYCD3 (DIM) AND NEGATIVE FOR TDT AND MPO",labreports,surface_antigens_immunohistochemical_stains,"labreports_surface_antigens_immunohistochemical_stains_POSITIVE FOR CD34, CD117, HLA-DR, CD13, CD33, CD38, CYCD3 (DIM) AND NEGATIVE FOR TDT AND MPO"
"CD13, CD33, CD34, dimCD38, CD71, CD117, dimCD123, HLA-DR and dim MPO positive",labreports,surface_antigens_immunohistochemical_stains,"labreports_surface_antigens_immunohistochemical_stains_CD13, CD33, CD34, dimCD38, CD71, CD117, dimCD123, HLA-DR and dim MPO positive"
"CD117, dimCD4,  heterogeneous CD13, CD33, dimCD64 and MPO positive (Myeloid Blast Population) | heterogeneous CD13, bright CD33, dimCD4, dimCD14, bright CD64 positive (Monocytes/promonocytes Population)",labreports,surface_antigens_immunohistochemical_stains,"labreports_surface_antigens_immunohistochemical_stains_CD117, dimCD4,  heterogeneous CD13, CD33, dimCD64 and MPO positive (Myeloid Blast Population) | heterogeneous CD13, bright CD33, dimCD4, dimCD14, bright CD64 positive (Monocytes/promonocytes Population)"
"CD13, CD33, CD58, CD64, CD117, CD123, MPO",labreports,surface_antigens_immunohistochemical_stains,"labreports_surface_antigens_immunohistochemical_stains_CD13, CD33, CD58, CD64, CD117, CD123, MPO"
"NOT DETECTED for the MLL partial tandem duplication (PTD). NOT DETECTED for the FLT3 Internal Tandem Duplication (ITD)-Signal Ratio (SR). NOT DETECTED for the FLT3 TKD Mutation. Pathogenic alterations are DETECTED in the DNMT3A, NF1 and TP53 genes. (Bone Marrow Immunophenotyping) | positive for CD34, CD117, HLA-DR, CD13, and CD33, negative for monocytic markers CD11b, CD14 and CD64, negative for specific B and T cell markers. (Bone Marrow Immunophenotyping)",labreports,surface_antigens_immunohistochemical_stains,"labreports_surface_antigens_immunohistochemical_stains_NOT DETECTED for the MLL partial tandem duplication (PTD). NOT DETECTED for the FLT3 Internal Tandem Duplication (ITD)-Signal Ratio (SR). NOT DETECTED for the FLT3 TKD Mutation. Pathogenic alterations are DETECTED in the DNMT3A, NF1 and TP53 genes. (Bone Marrow Immunophenotyping) | positive for CD34, CD117, HLA-DR, CD13, and CD33, negative for monocytic markers CD11b, CD14 and CD64, negative for specific B and T cell markers. (Bone Marrow Immunophenotyping)"
"CD13, CD33, CD34, variable CD38, CD117, CD123, and HLA-DR +.",labreports,surface_antigens_immunohistochemical_stains,"labreports_surface_antigens_immunohistochemical_stains_CD13, CD33, CD34, variable CD38, CD117, CD123, and HLA-DR +."
"CD13, CD33, CD34, CD38, moderate-dim CD45, and CD117+",labreports,surface_antigens_immunohistochemical_stains,"labreports_surface_antigens_immunohistochemical_stains_CD13, CD33, CD34, CD38, moderate-dim CD45, and CD117+"
"POSITIVE FOR CD117, HLA-DR, CD13, CD33, CD14 AND MPO AND NEGATIVE FOR CD34, CD11B, CD64, CD10 AND TDT. (Bone Marrow Immunophenotype)",labreports,surface_antigens_immunohistochemical_stains,"labreports_surface_antigens_immunohistochemical_stains_POSITIVE FOR CD117, HLA-DR, CD13, CD33, CD14 AND MPO AND NEGATIVE FOR CD34, CD11B, CD64, CD10 AND TDT. (Bone Marrow Immunophenotype)"
"Large pop. of promonocytes/monoblasts representing approx 57% of total leukocytes and increased atypicalCD117 pos, partial CD34 pos myeloblasts (partial CD7 pos) representing approx 6% of leukocytes consistent w/AMLw/monocytic differentiation.",labreports,surface_antigens_immunohistochemical_stains,"labreports_surface_antigens_immunohistochemical_stains_Large pop. of promonocytes/monoblasts representing approx 57% of total leukocytes and increased atypicalCD117 pos, partial CD34 pos myeloblasts (partial CD7 pos) representing approx 6% of leukocytes consistent w/AMLw/monocytic differentiation."
"POSITIVE for the FLT3 Internal Tandem Duplication (ITD)-Signal Ratio (SR) with a signal ratio of 0.045. NOT DETECTED for the FLT3 TKD Mutation. (Bone Marrow Immunophenotyping) | POSITIVE FOR DIM CD45, CD34, HLADR, CD117, CD13, CD38, NEGATIVE FOR CD33. (Bone Marrow Immunophenotyping (Continued))",labreports,surface_antigens_immunohistochemical_stains,"labreports_surface_antigens_immunohistochemical_stains_POSITIVE for the FLT3 Internal Tandem Duplication (ITD)-Signal Ratio (SR) with a signal ratio of 0.045. NOT DETECTED for the FLT3 TKD Mutation. (Bone Marrow Immunophenotyping) | POSITIVE FOR DIM CD45, CD34, HLADR, CD117, CD13, CD38, NEGATIVE FOR CD33. (Bone Marrow Immunophenotyping (Continued))"
"Large population of CD117pos, CD34 neg, HLA-DR neg myeloblasts, representing approx 68% of leukocytes, consistent w/ residual/recurrent AML.",labreports,surface_antigens_immunohistochemical_stains,"labreports_surface_antigens_immunohistochemical_stains_Large population of CD117pos, CD34 neg, HLA-DR neg myeloblasts, representing approx 68% of leukocytes, consistent w/ residual/recurrent AML."
"Negative (CD19, CD22, Cyt CD3, CD7, CD56, CD11b, CD13, CD14, CD34, CD64, CD117, TdT) | Positive (CD38, Cyt CD79a, CD15, CD33, MPO) | Dim (CD45, HLA-DR)",labreports,surface_antigens_immunohistochemical_stains,"labreports_surface_antigens_immunohistochemical_stains_Negative (CD19, CD22, Cyt CD3, CD7, CD56, CD11b, CD13, CD14, CD34, CD64, CD117, TdT) | Positive (CD38, Cyt CD79a, CD15, CD33, MPO) | Dim (CD45, HLA-DR)"
"Positive (CD38, CD15, CD34, MPO, HLA-DR) | Negative (CD19, CD22, Cyt CD79a, Cyt CD3, CD7, CD56, CD11b, CD13, CD14, CD33, CD64, TdT) | Dim Positive (CD45, CD117)",labreports,surface_antigens_immunohistochemical_stains,"labreports_surface_antigens_immunohistochemical_stains_Positive (CD38, CD15, CD34, MPO, HLA-DR) | Negative (CD19, CD22, Cyt CD79a, Cyt CD3, CD7, CD56, CD11b, CD13, CD14, CD33, CD64, TdT) | Dim Positive (CD45, CD117)"
"THESE ARE POSITIVE FOR CD34, CD117, HLADR, CD13, AND CD33. (Bone Marrow Immunophenotyping)",labreports,surface_antigens_immunohistochemical_stains,"labreports_surface_antigens_immunohistochemical_stains_THESE ARE POSITIVE FOR CD34, CD117, HLADR, CD13, AND CD33. (Bone Marrow Immunophenotyping)"
"CD13, dim CD19, dim CD33, CD34, CD38, CD56, CD58, CD117, dim CD123, HLA-DR and MPO+",labreports,surface_antigens_immunohistochemical_stains,"labreports_surface_antigens_immunohistochemical_stains_CD13, dim CD19, dim CD33, CD34, CD38, CD56, CD58, CD117, dim CD123, HLA-DR and MPO+"
"NOT DETECTED for the FLT3 Internal Tandem Duplication (ITD)-Signal Ratio (SR). NOT DETECTED for the FLT3 TKD Mutation. POSITIVE for the MLL partial tandem duplication (PTD) at 2.61%. Pathogenic alterations are NOT DETECTED. These are positive for CD34, CD117, HLADR, CD33, CD13. (Bone Marrow Immunophenotyping)",labreports,surface_antigens_immunohistochemical_stains,"labreports_surface_antigens_immunohistochemical_stains_NOT DETECTED for the FLT3 Internal Tandem Duplication (ITD)-Signal Ratio (SR). NOT DETECTED for the FLT3 TKD Mutation. POSITIVE for the MLL partial tandem duplication (PTD) at 2.61%. Pathogenic alterations are NOT DETECTED. These are positive for CD34, CD117, HLADR, CD33, CD13. (Bone Marrow Immunophenotyping)"
"Positive (CD38, CD33, CD34, MPO, HLA-DR) | Negative (CD19, CD22, Cyt CD79a, Cyt CD3, CD7, CD56, CD13, CD14, CD15, CD117, TdT) | Dim (CD11b, CD45, CD64)",labreports,surface_antigens_immunohistochemical_stains,"labreports_surface_antigens_immunohistochemical_stains_Positive (CD38, CD33, CD34, MPO, HLA-DR) | Negative (CD19, CD22, Cyt CD79a, Cyt CD3, CD7, CD56, CD13, CD14, CD15, CD117, TdT) | Dim (CD11b, CD45, CD64)"
"Dim Positive (CD13, MPO) | Dim Partial positive (CD34) | Variable partial positive (CD117)",labreports,surface_antigens_immunohistochemical_stains,"labreports_surface_antigens_immunohistochemical_stains_Dim Positive (CD13, MPO) | Dim Partial positive (CD34) | Variable partial positive (CD117)"
"CD13, CD33, CD34, CD38, CD117 and HLA-DR+",labreports,surface_antigens_immunohistochemical_stains,"labreports_surface_antigens_immunohistochemical_stains_CD13, CD33, CD34, CD38, CD117 and HLA-DR+"
"CD13, CD33, CD34, CD38, CD56, CD58, variable CD64, CD71, CD117, dim CD123, HLA-DR, MPO (Myeloid Blasts) | CD11b, CD13, CD15, CD33, CD56, CD64, HLA-DR (Abnormal Monocytes)",labreports,surface_antigens_immunohistochemical_stains,"labreports_surface_antigens_immunohistochemical_stains_CD13, CD33, CD34, CD38, CD56, CD58, variable CD64, CD71, CD117, dim CD123, HLA-DR, MPO (Myeloid Blasts) | CD11b, CD13, CD15, CD33, CD56, CD64, HLA-DR (Abnormal Monocytes)"
"CD13, CD33, CD34, CD38, CD58, CD71, CD117, CD123, HLA-DR +",labreports,surface_antigens_immunohistochemical_stains,"labreports_surface_antigens_immunohistochemical_stains_CD13, CD33, CD34, CD38, CD58, CD71, CD117, CD123, HLA-DR +"
"CD4, CD11b, CD13, CD33, variable CD14, CD38, dim CD56, CD58, bright CD64, dim CD123, HLA-DR, and partial MPO +",labreports,surface_antigens_immunohistochemical_stains,"labreports_surface_antigens_immunohistochemical_stains_CD4, CD11b, CD13, CD33, variable CD14, CD38, dim CD56, CD58, bright CD64, dim CD123, HLA-DR, and partial MPO +"
"dimCD7, dimCD13, CD33, CD34, CD38, variable CD64, dimCD117, CD123, HLA-DR, and MPO positive",labreports,surface_antigens_immunohistochemical_stains,"labreports_surface_antigens_immunohistochemical_stains_dimCD7, dimCD13, CD33, CD34, CD38, variable CD64, dimCD117, CD123, HLA-DR, and MPO positive"
"CD4, CD7, partial CD13, CD33, CD71, partial CD117, CD123 and dim HLA-DR-positive",labreports,surface_antigens_immunohistochemical_stains,"labreports_surface_antigens_immunohistochemical_stains_CD4, CD7, partial CD13, CD33, CD71, partial CD117, CD123 and dim HLA-DR-positive"
"dim CD4, dim CD7, CD13, CD33, CD38, CD58, CD117, CD123, HLA-DR, and dim partial MPO (Myeloid Blast Population) | CD4, CD11b, CD13, dim CD14, dim CD15, CD16, CD33, CD38, CD58, CD63, CD123, HLA-DR (Promonocyte/Monocyte Blast Population)",labreports,surface_antigens_immunohistochemical_stains,"labreports_surface_antigens_immunohistochemical_stains_dim CD4, dim CD7, CD13, CD33, CD38, CD58, CD117, CD123, HLA-DR, and dim partial MPO (Myeloid Blast Population) | CD4, CD11b, CD13, dim CD14, dim CD15, CD16, CD33, CD38, CD58, CD63, CD123, HLA-DR (Promonocyte/Monocyte Blast Population)"
"partial CD11b, CD13, partial CD14, CD33, CD34, partial CD64, CD117, HLA-DR and dim MPO (+)",labreports,surface_antigens_immunohistochemical_stains,"labreports_surface_antigens_immunohistochemical_stains_partial CD11b, CD13, partial CD14, CD33, CD34, partial CD64, CD117, HLA-DR and dim MPO (+)"
"dim CD7, CD13, CD33, dimCD34, dimCD64, dim CD117, CD123, and dim HLA-DR+",labreports,surface_antigens_immunohistochemical_stains,"labreports_surface_antigens_immunohistochemical_stains_dim CD7, CD13, CD33, dimCD34, dimCD64, dim CD117, CD123, and dim HLA-DR+"
"CD13, CD33, CD34, CD71, CD117 and HLA-DR+",labreports,surface_antigens_immunohistochemical_stains,"labreports_surface_antigens_immunohistochemical_stains_CD13, CD33, CD34, CD71, CD117 and HLA-DR+"
"Positive (CD38, CD13, CD33, CD117, MPO, HLA-DR) | Negative (CD19, CD22, Cyt CD79a, Cyt CD3, CD7, CD56, CD11b, CD14, CD15, CD34, CD64, TdT, Glyc A) | DIM (CD45, CD71)",labreports,surface_antigens_immunohistochemical_stains,"labreports_surface_antigens_immunohistochemical_stains_Positive (CD38, CD13, CD33, CD117, MPO, HLA-DR) | Negative (CD19, CD22, Cyt CD79a, Cyt CD3, CD7, CD56, CD11b, CD14, CD15, CD34, CD64, TdT, Glyc A) | DIM (CD45, CD71)"
"CD4, CD11b, partial CD13, CD33, CD56, bright CD64, partial CD117, CD123, HLA-DR and partial MPO-positive",labreports,surface_antigens_immunohistochemical_stains,"labreports_surface_antigens_immunohistochemical_stains_CD4, CD11b, partial CD13, CD33, CD56, bright CD64, partial CD117, CD123, HLA-DR and partial MPO-positive"
dim CD56 | dim CD15 | dim CD123,labreports,surface_antigens_immunohistochemical_stains,labreports_surface_antigens_immunohistochemical_stains_dim CD56 | dim CD15 | dim CD123
"CD10, bright CD13, CD33, CD34, CD56, CD117, partial CD123, dim HLA-DR",labreports,surface_antigens_immunohistochemical_stains,"labreports_surface_antigens_immunohistochemical_stains_CD10, bright CD13, CD33, CD34, CD56, CD117, partial CD123, dim HLA-DR"
"partial CD13, partial CD33, CD34, CD117, CD123, partial HLA-DR, and partial MPO",labreports,surface_antigens_immunohistochemical_stains,"labreports_surface_antigens_immunohistochemical_stains_partial CD13, partial CD33, CD34, CD117, CD123, partial HLA-DR, and partial MPO"
"CD7, partial CD13, dim CD33, CD34, CD28, CD58, CD71, CD117, HLA-DR and MPO",labreports,surface_antigens_immunohistochemical_stains,"labreports_surface_antigens_immunohistochemical_stains_CD7, partial CD13, dim CD33, CD34, CD28, CD58, CD71, CD117, HLA-DR and MPO"
"THESE ARE POSITIVE FOR HLA-DR, CD117, CD34, CD33 AND CD13. POSITIVE FOR HLA-DR, CD117, CD34, CD33 AND CD13. (Bone Marrow Immunnophenotype)",labreports,surface_antigens_immunohistochemical_stains,"labreports_surface_antigens_immunohistochemical_stains_THESE ARE POSITIVE FOR HLA-DR, CD117, CD34, CD33 AND CD13. POSITIVE FOR HLA-DR, CD117, CD34, CD33 AND CD13. (Bone Marrow Immunnophenotype)"
"partial CD11b, partial CD13, CD33, bright CD38, CD58, bright CD64, and partial HLA-DR+",labreports,surface_antigens_immunohistochemical_stains,"labreports_surface_antigens_immunohistochemical_stains_partial CD11b, partial CD13, CD33, bright CD38, CD58, bright CD64, and partial HLA-DR+"
"positive for CD117, HLADR, CD33, CD11b, CD64 and MPO (partial). (Bone Marrow Immunophenotyping)",labreports,surface_antigens_immunohistochemical_stains,"labreports_surface_antigens_immunohistochemical_stains_positive for CD117, HLADR, CD33, CD11b, CD64 and MPO (partial). (Bone Marrow Immunophenotyping)"
"Neagtive (CD10, CD19, CD16, CD14, CD34, CD117) | Bright Positive (CD64)",labreports,surface_antigens_immunohistochemical_stains,"labreports_surface_antigens_immunohistochemical_stains_Neagtive (CD10, CD19, CD16, CD14, CD34, CD117) | Bright Positive (CD64)"
"CD11b, CD13, CD14, CD33, bright CD64, HLA-DR and partial MPO-positive",labreports,surface_antigens_immunohistochemical_stains,"labreports_surface_antigens_immunohistochemical_stains_CD11b, CD13, CD14, CD33, bright CD64, HLA-DR and partial MPO-positive"
NOT DETECTED for the MLL partial tandem duplication (PTD). (Bone Marrow Immunophenotype),labreports,surface_antigens_immunohistochemical_stains,labreports_surface_antigens_immunohistochemical_stains_NOT DETECTED for the MLL partial tandem duplication (PTD). (Bone Marrow Immunophenotype)
"Negative (CD19, CD22, CD56, CD14, CD15, CD64, MPO) | Positive (CD38, CD7, CD13, CD33, CD34, HLA-DR) | Dim (CD11b, CD45, CD117)",labreports,surface_antigens_immunohistochemical_stains,"labreports_surface_antigens_immunohistochemical_stains_Negative (CD19, CD22, CD56, CD14, CD15, CD64, MPO) | Positive (CD38, CD7, CD13, CD33, CD34, HLA-DR) | Dim (CD11b, CD45, CD117)"
"dim CD13, dim CD19, CD33, CD34, CD38, CD58, CD117, CD123, HLA-DR and MPO",labreports,surface_antigens_immunohistochemical_stains,"labreports_surface_antigens_immunohistochemical_stains_dim CD13, dim CD19, CD33, CD34, CD38, CD58, CD117, CD123, HLA-DR and MPO"
"Positive for CD34, CD117, HLADR, CD33 and CD13. (Bone Marrow Immunophentyping)",labreports,surface_antigens_immunohistochemical_stains,"labreports_surface_antigens_immunohistochemical_stains_Positive for CD34, CD117, HLADR, CD33 and CD13. (Bone Marrow Immunophentyping)"
"CD11c, CD13, CD33, CD34, CD38, CD56, CD64, CD117, HLA-DR; negative TdT, CD19 and CD10 (from bmbx 5/3/17)",labreports,surface_antigens_immunohistochemical_stains,"labreports_surface_antigens_immunohistochemical_stains_CD11c, CD13, CD33, CD34, CD38, CD56, CD64, CD117, HLA-DR; negative TdT, CD19 and CD10 (from bmbx 5/3/17)"
"positive (CD38 dim, CD33 dim, CD45 dim, CD117 var, MPO var) | negative (CD10, CD19, CD20, CD22, CD23, Surf Kappa, Surf Lambda, FMC7, CD3, CD5, CD7, CD56, CD13, CD14, CD15, CD34) | PP (CD11b VAR, CD64 VAR, HLA-DR VAR)",labreports,surface_antigens_immunohistochemical_stains,"labreports_surface_antigens_immunohistochemical_stains_positive (CD38 dim, CD33 dim, CD45 dim, CD117 var, MPO var) | negative (CD10, CD19, CD20, CD22, CD23, Surf Kappa, Surf Lambda, FMC7, CD3, CD5, CD7, CD56, CD13, CD14, CD15, CD34) | PP (CD11b VAR, CD64 VAR, HLA-DR VAR)"
"CD13, CD33, variable CD34, CD38, CD58, CD117, CD123, HLA-DR, variable MPO",labreports,surface_antigens_immunohistochemical_stains,"labreports_surface_antigens_immunohistochemical_stains_CD13, CD33, variable CD34, CD38, CD58, CD117, CD123, HLA-DR, variable MPO"
"negative (CD19, CD22, CD7, CD11b, CD13, CD14, CD15, CD34, CD64, HLA-DR) | Dim (CD38, CD45) | Positive (CD56, CD33, CD117, MPO)",labreports,surface_antigens_immunohistochemical_stains,"labreports_surface_antigens_immunohistochemical_stains_negative (CD19, CD22, CD7, CD11b, CD13, CD14, CD15, CD34, CD64, HLA-DR) | Dim (CD38, CD45) | Positive (CD56, CD33, CD117, MPO)"
"CD4, partial CD11b, CD13, CD33, dim CD22, CD34, variable CD56, variable CD64, CD117, HLA-DR, dim PAX5+",labreports,surface_antigens_immunohistochemical_stains,"labreports_surface_antigens_immunohistochemical_stains_CD4, partial CD11b, CD13, CD33, dim CD22, CD34, variable CD56, variable CD64, CD117, HLA-DR, dim PAX5+"
"CD4, CD11b, CD13, variable CD14, CD15, CD33, CD34, variable CD38, CD56, CD58, CD64, variable CD117, and HLA-DR",labreports,surface_antigens_immunohistochemical_stains,"labreports_surface_antigens_immunohistochemical_stains_CD4, CD11b, CD13, variable CD14, CD15, CD33, CD34, variable CD38, CD56, CD58, CD64, variable CD117, and HLA-DR"
"dim CD4, CD13, CD33, CD34, dim CD56, CD64, HLA-DR+",labreports,surface_antigens_immunohistochemical_stains,"labreports_surface_antigens_immunohistochemical_stains_dim CD4, CD13, CD33, CD34, dim CD56, CD64, HLA-DR+"
"positive for CD13, CD33, CD34, CD38, partial HLA-DR, CD117, and a minor population is also positive for MPO",labreports,surface_antigens_immunohistochemical_stains,"labreports_surface_antigens_immunohistochemical_stains_positive for CD13, CD33, CD34, CD38, partial HLA-DR, CD117, and a minor population is also positive for MPO"
"negative (CD19, CD22, Cyt CD79a, Cyt CD3, CD7, CD56, CD14, CD15, CD34, CD64 TdT) | positive (CD38, CD13, CD33, CD117, MPO, HLA-DR) | dim (CD11b, CD45)",labreports,surface_antigens_immunohistochemical_stains,"labreports_surface_antigens_immunohistochemical_stains_negative (CD19, CD22, Cyt CD79a, Cyt CD3, CD7, CD56, CD14, CD15, CD34, CD64 TdT) | positive (CD38, CD13, CD33, CD117, MPO, HLA-DR) | dim (CD11b, CD45)"
"dim CD11b, CD13, CD33, partial CD34, partial CD38, dim CD45, partial CD64, CD58, partial CD117, CD123 and partial MPO positive",labreports,surface_antigens_immunohistochemical_stains,"labreports_surface_antigens_immunohistochemical_stains_dim CD11b, CD13, CD33, partial CD34, partial CD38, dim CD45, partial CD64, CD58, partial CD117, CD123 and partial MPO positive"
"dim CD7, partial CD11b, variable CD13, CD33, CD64, CD117, dim CD123, dim HLA-DR and partial MPO positive",labreports,surface_antigens_immunohistochemical_stains,"labreports_surface_antigens_immunohistochemical_stains_dim CD7, partial CD11b, variable CD13, CD33, CD64, CD117, dim CD123, dim HLA-DR and partial MPO positive"
"Population 1: Immature blasts (80%) expressed dim CD45+, partial CD34+ (68% of total cells), CD117+, HLA DR+, CD13+, CD33++, CD123+, and CD64neg /dim+ | Population 2: Monoblasts (11%) expressed bright CD33 ++, intermediate SSC, brighter CD45, brCD64++, CD33++, and HLA DR++",labreports,surface_antigens_immunohistochemical_stains,"labreports_surface_antigens_immunohistochemical_stains_Population 1: Immature blasts (80%) expressed dim CD45+, partial CD34+ (68% of total cells), CD117+, HLA DR+, CD13+, CD33++, CD123+, and CD64neg /dim+ | Population 2: Monoblasts (11%) expressed bright CD33 ++, intermediate SSC, brighter CD45, brCD64++, CD33++, and HLA DR++"
"positive for CD11b, CD13, CD14, CD15, CD33, CD38, CD45, CD64, HLA-DR and MPO",labreports,surface_antigens_immunohistochemical_stains,"labreports_surface_antigens_immunohistochemical_stains_positive for CD11b, CD13, CD14, CD15, CD33, CD38, CD45, CD64, HLA-DR and MPO"
"positive for CD11b, CD13, CD33, CD34, CD38, dim CD45, CD117 and HLA-DR with aberrant expression of CD56",labreports,surface_antigens_immunohistochemical_stains,"labreports_surface_antigens_immunohistochemical_stains_positive for CD11b, CD13, CD33, CD34, CD38, dim CD45, CD117 and HLA-DR with aberrant expression of CD56"
"positive for dim CD2 (aberrant), CD11b (aberrant), CD13, CD33, CD34, CD38, CD117, HLA-DR, and dim nTdT (aberrant)",labreports,surface_antigens_immunohistochemical_stains,"labreports_surface_antigens_immunohistochemical_stains_positive for dim CD2 (aberrant), CD11b (aberrant), CD13, CD33, CD34, CD38, CD117, HLA-DR, and dim nTdT (aberrant)"
"positive for dim CD7, CD11b, CD13, CD33, CD34, CD38, CD45, dim CD64, CD117, HLA-DR, and MPO",labreports,surface_antigens_immunohistochemical_stains,"labreports_surface_antigens_immunohistochemical_stains_positive for dim CD7, CD11b, CD13, CD33, CD34, CD38, CD45, dim CD64, CD117, HLA-DR, and MPO"
"partial CD11b, dim CD13, CD33, partial CD34, variable CD64, CD117, CD123, HLA-DR+",labreports,surface_antigens_immunohistochemical_stains,"labreports_surface_antigens_immunohistochemical_stains_partial CD11b, dim CD13, CD33, partial CD34, variable CD64, CD117, CD123, HLA-DR+"
"CD13, CD33, variable CD34, CD117, partial HLA-DR",labreports,surface_antigens_immunohistochemical_stains,"labreports_surface_antigens_immunohistochemical_stains_CD13, CD33, variable CD34, CD117, partial HLA-DR"
"dim CD4, CD11b, CD13, partial CD14, CD33, CD38, variable CD56, CD58, CD64, dim CD71, dim CD123, and HLA-DR+",labreports,surface_antigens_immunohistochemical_stains,"labreports_surface_antigens_immunohistochemical_stains_dim CD4, CD11b, CD13, partial CD14, CD33, CD38, variable CD56, CD58, CD64, dim CD71, dim CD123, and HLA-DR+"
"CD13, CD33, partial CD34, CD38, CD58, dim CD71, CD117, CD123, and cMPO+",labreports,surface_antigens_immunohistochemical_stains,"labreports_surface_antigens_immunohistochemical_stains_CD13, CD33, partial CD34, CD38, CD58, dim CD71, CD117, CD123, and cMPO+"
"CD2(-), CD4(-), CD5(-), CD7(-), CD8(-),CD10(-), CD11b(dim +), CD13(dim +),CD14(dim +), CD15(dim+CD16(-), CD20(-), CD22(-), CD25(dim +), CD33(dim +), CD34(+), CD38(+), CD36(subset +), CD56(-), CD64(subset +), CD79a +)(-), CD123(dim +), MPO(dim +), TdT(-), and surface kappa lambda light chain(-).,",labreports,surface_antigens_immunohistochemical_stains,"labreports_surface_antigens_immunohistochemical_stains_CD2(-), CD4(-), CD5(-), CD7(-), CD8(-),CD10(-), CD11b(dim +), CD13(dim +),CD14(dim +), CD15(dim+CD16(-), CD20(-), CD22(-), CD25(dim +), CD33(dim +), CD34(+), CD38(+), CD36(subset +), CD56(-), CD64(subset +), CD79a +)(-), CD123(dim +), MPO(dim +), TdT(-), and surface kappa lambda light chain(-).,"
"CD34(-), CD13(predominantly -), CD33(+), CD38(partial +), CD45(dim +), CD56(variably +), CD64(partial dim +), CD117(+),HLA-DR(-), MPO(+), TdT(-), other myeloid and lymphoid antigens(predominantly -).",labreports,surface_antigens_immunohistochemical_stains,"labreports_surface_antigens_immunohistochemical_stains_CD34(-), CD13(predominantly -), CD33(+), CD38(partial +), CD45(dim +), CD56(variably +), CD64(partial dim +), CD117(+),HLA-DR(-), MPO(+), TdT(-), other myeloid and lymphoid antigens(predominantly -)."
"Immunophenotype 1(15% WBCs): dim CD4, variable CD13, CD33, bright CD34, CD58, CD64, CD117, CD123, variable MPO | Immunophenotype 2 (79% WBCs): dim CD4, CD11b, variable CD13, CD33, CD38, CD58, CD64, CD117, CD123",labreports,surface_antigens_immunohistochemical_stains,"labreports_surface_antigens_immunohistochemical_stains_Immunophenotype 1(15% WBCs): dim CD4, variable CD13, CD33, bright CD34, CD58, CD64, CD117, CD123, variable MPO | Immunophenotype 2 (79% WBCs): dim CD4, CD11b, variable CD13, CD33, CD38, CD58, CD64, CD117, CD123"
"positive for CD13, CD33, CD34, dim CD45, CD38, CD117, HLA-DR and MPO",labreports,surface_antigens_immunohistochemical_stains,"labreports_surface_antigens_immunohistochemical_stains_positive for CD13, CD33, CD34, dim CD45, CD38, CD117, HLA-DR and MPO"
"positive for CD11b, dim CD7, CD13, CD14, CD33, CD38, CD15, CD45, CD56, CD64 and HLA-DR",labreports,surface_antigens_immunohistochemical_stains,"labreports_surface_antigens_immunohistochemical_stains_positive for CD11b, dim CD7, CD13, CD14, CD33, CD38, CD15, CD45, CD56, CD64 and HLA-DR"
"dim partial CD4, dim partial CD7, dim CD11b, CD13, CD33, partial CD34, CD38, CD58, dim CD71, CD117, CD123 and HLA-DR+",labreports,surface_antigens_immunohistochemical_stains,"labreports_surface_antigens_immunohistochemical_stains_dim partial CD4, dim partial CD7, dim CD11b, CD13, CD33, partial CD34, CD38, CD58, dim CD71, CD117, CD123 and HLA-DR+"
"CD4, dim CD20, dim CD11b, CD13, CD33, CD34, CD38, CD58, variable CD64, partial dim CD117, MPO",labreports,surface_antigens_immunohistochemical_stains,"labreports_surface_antigens_immunohistochemical_stains_CD4, dim CD20, dim CD11b, CD13, CD33, CD34, CD38, CD58, variable CD64, partial dim CD117, MPO"
"positive for CD11b, CD11c, CD14, CD64, CD33, CD38, HLA-DR and partial for CD13, CD15, cMPO",labreports,surface_antigens_immunohistochemical_stains,"labreports_surface_antigens_immunohistochemical_stains_positive for CD11b, CD11c, CD14, CD64, CD33, CD38, HLA-DR and partial for CD13, CD15, cMPO"
"CD13, dim CD33, CD34, CD38, CD117, CD123, HLA-DR and dim MPO+. (Blast Immunophenotype) | CD11b, CD13, dim CD14, CD33, CD38, CD64, HLA-DR, dim CD117, CD123 and dim MPO+ (Monocytic Immunophenotype)",labreports,surface_antigens_immunohistochemical_stains,"labreports_surface_antigens_immunohistochemical_stains_CD13, dim CD33, CD34, CD38, CD117, CD123, HLA-DR and dim MPO+. (Blast Immunophenotype) | CD11b, CD13, dim CD14, CD33, CD38, CD64, HLA-DR, dim CD117, CD123 and dim MPO+ (Monocytic Immunophenotype)"
"partial CD13, CD33, CD38, partial CD56, CD58, CD117, CD123, and MPO positive",labreports,surface_antigens_immunohistochemical_stains,"labreports_surface_antigens_immunohistochemical_stains_partial CD13, CD33, CD38, partial CD56, CD58, CD117, CD123, and MPO positive"
"CD13 , CD33 , partial CD34 , CD38 , CD58 , CD64 , CD71 , CD117 , CD123 and HLA-DR positive",labreports,surface_antigens_immunohistochemical_stains,"labreports_surface_antigens_immunohistochemical_stains_CD13 , CD33 , partial CD34 , CD38 , CD58 , CD64 , CD71 , CD117 , CD123 and HLA-DR positive"
"A large blastic population, positive for CD13, CD15, CD33, CD38, dim CD45, dim CD64, CD117, HLA-DR, and MPO",labreports,surface_antigens_immunohistochemical_stains,"labreports_surface_antigens_immunohistochemical_stains_A large blastic population, positive for CD13, CD15, CD33, CD38, dim CD45, dim CD64, CD117, HLA-DR, and MPO"
"CD13, CD34, CD38, CD117, and HLA-DR positive with partial dim expression of CD2, CD7, and CD11b",labreports,surface_antigens_immunohistochemical_stains,"labreports_surface_antigens_immunohistochemical_stains_CD13, CD34, CD38, CD117, and HLA-DR positive with partial dim expression of CD2, CD7, and CD11b"
"dim CD4, dim CD7, dim CD33, CD34, dim CD56, CD58, dim CD123, CD117 and HLA-DR positive",labreports,surface_antigens_immunohistochemical_stains,"labreports_surface_antigens_immunohistochemical_stains_dim CD4, dim CD7, dim CD33, CD34, dim CD56, CD58, dim CD123, CD117 and HLA-DR positive"
"positive for CD13, CD33, CD34, CD38, CD117, HLA-DR, cytoplasmic myeloperoxidase (subset), and TdT (subset)",labreports,surface_antigens_immunohistochemical_stains,"labreports_surface_antigens_immunohistochemical_stains_positive for CD13, CD33, CD34, CD38, CD117, HLA-DR, cytoplasmic myeloperoxidase (subset), and TdT (subset)"
"positive for CD117, CD13, CD33, and HLA-DR. Roughly half of the blasts were positive for CD34, roughly half of the blasts showed aberrant dim expression of CD7, and roughly half of the cells showed aberrant dim expression of CD19.",labreports,surface_antigens_immunohistochemical_stains,"labreports_surface_antigens_immunohistochemical_stains_positive for CD117, CD13, CD33, and HLA-DR. Roughly half of the blasts were positive for CD34, roughly half of the blasts showed aberrant dim expression of CD7, and roughly half of the cells showed aberrant dim expression of CD19."
"CD13, CD33, HLA-DR, and CD34",labreports,surface_antigens_immunohistochemical_stains,"labreports_surface_antigens_immunohistochemical_stains_CD13, CD33, HLA-DR, and CD34"
"CD4, variable CD13, CD33, CD38, variable CD56, CD58, CD64, dim CD71, dim CD117, dim CD123 and HLA-DR+",labreports,surface_antigens_immunohistochemical_stains,"labreports_surface_antigens_immunohistochemical_stains_CD4, variable CD13, CD33, CD38, variable CD56, CD58, CD64, dim CD71, dim CD117, dim CD123 and HLA-DR+"
"CD117(+) myeloid precursors comprise 26% of total events and are positive for dim CD7, CD13, CD33, CD38, CD117, HLA-DR, and cyMPO.  They are negative for CD34.  ",labreports,surface_antigens_immunohistochemical_stains,"labreports_surface_antigens_immunohistochemical_stains_CD117(+) myeloid precursors comprise 26% of total events and are positive for dim CD7, CD13, CD33, CD38, CD117, HLA-DR, and cyMPO.  They are negative for CD34.  "
"Myeloid blasts comprise 16% of total events and are positive for CD13, CD33, CD34, CD38 (reduced), CD117, HLA-DR and cyMPO. They are negative for CD11b, CD11c, CD14, CD15, CD56, CD64, TdT, B- and other T-cell markers",labreports,surface_antigens_immunohistochemical_stains,"labreports_surface_antigens_immunohistochemical_stains_Myeloid blasts comprise 16% of total events and are positive for CD13, CD33, CD34, CD38 (reduced), CD117, HLA-DR and cyMPO. They are negative for CD11b, CD11c, CD14, CD15, CD56, CD64, TdT, B- and other T-cell markers"
"dim CD5, CD7,  partial CD11b, CD13, CD33, CD34, variable CD38, variable CD56, CD58,  dim CD71, CD117, dim CD123, dim HLA-DR and MPO+",labreports,surface_antigens_immunohistochemical_stains,"labreports_surface_antigens_immunohistochemical_stains_dim CD5, CD7,  partial CD11b, CD13, CD33, CD34, variable CD38, variable CD56, CD58,  dim CD71, CD117, dim CD123, dim HLA-DR and MPO+"
"Myeloid blast immunophenotype: CD13, CD33, CD34, CD38, CD58, CD117, CD123, dim HLA-DR and MPO+ | Monocytic blast immunophenotype: CD11b, CD13, CD14, partial CD16, CD33, dim CD34, CD38, CD58, CD64, CD117, dim CD123, HLA-DR and MPO+",labreports,surface_antigens_immunohistochemical_stains,"labreports_surface_antigens_immunohistochemical_stains_Myeloid blast immunophenotype: CD13, CD33, CD34, CD38, CD58, CD117, CD123, dim HLA-DR and MPO+ | Monocytic blast immunophenotype: CD11b, CD13, CD14, partial CD16, CD33, dim CD34, CD38, CD58, CD64, CD117, dim CD123, HLA-DR and MPO+"
"dim CD13, CD33, CD38, partial CD56, CD58, CD64, dim CD117, CD123 and MPO+",labreports,surface_antigens_immunohistochemical_stains,"labreports_surface_antigens_immunohistochemical_stains_dim CD13, CD33, CD38, partial CD56, CD58, CD64, dim CD117, CD123 and MPO+"
"CD13, variable CD34, CD38, dim CD58, CD117, CD123, HLA-DR and dim MPO+",labreports,surface_antigens_immunohistochemical_stains,"labreports_surface_antigens_immunohistochemical_stains_CD13, variable CD34, CD38, dim CD58, CD117, CD123, HLA-DR and dim MPO+"
"CD13, dim CD33, CD34, CD38, CD117, dim CD123, HLA-DR positive",labreports,surface_antigens_immunohistochemical_stains,"labreports_surface_antigens_immunohistochemical_stains_CD13, dim CD33, CD34, CD38, CD117, dim CD123, HLA-DR positive"
"CD13, CD33, CD34, CD38, CD58, dim CD71, CD117, dim CD123 and HLA-DR+",labreports,surface_antigens_immunohistochemical_stains,"labreports_surface_antigens_immunohistochemical_stains_CD13, CD33, CD34, CD38, CD58, dim CD71, CD117, dim CD123 and HLA-DR+"
"dim partial CD7, CD13, CD33, CD34, dim CD38, CD58, CD117, dim CD123, HLA-DR and partial TdT+",labreports,surface_antigens_immunohistochemical_stains,"labreports_surface_antigens_immunohistochemical_stains_dim partial CD7, CD13, CD33, CD34, dim CD38, CD58, CD117, dim CD123, HLA-DR and partial TdT+"
"CD11b, variable CD14, CD15, CD33, CD38, variable CD56, CD58, CD64, CD123, HLA-DR, variable MPO",labreports,surface_antigens_immunohistochemical_stains,"labreports_surface_antigens_immunohistochemical_stains_CD11b, variable CD14, CD15, CD33, CD38, variable CD56, CD58, CD64, CD123, HLA-DR, variable MPO"
"CD13, CD33, CD34, CD38, CD58, CD117, HLA-DR, partial MPO",labreports,surface_antigens_immunohistochemical_stains,"labreports_surface_antigens_immunohistochemical_stains_CD13, CD33, CD34, CD38, CD58, CD117, HLA-DR, partial MPO"
"CD13, CD33, CD34, CD38, CD58, dim CD64, CD117, variable MPO",labreports,surface_antigens_immunohistochemical_stains,"labreports_surface_antigens_immunohistochemical_stains_CD13, CD33, CD34, CD38, CD58, dim CD64, CD117, variable MPO"
"partial CD11b, CD13, CD33, CD34, CD38, CD58, variable CD64, CD117, CD123, partial HLA-DR and bright MPO",labreports,surface_antigens_immunohistochemical_stains,"labreports_surface_antigens_immunohistochemical_stains_partial CD11b, CD13, CD33, CD34, CD38, CD58, variable CD64, CD117, CD123, partial HLA-DR and bright MPO"
"Monocytic blast immunophenotype (75%): CD11b, CD13, CD14, CD33, CD38, CD58, CD64, dim CD117, CD123, and dim HLA-DR+. | Myeloid blast immunophenotype (13%): dim CD13, CD33, CD38, CD58 dim CD117, dim CD123 and MPO+. | Monoclonal plasma cell population immunophenotype (approximately10% involvement): CD138 and kappa+.",labreports,surface_antigens_immunohistochemical_stains,"labreports_surface_antigens_immunohistochemical_stains_Monocytic blast immunophenotype (75%): CD11b, CD13, CD14, CD33, CD38, CD58, CD64, dim CD117, CD123, and dim HLA-DR+. | Myeloid blast immunophenotype (13%): dim CD13, CD33, CD38, CD58 dim CD117, dim CD123 and MPO+. | Monoclonal plasma cell population immunophenotype (approximately10% involvement): CD138 and kappa+."
"CD13, CD33, CD38, CD58, CD117, CD123, partial MPO+",labreports,surface_antigens_immunohistochemical_stains,"labreports_surface_antigens_immunohistochemical_stains_CD13, CD33, CD38, CD58, CD117, CD123, partial MPO+"
"CD13, CD33, CD34, variable CD38, CD117, CD123, HLA-DR, partial MPO",labreports,surface_antigens_immunohistochemical_stains,"labreports_surface_antigens_immunohistochemical_stains_CD13, CD33, CD34, variable CD38, CD117, CD123, HLA-DR, partial MPO"
"CD13, CD33, CD34, variable CD38, partial CD64, CD117, dim CD123, HLA-DR, partial TdT.",labreports,surface_antigens_immunohistochemical_stains,"labreports_surface_antigens_immunohistochemical_stains_CD13, CD33, CD34, variable CD38, partial CD64, CD117, dim CD123, HLA-DR, partial TdT."
"CD7, CD13, CD33, CD34, CD117, and HLA-DR positive",labreports,surface_antigens_immunohistochemical_stains,"labreports_surface_antigens_immunohistochemical_stains_CD7, CD13, CD33, CD34, CD117, and HLA-DR positive"
"partial CD7, CD13, CD33, CD34, CD38, CD56, CD117, HLA-DR, MPO",labreports,surface_antigens_immunohistochemical_stains,"labreports_surface_antigens_immunohistochemical_stains_partial CD7, CD13, CD33, CD34, CD38, CD56, CD117, HLA-DR, MPO"
"variable CD4, dim CD7, dim CD11b, CD13, variable CD14, variable CD15, CD33, variable CD34, CD38, dim CD56, partial CD64, CD117, HLA-DR, MPO positive.",labreports,surface_antigens_immunohistochemical_stains,"labreports_surface_antigens_immunohistochemical_stains_variable CD4, dim CD7, dim CD11b, CD13, variable CD14, variable CD15, CD33, variable CD34, CD38, dim CD56, partial CD64, CD117, HLA-DR, MPO positive."
"variable CD11b, CD33, CD38, CD117, MPO positive",labreports,surface_antigens_immunohistochemical_stains,"labreports_surface_antigens_immunohistochemical_stains_variable CD11b, CD33, CD38, CD117, MPO positive"
"dim CD13, CD33, CD38, CD117 and MPO+",labreports,surface_antigens_immunohistochemical_stains,"labreports_surface_antigens_immunohistochemical_stains_dim CD13, CD33, CD38, CD117 and MPO+"
"dim CD13, CD33, CD38, CD117, and MPO +",labreports,surface_antigens_immunohistochemical_stains,"labreports_surface_antigens_immunohistochemical_stains_dim CD13, CD33, CD38, CD117, and MPO +"
"dim CD4, dim CD11b, CD15, bright CD33, CD38, variable CD56, bright CD64, partial CD117, HLA-DR, MPO, and dim TdT+",labreports,surface_antigens_immunohistochemical_stains,"labreports_surface_antigens_immunohistochemical_stains_dim CD4, dim CD11b, CD15, bright CD33, CD38, variable CD56, bright CD64, partial CD117, HLA-DR, MPO, and dim TdT+"
"variable CD11b, CD13, CD33, dim CD123, partial HLA-DR, dim/partial MPO",labreports,surface_antigens_immunohistochemical_stains,"labreports_surface_antigens_immunohistochemical_stains_variable CD11b, CD13, CD33, dim CD123, partial HLA-DR, dim/partial MPO"
"Myeloid blasts: CD13, CD33, CD34, CD117, HLA-DR+ | Promonocytic/ monocytic population (56%): variable CD13, variable CD14, partial CD16, CD33, CD64, HLA-DR+",labreports,surface_antigens_immunohistochemical_stains,"labreports_surface_antigens_immunohistochemical_stains_Myeloid blasts: CD13, CD33, CD34, CD117, HLA-DR+ | Promonocytic/ monocytic population (56%): variable CD13, variable CD14, partial CD16, CD33, CD64, HLA-DR+"
"partial CD1a, CD13, variable CD14, CD33, CD34, CD38, dim CD117, HLA-DR and cMPO",labreports,surface_antigens_immunohistochemical_stains,"labreports_surface_antigens_immunohistochemical_stains_partial CD1a, CD13, variable CD14, CD33, CD34, CD38, dim CD117, HLA-DR and cMPO"
"MPO, CD33, CD43, CD45, and CD117 positive",labreports,surface_antigens_immunohistochemical_stains,"labreports_surface_antigens_immunohistochemical_stains_MPO, CD33, CD43, CD45, and CD117 positive"
"Myeloid blast immunophenotype: CD13, CD33, CD34, CD117, HLA-DR, MPO positive | Aberrant monocytoid population with variable CD14, CD15, and CD64 expression",labreports,surface_antigens_immunohistochemical_stains,"labreports_surface_antigens_immunohistochemical_stains_Myeloid blast immunophenotype: CD13, CD33, CD34, CD117, HLA-DR, MPO positive | Aberrant monocytoid population with variable CD14, CD15, and CD64 expression"
"Myeloid blasts: CD13, CD33, CD34, dimCD38, CD117, dim HLA-DR, and MPO. | Promonocytes/monocytes: dimCD4, CD11b, bright CD13, variable CD14, bright CD33, CD64, variable HLA-DR positive",labreports,surface_antigens_immunohistochemical_stains,"labreports_surface_antigens_immunohistochemical_stains_Myeloid blasts: CD13, CD33, CD34, dimCD38, CD117, dim HLA-DR, and MPO. | Promonocytes/monocytes: dimCD4, CD11b, bright CD13, variable CD14, bright CD33, CD64, variable HLA-DR positive"
"dimCD2, partial CD7, dimCD13, CD34, CD38, CD117, HLA-DR",labreports,surface_antigens_immunohistochemical_stains,"labreports_surface_antigens_immunohistochemical_stains_dimCD2, partial CD7, dimCD13, CD34, CD38, CD117, HLA-DR"
"dim CD7, partial CD11b, dim CD13, variable CD25, CD33, partial CD34, CD117, HLA-DR, and MPO positive",labreports,surface_antigens_immunohistochemical_stains,"labreports_surface_antigens_immunohistochemical_stains_dim CD7, partial CD11b, dim CD13, variable CD25, CD33, partial CD34, CD117, HLA-DR, and MPO positive"
"dim CD7, CD13, CD33, CD38, CD117 and HLA-DR+",labreports,surface_antigens_immunohistochemical_stains,"labreports_surface_antigens_immunohistochemical_stains_dim CD7, CD13, CD33, CD38, CD117 and HLA-DR+"
"partial CD7 and CD9, CD11b, dim CD13, CD14, CD15, CD33, CD38, partial CD56, CD64, HLA-DR+",labreports,surface_antigens_immunohistochemical_stains,"labreports_surface_antigens_immunohistochemical_stains_partial CD7 and CD9, CD11b, dim CD13, CD14, CD15, CD33, CD38, partial CD56, CD64, HLA-DR+"
"dim CD13, CD33, CD117 and MPO-positive",labreports,surface_antigens_immunohistochemical_stains,"labreports_surface_antigens_immunohistochemical_stains_dim CD13, CD33, CD117 and MPO-positive"
"Myeloid blasts: CD13, CD33, CD38, CD117, HLA-DR. | Blasts with monocytic features: CD11b, dim CD13, CD15, CD33, CD38, CD64, HLA-DR",labreports,surface_antigens_immunohistochemical_stains,"labreports_surface_antigens_immunohistochemical_stains_Myeloid blasts: CD13, CD33, CD38, CD117, HLA-DR. | Blasts with monocytic features: CD11b, dim CD13, CD15, CD33, CD38, CD64, HLA-DR"
"Myeloid blast population, about 25%: CD13, CD33, CD34, CD117, HLA-DR and MPO. | Atypical monocyte population, about 20%: dim CD4, partial CD9, bright CD11b, CD13, CD14, CD33, CD64, HLA-DR and MPO",labreports,surface_antigens_immunohistochemical_stains,"labreports_surface_antigens_immunohistochemical_stains_Myeloid blast population, about 25%: CD13, CD33, CD34, CD117, HLA-DR and MPO. | Atypical monocyte population, about 20%: dim CD4, partial CD9, bright CD11b, CD13, CD14, CD33, CD64, HLA-DR and MPO"
"dim CD4, CD9, CD11b, CD15, CD33, CD38, partial CD56, CD64, partial CD117, and partial HLA-DR+",labreports,surface_antigens_immunohistochemical_stains,"labreports_surface_antigens_immunohistochemical_stains_dim CD4, CD9, CD11b, CD15, CD33, CD38, partial CD56, CD64, partial CD117, and partial HLA-DR+"
"Monocytic population (about 80%) : dim CD4, dim CD9, CD11b, partial CD13, partial CD14, CD15, subset CD16, CD33, CD38, CD56, CD64, and HLA-DR. | Myeloid blasts phenotype (8%): CD33, CD56, CD117, HLA-DR, and MPO",labreports,surface_antigens_immunohistochemical_stains,"labreports_surface_antigens_immunohistochemical_stains_Monocytic population (about 80%) : dim CD4, dim CD9, CD11b, partial CD13, partial CD14, CD15, subset CD16, CD33, CD38, CD56, CD64, and HLA-DR. | Myeloid blasts phenotype (8%): CD33, CD56, CD117, HLA-DR, and MPO"
"partial CD7, CD13, CD33, CD34, dim CD38, CD56, CD117, HLA-DR, partial MPO, and dim TDT.",labreports,surface_antigens_immunohistochemical_stains,"labreports_surface_antigens_immunohistochemical_stains_partial CD7, CD13, CD33, CD34, dim CD38, CD56, CD117, HLA-DR, partial MPO, and dim TDT."
"CD13, CD33, CD117, and MPO",labreports,surface_antigens_immunohistochemical_stains,"labreports_surface_antigens_immunohistochemical_stains_CD13, CD33, CD117, and MPO"
"partial CD10, CD13, CD33, CD34, subset CD79a, CD117, HLA-DR, partial MPO, and TDT+",labreports,surface_antigens_immunohistochemical_stains,"labreports_surface_antigens_immunohistochemical_stains_partial CD10, CD13, CD33, CD34, subset CD79a, CD117, HLA-DR, partial MPO, and TDT+"
"partial CD10, CD34, CD13, CD117, and HLA-DR",labreports,surface_antigens_immunohistochemical_stains,"labreports_surface_antigens_immunohistochemical_stains_partial CD10, CD34, CD13, CD117, and HLA-DR"
"CD7, CD33, CD34, CD38, CD117, HLA-DR, and MPO positive",labreports,surface_antigens_immunohistochemical_stains,"labreports_surface_antigens_immunohistochemical_stains_CD7, CD33, CD34, CD38, CD117, HLA-DR, and MPO positive"
"dim CD4, CD7, partial CD9, CD13, CD25, CD33, partial CD34, CD38, CD117, CD123, HLA-DR and MPO-positive",labreports,surface_antigens_immunohistochemical_stains,"labreports_surface_antigens_immunohistochemical_stains_dim CD4, CD7, partial CD9, CD13, CD25, CD33, partial CD34, CD38, CD117, CD123, HLA-DR and MPO-positive"
"CD7, dim CD13, CD33, CD34, CD38, CD117, partial HLA-DR, and partial MPO",labreports,surface_antigens_immunohistochemical_stains,"labreports_surface_antigens_immunohistochemical_stains_CD7, dim CD13, CD33, CD34, CD38, CD117, partial HLA-DR, and partial MPO"
"partial CD11b, CD13, partial CD25, CD33, CD34, CD38, partial CD56, CD117 and HLA-DR positive",labreports,surface_antigens_immunohistochemical_stains,"labreports_surface_antigens_immunohistochemical_stains_partial CD11b, CD13, partial CD25, CD33, CD34, CD38, partial CD56, CD117 and HLA-DR positive"
"CD7, CD13, CD33, dim CD38, CD117, HLA-DR and variable MPO +",labreports,surface_antigens_immunohistochemical_stains,"labreports_surface_antigens_immunohistochemical_stains_CD7, CD13, CD33, dim CD38, CD117, HLA-DR and variable MPO +"
"CD13, CD33, variable CD34, CD117, and HLA-DR positive (CD7, dim CD15, and MPO expression was noted on the prior flow cytometric analysis and was not tested in the current assay)",labreports,surface_antigens_immunohistochemical_stains,"labreports_surface_antigens_immunohistochemical_stains_CD13, CD33, variable CD34, CD117, and HLA-DR positive (CD7, dim CD15, and MPO expression was noted on the prior flow cytometric analysis and was not tested in the current assay)"
"CD33, CD38, CD117, MPO positive",labreports,surface_antigens_immunohistochemical_stains,"labreports_surface_antigens_immunohistochemical_stains_CD33, CD38, CD117, MPO positive"
"dim CD9, CD11b, variable CD13, partial CD14, dim CD15, dim CD16, CD33, CD38, dim CD56, CD64, CD123, and HLA-DR",labreports,surface_antigens_immunohistochemical_stains,"labreports_surface_antigens_immunohistochemical_stains_dim CD9, CD11b, variable CD13, partial CD14, dim CD15, dim CD16, CD33, CD38, dim CD56, CD64, CD123, and HLA-DR"
"CD7, CD11b, CD13, CD15, CD16, CD33, CD38, CD56, CD64, CD117, CD123, and MPO positive",labreports,surface_antigens_immunohistochemical_stains,"labreports_surface_antigens_immunohistochemical_stains_CD7, CD11b, CD13, CD15, CD16, CD33, CD38, CD56, CD64, CD117, CD123, and MPO positive"
"dimCD7, dimCD11b, dimCD13, CD33, varibleCD34, CD38, CD117, partial HLA-DR, and MPO positive",labreports,surface_antigens_immunohistochemical_stains,"labreports_surface_antigens_immunohistochemical_stains_dimCD7, dimCD11b, dimCD13, CD33, varibleCD34, CD38, CD117, partial HLA-DR, and MPO positive"
"variable CD11b, CD13, CD33, CD34, variable CD38, dim variable cCD79a, CD117, HLA-DR, cMPO, and cTdT positive",labreports,surface_antigens_immunohistochemical_stains,"labreports_surface_antigens_immunohistochemical_stains_variable CD11b, CD13, CD33, CD34, variable CD38, dim variable cCD79a, CD117, HLA-DR, cMPO, and cTdT positive"
"dim CD13, CD33, CD117 and MPO",labreports,surface_antigens_immunohistochemical_stains,"labreports_surface_antigens_immunohistochemical_stains_dim CD13, CD33, CD117 and MPO"
"CD33, CD38, CD56, CD117, and cMPO positive",labreports,surface_antigens_immunohistochemical_stains,"labreports_surface_antigens_immunohistochemical_stains_CD33, CD38, CD56, CD117, and cMPO positive"
"CD7, CD13, CD25, CD33, partial CD34, CD117, dim CD123, HLA-DR, and MPO.",labreports,surface_antigens_immunohistochemical_stains,"labreports_surface_antigens_immunohistochemical_stains_CD7, CD13, CD25, CD33, partial CD34, CD117, dim CD123, HLA-DR, and MPO."
"CD43+ and dim CD45+ with dim CD13, dim CD33, dim CD38, partial CD11b, variable HLA-DR, and partial, dim CD117",labreports,surface_antigens_immunohistochemical_stains,"labreports_surface_antigens_immunohistochemical_stains_CD43+ and dim CD45+ with dim CD13, dim CD33, dim CD38, partial CD11b, variable HLA-DR, and partial, dim CD117"
"CD4, dim CD7, CD11b, CD13, variable CD14, CD16, dim CD33, dim CD 38, dim CD56, CD64.",labreports,surface_antigens_immunohistochemical_stains,"labreports_surface_antigens_immunohistochemical_stains_CD4, dim CD7, CD11b, CD13, variable CD14, CD16, dim CD33, dim CD 38, dim CD56, CD64."
"CD11b, CD13, CD33, variable CD34, CD38, CD117, CD123, and MPO positive",labreports,surface_antigens_immunohistochemical_stains,"labreports_surface_antigens_immunohistochemical_stains_CD11b, CD13, CD33, variable CD34, CD38, CD117, CD123, and MPO positive"
"CD13, dim/partial CD33, CD34, CD38, CD117, HLA-DR+",labreports,surface_antigens_immunohistochemical_stains,"labreports_surface_antigens_immunohistochemical_stains_CD13, dim/partial CD33, CD34, CD38, CD117, HLA-DR+"
"Myloid blast population, about 25%: variable CD13, CD33, partial CD34, CD38, CD117, CD123, HLA-DR and dim MPO | Monoblast population, about 50%: Dim CD9, bright CD11b, variable CD13, CD16, CD33, CD38, CD56, CD64, HLA-DR",labreports,surface_antigens_immunohistochemical_stains,"labreports_surface_antigens_immunohistochemical_stains_Myloid blast population, about 25%: variable CD13, CD33, partial CD34, CD38, CD117, CD123, HLA-DR and dim MPO | Monoblast population, about 50%: Dim CD9, bright CD11b, variable CD13, CD16, CD33, CD38, CD56, CD64, HLA-DR"
"CD13, CD33, CD34, CD38, CD117, HLA-DR, MPO (the monocytic cells show an aberrant immunophenotype: CD11b, CD13, variable CD14, variable CD15, CD33, CD64, HLA-DR positive)",labreports,surface_antigens_immunohistochemical_stains,"labreports_surface_antigens_immunohistochemical_stains_CD13, CD33, CD34, CD38, CD117, HLA-DR, MPO (the monocytic cells show an aberrant immunophenotype: CD11b, CD13, variable CD14, variable CD15, CD33, CD64, HLA-DR positive)"
"cCD3, CD7, CD11b, dim CD13, CD33, CD34, CD56, C117, MPO",labreports,surface_antigens_immunohistochemical_stains,"labreports_surface_antigens_immunohistochemical_stains_cCD3, CD7, CD11b, dim CD13, CD33, CD34, CD56, C117, MPO"
"Myeloid blasts immunophenotype: CD7, partial CD13, CD33, partial CD34, CD117, HLA-DR and MPO | Monoblasts immunophenotype: dim CD4, CD11b, partial CD13, CD14, CD15, bright CD33, CD64, HLA-DR",labreports,surface_antigens_immunohistochemical_stains,"labreports_surface_antigens_immunohistochemical_stains_Myeloid blasts immunophenotype: CD7, partial CD13, CD33, partial CD34, CD117, HLA-DR and MPO | Monoblasts immunophenotype: dim CD4, CD11b, partial CD13, CD14, CD15, bright CD33, CD64, HLA-DR"
"Partial immunophenotype: CD33, cCD79a, CD117, HLA-DR, and cMPO",labreports,surface_antigens_immunohistochemical_stains,"labreports_surface_antigens_immunohistochemical_stains_Partial immunophenotype: CD33, cCD79a, CD117, HLA-DR, and cMPO"
"partial, dim CD4, CD13, CD33, dim CD34, dim CD56, partial CD64, CD117 and variable HLA-DR",labreports,surface_antigens_immunohistochemical_stains,"labreports_surface_antigens_immunohistochemical_stains_partial, dim CD4, CD13, CD33, dim CD34, dim CD56, partial CD64, CD117 and variable HLA-DR"
"variable CD5, CD7, CD11b (partial), CD13, CD33 (dim), CD34, CD38 (dim), CD117, and HLA-DR",labreports,surface_antigens_immunohistochemical_stains,"labreports_surface_antigens_immunohistochemical_stains_variable CD5, CD7, CD11b (partial), CD13, CD33 (dim), CD34, CD38 (dim), CD117, and HLA-DR"
"CD7, CD11b, CD13, CD33, CD34, CD38, CD117, HLA-DR, partial TdT and MPO+",labreports,surface_antigens_immunohistochemical_stains,"labreports_surface_antigens_immunohistochemical_stains_CD7, CD11b, CD13, CD33, CD34, CD38, CD117, HLA-DR, partial TdT and MPO+"
"CD7, CD13, bright CD33, partial CD34, CD38, CD117, dim HLA-DR+, dim MPO",labreports,surface_antigens_immunohistochemical_stains,"labreports_surface_antigens_immunohistochemical_stains_CD7, CD13, bright CD33, partial CD34, CD38, CD117, dim HLA-DR+, dim MPO"
"CD7, CD11b, CD33, CD38, partial CD117 positive",labreports,surface_antigens_immunohistochemical_stains,"labreports_surface_antigens_immunohistochemical_stains_CD7, CD11b, CD33, CD38, partial CD117 positive"
"CD13, CD33, CD34, CD117, and HLA-DR|CD5, CD19, kappa positive(Small (1%) monoclonal B-cell population)",labreports,surface_antigens_immunohistochemical_stains,"labreports_surface_antigens_immunohistochemical_stains_CD13, CD33, CD34, CD117, and HLA-DR|CD5, CD19, kappa positive(Small (1%) monoclonal B-cell population)"
"CD13, CD33, CD117, and HLA-DR",labreports,surface_antigens_immunohistochemical_stains,"labreports_surface_antigens_immunohistochemical_stains_CD13, CD33, CD117, and HLA-DR"
